timestamp,TimeUS,I,Status,GMS,GWk,NSats,HDop,Lat,Lng,Alt,Spd,GCrs,VZ,Yaw,U
1770586318.20000005,84244622,0,6,77536200,2405,10,1.21,-35.3632622,149.1652374,584.09,0.0,228.36672973632812,0.0,0.0,1
1770586318.39991999,84444542,0,6,77536400,2405,10,1.21,-35.3632622,149.1652374,584.09,0.0,228.36672973632812,0.0,0.0,1
1770586318.59984016,84644462,0,6,77536600,2405,10,1.21,-35.3632622,149.1652374,584.09,0.0,228.36672973632812,0.0,0.0,1
1770586318.79976010,84844382,0,6,77536800,2405,10,1.21,-35.3632622,149.1652374,584.09,0.0,228.36672973632812,0.0,0.0,1
1770586319.00051308,85045135,0,6,77537000,2405,10,1.21,-35.3632622,149.1652374,584.09,0.0,228.36672973632812,0.0,0.0,1
1770586319.18044114,85225063,0,6,77537200,2405,10,1.21,-35.3632622,149.1652374,584.09,0.0,228.36672973632812,0.0,0.0,1
1770586319.38036108,85424983,0,6,77537400,2405,10,1.21,-35.3632622,149.1652374,584.09,0.0,228.36672973632812,0.0,0.0,1
1770586319.58028102,85624903,0,6,77537600,2405,10,1.21,-35.3632622,149.1652374,584.09,0.0,228.36672973632812,0.0,0.0,1
1770586319.80019307,85844815,0,6,77537800,2405,10,1.21,-35.3632622,149.1652374,584.09,0.0,228.36672973632812,0.0,0.0,1
1770586320.00011301,86044735,0,6,77538000,2405,10,1.21,-35.3632622,149.1652374,584.09,0.0,228.36672973632812,0.0,0.0,1
1770586320.20003295,86244655,0,6,77538200,2405,10,1.21,-35.3632622,149.1652374,584.09,0.0,228.36672973632812,0.0,0.0,1
1770586320.39995313,86444575,0,6,77538400,2405,10,1.21,-35.3632622,149.1652374,584.09,0.0,228.36672973632812,0.0,0.0,1
1770586320.59987307,86644495,0,6,77538600,2405,10,1.21,-35.3632622,149.1652374,584.09,0.0,228.36672973632812,0.0,0.0,1
1770586320.79979300,86844415,0,6,77538800,2405,10,1.21,-35.3632622,149.1652374,584.09,0.0,228.36672973632812,0.0,0.0,1
1770586320.99971294,87044335,0,6,77539000,2405,10,1.21,-35.3632622,149.1652374,584.09,0.0,228.36672973632812,0.0,0.0,1
1770586321.18047404,87225096,0,6,77539200,2405,10,1.21,-35.3632622,149.1652374,584.09,0.0,228.36672973632812,0.0,0.0,1
1770586321.38039398,87425016,0,6,77539400,2405,10,1.21,-35.3632622,149.1652374,584.09,0.0,228.36672973632812,0.0,0.0,1
1770586321.58031416,87624936,0,6,77539600,2405,10,1.21,-35.3632622,149.1652374,584.09,0.0,228.36672973632812,0.0,0.0,1
1770586321.78023410,87824856,0,6,77539800,2405,10,1.21,-35.3632622,149.1652374,584.09,0.0,228.36672973632812,0.0,0.0,1
1770586322.00014615,88044768,0,6,77540000,2405,10,1.21,-35.3632622,149.1652374,584.09,0.0,228.36672973632812,0.0,0.0,1
1770586322.20006609,88244688,0,6,77540200,2405,10,1.21,-35.3632622,149.1652374,584.09,0.0,228.36672973632812,0.0,0.0,1
1770586322.39998603,88444608,0,6,77540400,2405,10,1.21,-35.3632622,149.1652374,584.09,0.0,228.36672973632812,0.0,0.0,1
1770586322.59990597,88644528,0,6,77540600,2405,10,1.21,-35.3632622,149.1652374,584.09,0.0,228.36672973632812,0.0,0.0,1
1770586322.79982615,88844448,0,6,77540800,2405,10,1.21,-35.3632622,149.1652374,584.09,0.0,228.36672973632812,0.0,0.0,1
1770586322.99974608,89044368,0,6,77541000,2405,10,1.21,-35.3632622,149.1652374,584.09,0.0,228.36672973632812,0.0,0.0,1
1770586323.18050694,89225129,0,6,77541200,2405,10,1.21,-35.3632622,149.1652374,584.09,0.0,228.36672973632812,0.0,0.0,1
1770586323.38042712,89425049,0,6,77541400,2405,10,1.21,-35.3632622,149.1652374,584.09,0.0,228.36672973632812,0.0,0.0,1
1770586323.58034706,89624969,0,6,77541600,2405,10,1.21,-35.3632622,149.1652374,584.09,0.0,228.36672973632812,0.0,0.0,1
1770586323.78026700,89824889,0,6,77541800,2405,10,1.21,-35.3632622,149.1652374,584.09,0.0,228.36672973632812,0.0,0.0,1
1770586324.00017905,90044801,0,6,77542000,2405,10,1.21,-35.3632622,149.1652374,584.09,0.0,228.36672973632812,0.0,0.0,1
1770586324.20009899,90244721,0,6,77542200,2405,10,1.21,-35.3632622,149.1652374,584.09,0.0,228.36672973632812,0.0,0.0,1
1770586324.40001917,90444641,0,6,77542400,2405,10,1.21,-35.3632622,149.1652374,584.09,0.0,228.36672973632812,0.0,0.0,1
1770586324.59993911,90644561,0,6,77542600,2405,10,1.21,-35.3632622,149.1652374,584.09,0.0,228.36672973632812,0.0,0.0,1
1770586324.79985905,90844481,0,6,77542800,2405,10,1.21,-35.3632622,149.1652374,584.09,0.0,228.36672973632812,0.0,0.0,1
1770586324.99977899,91044401,0,6,77543000,2405,10,1.21,-35.3632622,149.1652374,584.09,0.0,228.36672973632812,0.0,0.0,1
1770586325.19969916,91244321,0,6,77543200,2405,10,1.21,-35.3632622,149.1652374,584.09,0.0,228.36672973632812,0.0,0.0,1
1770586325.38046002,91425082,0,6,77543400,2405,10,1.21,-35.3632622,149.1652374,584.09,0.0,228.36672973632812,0.0,0.0,1
1770586325.58037996,91625002,0,6,77543600,2405,10,1.21,-35.3632622,149.1652374,584.09,0.0,228.36672973632812,0.0,0.0,1
1770586325.78030014,91824922,0,6,77543800,2405,10,1.21,-35.3632622,149.1652374,584.09,0.0,228.36672973632812,0.0,0.0,1
1770586325.98022008,92024842,0,6,77544000,2405,10,1.21,-35.3632622,149.1652374,584.09,0.0,228.36672973632812,0.0,0.0,1
1770586326.20013213,92244754,0,6,77544200,2405,10,1.21,-35.3632622,149.1652374,584.09,0.0,228.36672973632812,0.0,0.0,1
1770586326.40005207,92444674,0,6,77544400,2405,10,1.21,-35.3632622,149.1652374,584.09,0.0,228.36672973632812,0.0,0.0,1
1770586326.59997201,92644594,0,6,77544600,2405,10,1.21,-35.3632622,149.1652374,584.09,0.0,228.36672973632812,0.0,0.0,1
1770586326.79989195,92844514,0,6,77544800,2405,10,1.21,-35.3632622,149.1652374,584.09,0.0,228.36672973632812,0.0,0.0,1
1770586326.99981213,93044434,0,6,77545000,2405,10,1.21,-35.3632622,149.1652374,584.09,0.0,228.36672973632812,0.0,0.0,1
1770586327.19973207,93244354,0,6,77545200,2405,10,1.21,-35.3632622,149.1652374,584.09,0.0,228.36672973632812,0.0,0.0,1
1770586327.38049316,93425115,0,6,77545400,2405,10,1.21,-35.3632622,149.1652374,584.09,0.0,228.36672973632812,0.0,0.0,1
1770586327.58041310,93625035,0,6,77545600,2405,10,1.21,-35.3632622,149.1652374,584.09,0.0,228.36672973632812,0.0,0.0,1
1770586327.78033304,93824955,0,6,77545800,2405,10,1.21,-35.3632622,149.1652374,584.09,0.0,228.36672973632812,0.0,0.0,1
1770586327.98025298,94024875,0,6,77546000,2405,10,1.21,-35.3632622,149.1652374,584.09,0.0,228.36672973632812,0.0,0.0,1
1770586328.20016503,94244787,0,6,77546200,2405,10,1.21,-35.3632622,149.1652374,584.09,0.0,228.36672973632812,0.0,0.0,1
1770586328.40008497,94444707,0,6,77546400,2405,10,1.21,-35.3632622,149.1652374,584.09,0.0,228.36672973632812,0.0,0.0,1
1770586328.60000515,94644627,0,6,77546600,2405,10,1.21,-35.3632622,149.1652374,584.09,0.0,228.36672973632812,0.0,0.0,1
1770586328.79992509,94844547,0,6,77546800,2405,10,1.21,-35.3632622,149.1652374,584.09,0.0,228.36672973632812,0.0,0.0,1
1770586328.99984503,95044467,0,6,77547000,2405,10,1.21,-35.3632622,149.1652374,584.09,0.0,228.36672973632812,0.0,0.0,1
1770586329.19976497,95244387,0,6,77547200,2405,10,1.21,-35.3632622,149.1652374,584.09,0.0,228.36672973632812,0.0,0.0,1
1770586329.40051794,95445140,0,6,77547400,2405,10,1.21,-35.3632622,149.1652374,584.09,0.0,228.36672973632812,0.0,0.0,1
1770586329.58044600,95625068,0,6,77547600,2405,10,1.21,-35.3632622,149.1652374,584.09,0.0,228.36672973632812,0.0,0.0,1
1770586329.78036594,95824988,0,6,77547800,2405,10,1.21,-35.3632622,149.1652374,584.09,0.0,228.36672973632812,0.0,0.0,1
1770586329.98028612,96024908,0,6,77548000,2405,10,1.21,-35.3632622,149.1652374,584.09,0.0,228.36672973632812,0.0,0.0,1
1770586330.20019817,96244820,0,6,77548200,2405,10,1.21,-35.3632622,149.1652374,584.09,0.0,228.36672973632812,0.0,0.0,1
1770586330.40011811,96444740,0,6,77548400,2405,10,1.21,-35.3632622,149.1652374,584.09,0.0,228.36672973632812,0.0,0.0,1
1770586330.60003805,96644660,0,6,77548600,2405,10,1.21,-35.3632622,149.1652374,584.09,0.0,228.36672973632812,0.0,0.0,1
1770586330.79995799,96844580,0,6,77548800,2405,10,1.21,-35.3632622,149.1652374,584.09,0.0,228.36672973632812,0.0,0.0,1
1770586330.99987817,97044500,0,6,77549000,2405,10,1.21,-35.3632622,149.1652374,584.09,0.0,228.36672973632812,0.0,0.0,1
1770586331.19979811,97244420,0,6,77549200,2405,10,1.21,-35.3632622,149.1652374,584.09,0.0,228.36672973632812,0.0,0.0,1
1770586331.39971805,97444340,0,6,77549400,2405,10,1.21,-35.3632622,149.1652374,584.09,0.0,228.36672973632812,0.0,0.0,1
1770586331.58047915,97625101,0,6,77549600,2405,10,1.21,-35.3632622,149.1652374,584.09,0.0,228.36672973632812,0.0,0.0,1
1770586331.78039908,97825021,0,6,77549800,2405,10,1.21,-35.3632622,149.1652374,584.09,0.0,228.36672973632812,0.0,0.0,1
1770586331.98031902,98024941,0,6,77550000,2405,10,1.21,-35.3632622,149.1652374,584.09,0.0,228.36672973632812,0.0,0.0,1
1770586332.18023896,98224861,0,6,77550200,2405,10,1.21,-35.3632622,149.1652374,584.09,0.0,228.36672973632812,0.0,0.0,1
1770586332.40015101,98444773,0,6,77550400,2405,10,1.21,-35.3632622,149.1652374,584.09,0.0,228.36672973632812,0.0,0.0,1
1770586332.60007095,98644693,0,6,77550600,2405,10,1.21,-35.3632622,149.1652374,584.09,0.0,228.36672973632812,0.0,0.0,1
1770586332.79999113,98844613,0,6,77550800,2405,10,1.21,-35.3632622,149.1652374,584.09,0.0,228.36672973632812,0.0,0.0,1
1770586332.99991107,99044533,0,6,77551000,2405,10,1.21,-35.3632622,149.1652374,584.09,0.0,228.36672973632812,0.0,0.0,1
1770586333.19983101,99244453,0,6,77551200,2405,10,1.21,-35.3632622,149.1652374,584.09,0.0,228.36672973632812,0.0,0.0,1
1770586333.39975095,99444373,0,6,77551400,2405,10,1.21,-35.3632622,149.1652374,584.09,0.0,228.36672973632812,0.0,0.0,1
1770586333.58051205,99625134,0,6,77551600,2405,10,1.21,-35.3632622,149.1652374,584.09,0.0,228.36672973632812,0.0,0.0,1
1770586333.78043199,99825054,0,6,77551800,2405,10,1.21,-35.3632622,149.1652374,584.09,0.0,228.36672973632812,0.0,0.0,1
1770586333.98035216,100024974,0,6,77552000,2405,10,1.21,-35.3632622,149.1652374,584.09,0.0,228.36672973632812,0.0,0.0,1
1770586334.18027210,100224894,0,6,77552200,2405,10,1.21,-35.3632622,149.1652374,584.09,0.0,228.36672973632812,0.0,0.0,1
1770586334.40018415,100444806,0,6,77552400,2405,10,1.21,-35.3632622,149.1652374,584.09,0.0,228.36672973632812,0.0,0.0,1
1770586334.60010409,100644726,0,6,77552600,2405,10,1.21,-35.3632622,149.1652374,584.09,0.0,228.36672973632812,0.0,0.0,1
1770586334.80002403,100844646,0,6,77552800,2405,10,1.21,-35.3632622,149.1652374,584.09,0.0,228.36672973632812,0.0,0.0,1
1770586334.99994397,101044566,0,6,77553000,2405,10,1.21,-35.3632622,149.1652374,584.09,0.0,228.36672973632812,0.0,0.0,1
1770586335.19986415,101244486,0,6,77553200,2405,10,1.21,-35.3632622,149.1652374,584.09,0.0,228.36672973632812,0.0,0.0,1
1770586335.39978409,101444406,0,6,77553400,2405,10,1.21,-35.3632622,149.1652374,584.09,0.0,228.36672973632812,0.0,0.0,1
1770586335.59970403,101644326,0,6,77553600,2405,10,1.21,-35.3632622,149.1652374,584.09,0.0,228.36672973632812,0.0,0.0,1
1770586335.78046513,101825087,0,6,77553800,2405,10,1.21,-35.3632622,149.1652374,584.09,0.0,228.36672973632812,0.0,0.0,1
1770586335.98038507,102025007,0,6,77554000,2405,10,1.21,-35.3632622,149.1652374,584.09,0.0,228.36672973632812,0.0,0.0,1
1770586336.18030500,102224927,0,6,77554200,2405,10,1.21,-35.3632622,149.1652374,584.09,0.0,228.36672973632812,0.0,0.0,1
1770586336.38022494,102424847,0,6,77554400,2405,10,1.21,-35.3632622,149.1652374,584.09,0.0,228.36672973632812,0.0,0.0,1
1770586336.60013700,102644759,0,6,77554600,2405,10,1.21,-35.3632622,149.1652374,584.09,0.0,228.36672973632812,0.0,0.0,1
1770586336.80005717,102844679,0,6,77554800,2405,10,1.21,-35.3632622,149.1652374,584.09,0.0,228.36672973632812,0.0,0.0,1
1770586336.99997711,103044599,0,6,77555000,2405,10,1.21,-35.3632622,149.1652374,584.09,0.0,228.36672973632812,0.0,0.0,1
1770586337.19989705,103244519,0,6,77555200,2405,10,1.21,-35.3632622,149.1652374,584.09,0.0,228.36672973632812,0.0,0.0,1
1770586337.39981699,103444439,0,6,77555400,2405,10,1.21,-35.3632622,149.1652374,584.09,0.0,228.36672973632812,0.0,0.0,1
1770586337.59973717,103644359,0,6,77555600,2405,10,1.21,-35.3632622,149.1652374,584.09,0.0,228.36672973632812,0.0,0.0,1
1770586337.78049803,103825120,0,6,77555800,2405,10,1.21,-35.3632622,149.1652374,584.09,0.0,228.36672973632812,0.0,0.0,1
1770586337.98041797,104025040,0,6,77556000,2405,10,1.21,-35.3632622,149.1652374,584.09,0.0,228.36672973632812,0.0,0.0,1
1770586338.18033814,104224960,0,6,77556200,2405,10,1.21,-35.3632622,149.1652374,584.09,0.0,228.36672973632812,0.0,0.0,1
1770586338.38025808,104424880,0,6,77556400,2405,10,1.21,-35.3632622,149.1652374,584.09,0.0,228.36672973632812,0.0,0.0,1
1770586338.60017014,104644792,0,6,77556600,2405,10,1.21,-35.3632622,149.1652374,584.09,0.0,228.36672973632812,0.0,0.0,1
1770586338.80009007,104844712,0,6,77556800,2405,10,1.21,-35.3632622,149.1652374,584.09,0.0,228.36672973632812,0.0,0.0,1
1770586339.00001001,105044632,0,6,77557000,2405,10,1.21,-35.3632622,149.1652374,584.09,0.0,228.36672973632812,0.0,0.0,1
1770586339.19992995,105244552,0,6,77557200,2405,10,1.21,-35.3632622,149.1652374,584.09,0.0,228.36672973632812,0.0,0.0,1
1770586339.39985013,105444472,0,6,77557400,2405,10,1.21,-35.3632622,149.1652374,584.09,0.0,228.36672973632812,0.0,0.0,0
1770586339.59977007,105644392,0,6,77557600,2405,10,1.21,-35.3632622,149.1652374,584.09,0.0,228.36672973632812,0.0,0.0,0
1770586339.79969001,105844312,0,6,77557800,2405,10,1.21,-35.3632622,149.1652374,584.09,0.0,228.36672973632812,0.0,0.0,0
1770586339.98045111,106025073,0,6,77558000,2405,10,1.21,-35.3632622,149.1652374,584.09,0.0,228.36672973632812,0.0,0.0,0
1770586340.18037105,106224993,0,6,77558200,2405,10,1.21,-35.3632622,149.1652374,584.09,0.0,228.36672973632812,0.0,0.0,0
1770586340.36029911,106404921,1,3,77542222,2405,12,1.0,-35.3632622,149.1652374,584.09,0.0,0.0,0.0,0.0,1
1770586340.38029099,106424913,0,6,77558400,2405,10,1.21,-35.3632622,149.1652374,584.09,0.0,228.36672973632812,0.0,0.0,0
1770586340.58021116,106624833,0,6,77558600,2405,10,1.21,-35.3632622,149.1652374,584.09,0.0,228.36672973632812,0.0,0.0,0
1770586340.80012298,106844745,0,6,77558800,2405,10,1.21,-35.3632622,149.1652374,584.09,0.0,228.36672973632812,0.0,0.0,0
1770586341.00004315,107044665,0,6,77559000,2405,10,1.21,-35.3632622,149.1652374,584.09,0.0,228.36672973632812,0.0,0.0,0
1770586341.19996309,107244585,0,6,77559200,2405,10,1.21,-35.3632622,149.1652374,584.09,0.0,228.36672973632812,0.0,0.0,0
1770586341.35989904,107404521,1,3,77543227,2405,12,1.0,-35.3632622,149.1652374,584.09,0.0,0.0,0.0,0.0,1
1770586341.39988303,107444505,0,6,77559400,2405,10,1.21,-35.3632622,149.1652374,584.09,0.0,228.36672973632812,0.0,0.0,0
1770586341.59980297,107644425,0,6,77559600,2405,10,1.21,-35.3632622,149.1652374,584.09,0.0,228.36672973632812,0.0,0.0,0
1770586341.79972315,107844345,0,6,77559800,2405,10,1.21,-35.3632622,149.1652374,584.09,0.0,228.36672973632812,0.0,0.0,0
1770586341.98048401,108025106,0,6,77560000,2405,10,1.21,-35.3632622,149.1652374,584.09,0.0,228.36672973632812,0.0,0.0,0
1770586342.18040395,108225026,0,6,77560200,2405,10,1.21,-35.3632622,149.1652374,584.09,0.0,228.36672973632812,0.0,0.0,0
1770586342.36033201,108404954,1,3,77544233,2405,12,1.0,-35.3632622,149.1652374,584.09,0.0,0.0,0.0,0.0,1
1770586342.38032413,108424946,0,6,77560400,2405,10,1.21,-35.3632622,149.1652374,584.09,0.0,228.36672973632812,0.0,0.0,0
1770586342.58024406,108624866,0,6,77560600,2405,10,1.21,-35.3632622,149.1652374,584.09,0.0,228.36672973632812,0.0,0.0,0
1770586342.80015612,108844778,0,6,77560800,2405,10,1.21,-35.3632622,149.1652374,584.09,0.0,228.36672973632812,0.0,0.0,0
1770586343.00007606,109044698,0,6,77561000,2405,10,1.21,-35.3632622,149.1652374,584.09,0.0,228.36672973632812,0.0,0.0,0
1770586343.19999599,109244618,0,6,77561200,2405,10,1.21,-35.3632622,149.1652374,584.09,0.0,228.36672973632812,0.0,0.0,0
1770586343.35993195,109404554,1,3,77545238,2405,12,1.0,-35.3632622,149.1652374,584.09,0.0,0.0,0.0,0.0,1
1770586343.39991617,109444538,0,6,77561400,2405,10,1.21,-35.3632622,149.1652374,584.09,0.0,228.36672973632812,0.0,0.0,0
1770586343.59983611,109644458,0,6,77561600,2405,10,1.21,-35.3632622,149.1652374,584.09,0.0,228.36672973632812,0.0,0.0,0
1770586343.79975605,109844378,0,6,77561800,2405,10,1.21,-35.3632622,149.1652374,584.09,0.0,228.36672973632812,0.0,0.0,0
1770586343.98051715,110025139,0,6,77562000,2405,10,1.21,-35.3632622,149.1652374,584.09,0.0,228.36672973632812,0.0,0.0,0
1770586344.18043709,110225059,0,6,77562200,2405,10,1.21,-35.3632622,149.1652374,584.09,0.0,228.36672973632812,0.0,0.0,0
1770586344.36036515,110404987,1,3,77546238,2405,12,1.0,-35.3632622,149.1652374,584.09,0.0,0.0,0.0,0.0,1
1770586344.38035703,110424979,0,6,77562400,2405,10,1.21,-35.3632622,149.1652374,584.09,0.0,228.36672973632812,0.0,0.0,0
1770586344.58027697,110624899,0,6,77562600,2405,10,1.21,-35.3632622,149.1652374,584.09,0.0,228.36672973632812,0.0,0.0,0
1770586344.80018902,110844811,0,6,77562800,2405,10,1.21,-35.3632622,149.1652374,584.09,0.0,228.36672973632812,0.0,0.0,0
1770586345.00010896,111044731,0,6,77563000,2405,10,1.21,-35.3632622,149.1652374,584.09,0.0,228.36672973632812,0.0,0.0,0
1770586345.20002913,111244651,0,6,77563200,2405,10,1.21,-35.3632622,149.1652374,584.09,0.0,228.36672973632812,0.0,0.0,0
1770586345.35996509,111404587,1,3,77547243,2405,12,1.0,-35.3632621,149.1652374,584.09,0.0,0.0,0.0,0.0,1
1770586345.39994907,111444571,0,6,77563400,2405,10,1.21,-35.3632622,149.1652374,584.09,0.0,228.36672973632812,0.0,0.0,0
1770586345.59986901,111644491,0,6,77563600,2405,10,1.21,-35.3632622,149.1652374,584.09,0.0,228.36672973632812,0.0,0.0,0
1770586345.79978895,111844411,0,6,77563800,2405,10,1.21,-35.3632622,149.1652374,584.09,0.0,228.36672973632812,0.0,0.0,0
1770586345.99970913,112044331,0,6,77564000,2405,10,1.21,-35.3632622,149.1652374,584.09,0.0,228.36672973632812,0.0,0.0,0
1770586346.18046999,112225092,0,6,77564200,2405,10,1.21,-35.3632622,149.1652374,584.09,0.0,228.36672973632812,0.0,0.0,0
1770586346.38039017,112425012,0,6,77564400,2405,10,1.21,-35.3632622,149.1652374,584.09,0.0,228.36672973632812,0.0,0.0,0
1770586346.38039017,112425012,1,3,77548249,2405,12,1.0,-35.3632575,149.1652374,584.09,0.0,0.0,0.0,0.0,1
1770586346.58031011,112624932,0,6,77564600,2405,10,1.21,-35.3632622,149.1652374,584.09,0.0,228.36672973632812,0.0,0.0,0
1770586346.78023005,112824852,0,6,77564800,2405,10,1.21,-35.3632622,149.1652374,584.09,0.0,228.36672973632812,0.0,0.0,0
1770586347.00014210,113044764,0,6,77565000,2405,10,1.21,-35.3632622,149.1652374,584.09,0.0,228.36672973632812,0.0,0.0,0
1770586347.20006204,113244684,0,6,77565200,2405,10,1.21,-35.3632622,149.1652374,584.09,0.0,228.36672973632812,0.0,0.0,0
1770586347.37999010,113424612,1,3,77549255,2405,12,1.0,-35.363253,149.1652374,584.09,0.0,0.0,0.0,0.0,1
1770586347.39998198,113444604,0,6,77565400,2405,10,1.21,-35.3632622,149.1652374,584.09,0.0,228.36672973632812,0.0,0.0,0
1770586347.59990215,113644524,0,6,77565600,2405,10,1.21,-35.3632622,149.1652374,584.09,0.0,228.36672973632812,0.0,0.0,0
1770586347.79982209,113844444,0,6,77565800,2405,10,1.21,-35.3632622,149.1652374,584.09,0.0,228.36672973632812,0.0,0.0,0
1770586347.99974203,114044364,0,6,77566000,2405,10,1.21,-35.3632622,149.1652374,584.09,0.0,228.36672973632812,0.0,0.0,0
1770586348.18050313,114225125,0,6,77566200,2405,10,1.21,-35.3632622,149.1652374,584.09,0.0,228.36672973632812,0.0,0.0,0
1770586348.38042307,114425045,0,6,77566400,2405,10,1.21,-35.3632622,149.1652374,584.09,0.0,228.36672973632812,0.0,0.0,0
1770586348.38042307,114425045,1,3,77550258,2405,12,1.0,-35.3632485,149.1652374,584.09,0.0,0.0,0.0,0.0,1
1770586348.58034301,114624965,0,6,77566600,2405,10,1.21,-35.3632622,149.1652374,584.09,0.0,228.36672973632812,0.0,0.0,0
1770586348.78026295,114824885,0,6,77566800,2405,10,1.21,-35.3632622,149.1652374,584.09,0.0,228.36672973632812,0.0,0.0,0
1770586349.00017500,115044797,0,6,77567000,2405,10,1.21,-35.3632622,149.1652374,584.09,0.0,228.36672973632812,0.0,0.0,0
1770586349.20009494,115244717,0,6,77567200,2405,10,1.21,-35.3632622,149.1652374,584.09,0.0,228.36672973632812,0.0,0.0,0
1770586349.38002300,115424645,1,3,77551261,2405,12,1.0,-35.363244,149.1652374,584.09,0.0,0.0,0.0,0.0,1
1770586349.40001512,115444637,0,6,77567400,2405,10,1.21,-35.3632622,149.1652374,584.09,0.0,228.36672973632812,0.0,0.0,0
1770586349.59993505,115644557,0,6,77567600,2405,10,1.21,-35.3632622,149.1652374,584.09,0.0,228.36672973632812,0.0,0.0,0
1770586349.79985499,115844477,0,6,77567800,2405,10,1.21,-35.3632622,149.1652374,584.09,0.0,228.36672973632812,0.0,0.0,0
1770586349.99977517,116044397,0,6,77568000,2405,10,1.21,-35.3632622,149.1652374,584.09,0.0,228.36672973632812,0.0,0.0,0
1770586350.19969511,116244317,0,6,77568200,2405,10,1.21,-35.3632622,149.1652374,584.09,0.0,228.36672973632812,0.0,0.0,0
1770586350.38045597,116425078,0,6,77568400,2405,10,1.21,-35.3632622,149.1652374,584.09,0.0,228.36672973632812,0.0,0.0,0
1770586350.40044808,116445070,1,3,77552265,2405,12,1.0,-35.3632395,149.1652374,584.09,0.0,0.0,0.0,0.0,1
1770586350.58037615,116624998,0,6,77568600,2405,10,1.21,-35.3632622,149.1652374,584.09,0.0,228.36672973632812,0.0,0.0,0
1770586350.78029609,116824918,0,6,77568800,2405,10,1.21,-35.3632622,149.1652374,584.09,0.0,228.36672973632812,0.0,0.0,0
1770586350.98021603,117024838,0,6,77569000,2405,10,1.21,-35.3632622,149.1652374,584.09,0.0,228.36672973632812,0.0,0.0,0
1770586351.20012808,117244750,0,6,77569200,2405,10,1.21,-35.3632622,149.1652374,584.09,0.0,228.36672973632812,0.0,0.0,0
1770586351.40004802,117444670,0,6,77569400,2405,10,1.21,-35.3632622,149.1652374,584.09,0.0,228.36672973632812,0.0,0.0,0
1770586351.40004802,117444670,1,3,77553270,2405,12,1.0,-35.363235,149.1652374,584.09,0.0,0.0,0.0,0.0,1
1770586351.59996796,117644590,0,6,77569600,2405,10,1.21,-35.3632622,149.1652374,584.09,0.0,228.36672973632812,0.0,0.0,0
1770586351.79988813,117844510,0,6,77569800,2405,10,1.21,-35.3632622,149.1652374,584.09,0.0,228.36672973632812,0.0,0.0,0
1770586351.99980807,118044430,0,6,77570000,2405,10,1.21,-35.3632622,149.1652374,584.09,0.0,228.36672973632812,0.0,0.0,0
1770586352.19972801,118244350,0,6,77570200,2405,10,1.21,-35.3632622,149.1652374,584.09,0.0,228.36672973632812,0.0,0.0,0
1770586352.38048911,118425111,0,6,77570400,2405,10,1.21,-35.3632622,149.1652374,584.09,0.0,228.36672973632812,0.0,0.0,0
1770586352.40048099,118445103,1,3,77554274,2405,12,1.0,-35.3632305,149.1652374,584.09,0.0,0.0,0.0,0.0,1
1770586352.58040905,118625031,0,6,77570600,2405,10,1.21,-35.3632622,149.1652374,584.09,0.0,228.36672973632812,0.0,0.0,0
1770586352.78032899,118824951,0,6,77570800,2405,10,1.21,-35.3632622,149.1652374,584.09,0.0,228.36672973632812,0.0,0.0,0
1770586352.98024917,119024871,0,6,77571000,2405,10,1.21,-35.3632622,149.1652374,584.09,0.0,228.36672973632812,0.0,0.0,0
1770586353.20016098,119244783,0,6,77571200,2405,10,1.21,-35.3632622,149.1652374,584.09,0.0,228.36672973632812,0.0,0.0,0
1770586353.40008116,119444703,0,6,77571400,2405,10,1.21,-35.3632622,149.1652374,584.09,0.0,228.36672973632812,0.0,0.0,0
1770586353.40008116,119444703,1,3,77555279,2405,12,1.0,-35.363226,149.1652374,584.09,0.0,0.0,0.0,0.0,1
1770586353.60000110,119644623,0,6,77571600,2405,10,1.21,-35.3632622,149.1652374,584.09,0.0,228.36672973632812,0.0,0.0,0
1770586353.79992104,119844543,0,6,77571800,2405,10,1.21,-35.3632622,149.1652374,584.09,0.0,228.36672973632812,0.0,0.0,0
1770586353.99984097,120044463,0,6,77572000,2405,10,1.21,-35.3632622,149.1652374,584.09,0.0,228.36672973632812,0.0,0.0,0
1770586354.19976115,120244383,0,6,77572200,2405,10,1.21,-35.3632622,149.1652374,584.09,0.0,228.36672973632812,0.0,0.0,0
1770586354.40051413,120445136,0,6,77572400,2405,10,1.21,-35.3632622,149.1652374,584.09,0.0,228.36672973632812,0.0,0.0,0
1770586354.40051413,120445136,1,3,77556282,2405,12,1.0,-35.3632215,149.1652374,584.09,0.0,0.0,0.0,0.0,1
1770586354.58044195,120625064,0,6,77572600,2405,10,1.21,-35.3632622,149.1652374,584.09,0.0,228.36672973632812,0.0,0.0,0
1770586354.78036213,120824984,0,6,77572800,2405,10,1.21,-35.3632622,149.1652374,584.09,0.0,228.36672973632812,0.0,0.0,0
1770586354.98028207,121024904,0,6,77573000,2405,10,1.21,-35.3632622,149.1652374,584.09,0.0,228.36672973632812,0.0,0.0,0
1770586355.20019412,121244816,0,6,77573200,2405,10,1.21,-35.3632622,149.1652374,584.09,0.0,228.36672973632812,0.0,0.0,0
1770586355.40011406,121444736,0,6,77573400,2405,10,1.21,-35.3632622,149.1652374,584.09,0.0,228.36672973632812,0.0,0.0,0
1770586355.42010617,121464728,1,3,77557287,2405,12,1.0,-35.3632169,149.1652374,584.09,0.0,0.0,0.0,0.0,1
1770586355.60003400,121644656,0,6,77573600,2405,10,1.21,-35.3632622,149.1652374,584.09,0.0,228.36672973632812,0.0,0.0,0
1770586355.79995394,121844576,0,6,77573800,2405,10,1.21,-35.3632622,149.1652374,584.09,0.0,228.36672973632812,0.0,0.0,0
1770586355.99987411,122044496,0,6,77574000,2405,10,1.21,-35.3632622,149.1652374,584.09,0.0,228.36672973632812,0.0,0.0,0
1770586356.19979405,122244416,0,6,77574200,2405,10,1.21,-35.3632622,149.1652374,584.09,0.0,228.36672973632812,0.0,0.0,0
1770586356.39971399,122444336,0,6,77574400,2405,10,1.21,-35.3632622,149.1652374,584.09,0.0,228.36672973632812,0.0,0.0,0
1770586356.41970611,122464328,1,3,77558293,2405,12,1.0,-35.3632124,149.1652374,584.09,0.0,0.0,0.0,0.0,1
1770586356.58047509,122625097,0,6,77574600,2405,10,1.21,-35.3632622,149.1652374,584.09,0.0,228.36672973632812,0.0,0.0,0
1770586356.78039503,122825017,0,6,77574800,2405,10,1.21,-35.3632622,149.1652374,584.09,0.0,228.36672973632812,0.0,0.0,0
1770586356.98031497,123024937,0,6,77575000,2405,10,1.21,-35.3632622,149.1652374,584.09,0.0,228.36672973632812,0.0,0.0,0
1770586357.18023515,123224857,0,6,77575200,2405,10,1.21,-35.3632622,149.1652374,584.09,0.0,228.36672973632812,0.0,0.0,0
1770586357.40014696,123444769,0,6,77575400,2405,10,1.21,-35.3632622,149.1652374,584.09,0.0,228.36672973632812,0.0,0.0,0
1770586357.42013907,123464761,1,3,77559295,2405,12,1.0,-35.3632079,149.1652374,584.09,0.0,0.0,0.0,0.0,1
1770586357.60006714,123644689,0,6,77575600,2405,10,1.21,-35.3632622,149.1652374,584.09,0.0,228.36672973632812,0.0,0.0,0
1770586357.79998708,123844609,0,6,77575800,2405,10,1.21,-35.3632622,149.1652374,584.09,0.0,228.36672973632812,0.0,0.0,0
1770586357.99990702,124044529,0,6,77576000,2405,10,1.21,-35.3632622,149.1652374,584.09,0.0,228.36672973632812,0.0,0.0,0
1770586358.19982696,124244449,0,6,77576200,2405,10,1.21,-35.3632622,149.1652374,584.09,0.0,228.36672973632812,0.0,0.0,0
1770586358.39974713,124444369,0,6,77576400,2405,10,1.21,-35.3632622,149.1652374,584.09,0.0,228.36672973632812,0.0,0.0,0
1770586358.41973901,124464361,1,3,77560297,2405,12,1.0,-35.3632034,149.1652374,584.09,0.0,0.0,0.0,0.0,1
1770586358.58050799,124625130,0,6,77576600,2405,10,1.21,-35.3632622,149.1652374,584.09,0.0,228.36672973632812,0.0,0.0,0
1770586358.78042817,124825050,0,6,77576800,2405,10,1.21,-35.3632622,149.1652374,584.09,0.0,228.36672973632812,0.0,0.0,0
1770586358.98034811,125024970,0,6,77577000,2405,10,1.21,-35.3632622,149.1652374,584.09,0.0,228.36672973632812,0.0,0.0,0
1770586359.18026805,125224890,0,6,77577200,2405,10,1.21,-35.3632622,149.1652374,584.09,0.0,228.36672973632812,0.0,0.0,0
1770586359.40018010,125444802,0,6,77577400,2405,10,1.21,-35.3632622,149.1652374,584.09,0.0,228.36672973632812,0.0,0.0,0
1770586359.42017198,125464794,1,3,77561302,2405,12,1.0,-35.3631989,149.1652374,584.09,0.0,0.0,0.0,0.0,1
1770586359.60010004,125644722,0,6,77577600,2405,10,1.21,-35.3632622,149.1652374,584.09,0.0,228.36672973632812,0.0,0.0,0
1770586359.80001998,125844642,0,6,77577800,2405,10,1.21,-35.3632622,149.1652374,584.09,0.0,228.36672973632812,0.0,0.0,0
1770586359.99994016,126044562,0,6,77578000,2405,10,1.21,-35.3632622,149.1652374,584.09,0.0,228.36672973632812,0.0,0.0,0
1770586360.19986010,126244482,0,6,77578200,2405,10,1.21,-35.3632622,149.1652374,584.09,0.0,228.36672973632812,0.0,0.0,0
1770586360.39978004,126444402,0,6,77578400,2405,10,1.21,-35.3632622,149.1652374,584.09,0.0,228.36672973632812,0.0,0.0,0
1770586360.41977215,126464394,1,3,77562306,2405,12,1.0,-35.3631944,149.1652374,584.09,0.0,0.0,0.0,0.0,1
1770586360.59969997,126644322,0,6,77578600,2405,10,1.21,-35.3632622,149.1652374,584.09,0.0,228.36672973632812,0.0,0.0,0
1770586360.78046107,126825083,0,6,77578800,2405,10,1.21,-35.3632622,149.1652374,584.09,0.0,228.36672973632812,0.0,0.0,0
1770586360.98038101,127025003,0,6,77579000,2405,10,1.21,-35.3632622,149.1652374,584.09,0.0,228.36672973632812,0.0,0.0,0
1770586361.18030095,127224923,0,6,77579200,2405,10,1.21,-35.3632622,149.1652374,584.09,0.0,228.36672973632812,0.0,0.0,0
1770586361.38022113,127424843,0,6,77579400,2405,10,1.21,-35.3632622,149.1652374,584.09,0.0,228.36672973632812,0.0,0.0,0
1770586361.44019699,127484819,1,3,77563309,2405,12,1.0,-35.3631899,149.1652374,584.09,0.0,0.0,0.0,0.0,1
1770586361.60013294,127644755,0,6,77579600,2405,10,1.21,-35.3632622,149.1652374,584.09,0.0,228.36672973632812,0.0,0.0,0
1770586361.80005312,127844675,0,6,77579800,2405,10,1.21,-35.3632622,149.1652374,584.09,0.0,228.36672973632812,0.0,0.0,0
1770586361.99997306,128044595,0,6,77580000,2405,10,1.21,-35.3632622,149.1652374,584.09,0.0,228.36672973632812,0.0,0.0,0
1770586362.19989300,128244515,0,6,77580200,2405,10,1.21,-35.3632622,149.1652374,584.09,0.0,228.36672973632812,0.0,0.0,0
1770586362.39981294,128444435,0,6,77580400,2405,10,1.21,-35.3632622,149.1652374,584.09,0.0,228.36672973632812,0.0,0.0,0
1770586362.43979716,128484419,1,3,77564314,2405,12,1.0,-35.3631854,149.1652374,584.09,0.0,0.0,0.0,0.0,1
1770586362.59973311,128644355,0,6,77580600,2405,10,1.21,-35.3632622,149.1652374,584.09,0.0,228.36672973632812,0.0,0.0,0
1770586362.78049397,128825116,0,6,77580800,2405,10,1.21,-35.3632622,149.1652374,584.09,0.0,228.36672973632812,0.0,0.0,0
1770586362.98041415,129025036,0,6,77581000,2405,10,1.21,-35.3632622,149.1652374,584.09,0.0,228.36672973632812,0.0,0.0,0
1770586363.18033409,129224956,0,6,77581200,2405,10,1.21,-35.3632622,149.1652374,584.09,0.0,228.36672973632812,0.0,0.0,0
1770586363.38025403,129424876,0,6,77581400,2405,10,1.21,-35.3632622,149.1652374,584.09,0.0,228.36672973632812,0.0,0.0,0
1770586363.44023013,129484852,1,3,77565315,2405,12,1.0,-35.3631809,149.1652374,584.09,0.0,0.0,0.0,0.0,1
1770586363.60016608,129644788,0,6,77581600,2405,10,1.21,-35.3632622,149.1652374,584.09,0.0,228.36672973632812,0.0,0.0,0
1770586363.80008602,129844708,0,6,77581800,2405,10,1.21,-35.3632622,149.1652374,584.09,0.0,228.36672973632812,0.0,0.0,0
1770586364.00000596,130044628,0,6,77582000,2405,10,1.21,-35.3632622,149.1652374,584.09,0.0,228.36672973632812,0.0,0.0,0
1770586364.19992614,130244548,0,6,77582200,2405,10,1.21,-35.3632622,149.1652374,584.09,0.0,228.36672973632812,0.0,0.0,0
1770586364.39984608,130444468,0,6,77582400,2405,10,1.21,-35.3632622,149.1652374,584.09,0.0,228.36672973632812,0.0,0.0,0
1770586364.43983006,130484452,1,3,77566316,2405,12,1.0,-35.3631764,149.1652374,584.09,0.0,0.0,0.0,0.0,1
1770586364.59976602,130644388,0,6,77582600,2405,10,1.21,-35.3632622,149.1652374,584.09,0.0,228.36672973632812,0.0,0.0,0
1770586364.80051899,130845141,0,6,77582800,2405,10,1.21,-35.3632622,149.1652374,584.09,0.0,228.36672973632812,0.0,0.0,0
1770586364.98044705,131025069,0,6,77583000,2405,10,1.21,-35.3632622,149.1652374,584.09,0.0,228.36672973632812,0.0,0.0,0
1770586365.18036699,131224989,0,6,77583200,2405,10,1.21,-35.3632622,149.1652374,584.09,0.0,228.36672973632812,0.0,0.0,0
1770586365.38028717,131424909,0,6,77583400,2405,10,1.21,-35.3632622,149.1652374,584.09,0.0,228.36672973632812,0.0,0.0,0
1770586365.44026303,131484885,1,3,77567320,2405,12,1.0,-35.3631719,149.1652374,584.09,0.0,0.0,0.0,0.0,1
1770586365.60019898,131644821,0,6,77583600,2405,10,1.21,-35.3632622,149.1652374,584.09,0.0,228.36672973632812,0.0,0.0,0
1770586365.80011916,131844741,0,6,77583800,2405,10,1.21,-35.3632622,149.1652374,584.09,0.0,228.36672973632812,0.0,0.0,0
1770586366.00003910,132044661,0,6,77584000,2405,10,1.21,-35.3632622,149.1652374,584.09,0.0,228.36672973632812,0.0,0.0,0
1770586366.19995904,132244581,0,6,77584200,2405,10,1.21,-35.3632622,149.1652374,584.09,0.0,228.36672973632812,0.0,0.0,0
1770586366.39987898,132444501,0,6,77584400,2405,10,1.21,-35.3632622,149.1652374,584.09,0.0,228.36672973632812,0.0,0.0,0
1770586366.43986297,132484485,1,3,77568323,2405,12,1.0,-35.3631674,149.1652374,584.09,0.0,0.0,0.0,0.0,1
1770586366.59979916,132644421,0,6,77584600,2405,10,1.21,-35.3632622,149.1652374,584.09,0.0,228.36672973632812,0.0,0.0,0
1770586366.79971910,132844341,0,6,77584800,2405,10,1.21,-35.3632622,149.1652374,584.09,0.0,228.36672973632812,0.0,0.0,0
1770586366.98047996,133025102,0,6,77585000,2405,10,1.21,-35.3632622,149.1652374,584.09,0.0,228.36672973632812,0.0,0.0,0
1770586367.18040013,133225022,0,6,77585200,2405,10,1.21,-35.3632622,149.1652374,584.09,0.0,228.36672973632812,0.0,0.0,0
1770586367.38032007,133424942,0,6,77585400,2405,10,1.21,-35.3632622,149.1652374,584.09,0.0,228.36672973632812,0.0,0.0,0
1770586367.44029617,133484918,1,3,77569328,2405,12,1.0,-35.3631629,149.1652374,584.09,0.0,0.0,0.0,0.0,1
1770586367.58024001,133624862,0,6,77585600,2405,10,1.21,-35.3632622,149.1652374,584.09,0.0,228.36672973632812,0.0,0.0,0
1770586367.80015206,133844774,0,6,77585800,2405,10,1.21,-35.3632622,149.1652374,584.09,0.0,228.36672973632812,0.0,0.0,0
1770586368.00007200,134044694,0,6,77586000,2405,10,1.21,-35.3632622,149.1652374,584.09,0.0,228.36672973632812,0.0,0.0,0
1770586368.19999194,134244614,0,6,77586200,2405,10,1.21,-35.3632622,149.1652374,584.09,0.0,228.36672973632812,0.0,0.0,0
1770586368.39991212,134444534,0,6,77586400,2405,10,1.21,-35.3632622,149.1652374,584.09,0.0,228.36672973632812,0.0,0.0,0
1770586368.45988798,134504510,1,3,77570332,2405,12,1.0,-35.3631584,149.1652374,584.09,0.0,0.0,0.0,0.0,1
1770586368.59983206,134644454,0,6,77586600,2405,10,1.21,-35.3632622,149.1652374,584.09,0.0,228.36672973632812,0.0,0.0,0
1770586368.79975200,134844374,0,6,77586800,2405,10,1.21,-35.3632622,149.1652374,584.09,0.0,228.36672973632812,0.0,0.0,0
1770586368.98051310,135025135,0,6,77587000,2405,10,1.21,-35.3632622,149.1652374,584.09,0.0,228.36672973632812,0.0,0.0,0
1770586369.18043303,135225055,0,6,77587200,2405,10,1.21,-35.3632622,149.1652374,584.09,0.0,228.36672973632812,0.0,0.0,0
1770586369.38035297,135424975,0,6,77587400,2405,10,1.21,-35.3632622,149.1652374,584.09,0.0,228.36672973632812,0.0,0.0,0
1770586369.46032095,135504943,1,3,77571334,2405,12,1.0,-35.3631538,149.1652374,584.09,0.0,0.0,0.0,0.0,1
1770586369.58027315,135624895,0,6,77587600,2405,10,1.21,-35.3632622,149.1652374,584.09,0.0,228.36672973632812,0.0,0.0,0
1770586369.80018497,135844807,0,6,77587800,2405,10,1.21,-35.3632622,149.1652374,584.09,0.0,228.36672973632812,0.0,0.0,0
1770586370.00010514,136044727,0,6,77588000,2405,10,1.21,-35.3632622,149.1652374,584.09,0.0,228.36672973632812,0.0,0.0,0
1770586370.20002508,136244647,0,6,77588200,2405,10,1.21,-35.3632622,149.1652374,584.09,0.0,228.36672973632812,0.0,0.0,0
1770586370.39994502,136444567,0,6,77588400,2405,10,1.21,-35.3632622,149.1652374,584.09,0.0,228.36672973632812,0.0,0.0,0
1770586370.59986496,136644487,0,6,77588600,2405,10,1.21,-35.3632622,149.1652374,584.09,0.0,228.36672973632812,0.0,0.0,0
1770586370.79978514,136844407,0,6,77588800,2405,10,1.21,-35.3632622,149.1652374,584.09,0.0,228.36672973632812,0.0,0.0,0
1770586370.99970508,137044327,0,6,77589000,2405,10,1.21,-35.3632622,149.1652374,584.09,0.0,228.36672973632812,0.0,0.0,0
1770586371.18046594,137225088,0,6,77589200,2405,10,1.21,-35.3632622,149.1652374,584.09,0.0,228.36672973632812,0.0,0.0,0
1770586371.38038611,137425008,0,6,77589400,2405,10,1.21,-35.3632622,149.1652374,584.09,0.0,228.36672973632812,0.0,0.0,0
1770586371.58030605,137624928,0,6,77589600,2405,10,1.21,-35.3632622,149.1652374,584.09,0.0,228.36672973632812,0.0,0.0,0
1770586371.78022599,137824848,0,6,77589800,2405,10,1.21,-35.3632622,149.1652374,584.09,0.0,228.36672973632812,0.0,0.0,0
1770586372.00013804,138044760,0,6,77590000,2405,10,1.21,-35.3632622,149.1652374,584.09,0.0,228.36672973632812,0.0,0.0,0
1770586372.20005798,138244680,0,6,77590200,2405,10,1.21,-35.3632622,149.1652374,584.09,0.0,228.36672973632812,0.0,0.0,0
1770586372.39997816,138444600,0,6,77590400,2405,10,1.21,-35.3632622,149.1652374,584.09,0.0,228.36672973632812,0.0,0.0,0
1770586372.59989810,138644520,0,6,77590600,2405,10,1.21,-35.3632622,149.1652374,584.09,0.0,228.36672973632812,0.0,0.0,0
1770586372.79981804,138844440,0,6,77590800,2405,10,1.21,-35.3632622,149.1652374,584.09,0.0,228.36672973632812,0.0,0.0,0
1770586372.99973798,139044360,0,6,77591000,2405,10,1.21,-35.3632622,149.1652374,584.09,0.0,228.36672973632812,0.0,0.0,0
1770586373.18049908,139225121,0,6,77591200,2405,10,1.21,-35.3632622,149.1652374,584.09,0.0,228.36672973632812,0.0,0.0,0
1770586373.38041902,139425041,0,6,77591400,2405,10,1.21,-35.3632622,149.1652374,584.09,0.0,228.36672973632812,0.0,0.0,0
1770586373.44039512,139485017,1,1,0,0,0,-0.01,0.0,0.0,0.0,0.0,0.0,0.0,0.0,1
1770586373.58033895,139624961,0,6,77591600,2405,10,1.21,-35.3632622,149.1652374,584.09,0.0,228.36672973632812,0.0,0.0,0
1770586373.78025913,139824881,0,6,77591800,2405,10,1.21,-35.3632622,149.1652374,584.09,0.0,228.36672973632812,0.0,0.0,0
1770586374.00017095,140044793,0,6,77592000,2405,10,1.21,-35.3632622,149.1652374,584.09,0.0,228.36672973632812,0.0,0.0,0
1770586374.20009112,140244713,0,6,77592200,2405,10,1.21,-35.3632622,149.1652374,584.09,0.0,228.36672973632812,0.0,0.0,0
1770586374.40001106,140444633,0,6,77592400,2405,10,1.21,-35.3632622,149.1652374,584.09,0.0,228.36672973632812,0.0,0.0,0
1770586374.59993100,140644553,0,6,77592600,2405,10,1.21,-35.3632622,149.1652374,584.09,0.0,228.36672973632812,0.0,0.0,0
1770586374.79985094,140844473,0,6,77592800,2405,10,1.21,-35.3632622,149.1652374,584.09,0.0,228.36672973632812,0.0,0.0,0
1770586374.99977112,141044393,0,6,77593000,2405,10,1.21,-35.3632622,149.1652374,584.09,0.0,228.36672973632812,0.0,0.0,0
1770586375.19969106,141244313,0,6,77593200,2405,10,1.21,-35.3632622,149.1652374,584.09,0.0,228.36672973632812,0.0,0.0,0
1770586375.38045216,141425074,0,6,77593400,2405,10,1.21,-35.3632622,149.1652374,584.09,0.0,228.36672973632812,0.0,0.0,0
1770586375.58037210,141624994,0,6,77593600,2405,10,1.21,-35.3632622,149.1652374,584.09,0.0,228.36672973632812,0.0,0.0,0
1770586375.78029203,141824914,0,6,77593800,2405,10,1.21,-35.3632622,149.1652374,584.09,0.0,228.36672973632812,0.0,0.0,0
1770586375.98021197,142024834,0,6,77594000,2405,10,1.21,-35.3632622,149.1652374,584.09,0.0,228.36672973632812,0.0,0.0,0
1770586376.20012403,142244746,0,6,77594200,2405,10,1.21,-35.3632622,149.1652374,584.09,0.0,228.36672973632812,0.0,0.0,0
1770586376.40004396,142444666,0,6,77594400,2405,10,1.21,-35.3632622,149.1652374,584.09,0.0,228.36672973632812,0.0,0.0,0
1770586376.59996414,142644586,0,6,77594600,2405,10,1.21,-35.3632622,149.1652374,584.09,0.0,228.36672973632812,0.0,0.0,0
1770586376.79988408,142844506,0,6,77594800,2405,10,1.21,-35.3632622,149.1652374,584.09,0.0,228.36672973632812,0.0,0.0,0
1770586376.99980402,143044426,0,6,77595000,2405,10,1.21,-35.3632622,149.1652374,584.09,0.0,228.36672973632812,0.0,0.0,0
1770586377.19972396,143244346,0,6,77595200,2405,10,1.21,-35.3632622,149.1652374,584.09,0.0,228.36672973632812,0.0,0.0,0
1770586377.38048506,143425107,0,6,77595400,2405,10,1.21,-35.3632622,149.1652374,584.09,0.0,228.36672973632812,0.0,0.0,0
1770586377.46045303,143505075,1,1,0,0,0,-0.01,0.0,0.0,0.0,0.0,0.0,0.0,0.0,1
1770586377.58040500,143625027,0,6,77595600,2405,10,1.21,-35.3632622,149.1652374,584.09,0.0,228.36672973632812,0.0,0.0,0
1770586377.78032517,143824947,0,6,77595800,2405,10,1.21,-35.3632622,149.1652374,584.09,0.0,228.36672973632812,0.0,0.0,0
1770586377.98024511,144024867,0,6,77596000,2405,10,1.21,-35.3632622,149.1652374,584.09,0.0,228.36672973632812,0.0,0.0,0
1770586378.20015717,144244779,0,6,77596200,2405,10,1.21,-35.3632622,149.1652374,584.09,0.0,228.36672973632812,0.0,0.0,0
1770586378.40007710,144444699,0,6,77596400,2405,10,1.21,-35.3632622,149.1652374,584.09,0.0,228.36672973632812,0.0,0.0,0
1770586378.59999704,144644619,0,6,77596600,2405,10,1.21,-35.3632622,149.1652374,584.09,0.0,228.36672973632812,0.0,0.0,0
1770586378.79991698,144844539,0,6,77596800,2405,10,1.21,-35.3632622,149.1652374,584.09,0.0,228.36672973632812,0.0,0.0,0
1770586378.99983716,145044459,0,6,77597000,2405,10,1.21,-35.3632622,149.1652374,584.09,0.0,228.36672973632812,0.0,0.0,0
1770586379.19975710,145244379,0,6,77597200,2405,10,1.21,-35.3632622,149.1652374,584.09,0.0,228.36672973632812,0.0,0.0,0
1770586379.38051796,145425140,0,6,77597400,2405,10,1.21,-35.3632622,149.1652374,584.09,0.0,228.36672973632812,0.0,0.0,0
1770586379.58043814,145625060,0,6,77597600,2405,10,1.21,-35.3632622,149.1652374,584.09,0.0,228.36672973632812,0.0,0.0,0
1770586379.78035808,145824980,0,6,77597800,2405,10,1.21,-35.3632622,149.1652374,584.09,0.0,228.36672973632812,0.0,0.0,0
1770586379.98027802,146024900,0,6,77598000,2405,10,1.21,-35.3632622,149.1652374,584.09,0.0,228.36672973632812,0.0,0.0,0
1770586380.20019007,146244812,0,6,77598200,2405,10,1.21,-35.3632622,149.1652374,584.09,0.0,228.36672973632812,0.0,0.0,0
1770586380.40011001,146444732,0,6,77598400,2405,10,1.21,-35.3632622,149.1652374,584.09,0.0,228.36672973632812,0.0,0.0,0
1770586380.60002995,146644652,0,6,77598600,2405,10,1.21,-35.3632622,149.1652374,584.09,0.0,228.36672973632812,0.0,0.0,0
1770586380.79995012,146844572,0,6,77598800,2405,10,1.21,-35.3632622,149.1652374,584.09,0.0,228.36672973632812,0.0,0.0,0
1770586380.99987006,147044492,0,6,77599000,2405,10,1.21,-35.3632622,149.1652374,584.09,0.0,228.36672973632812,0.0,0.0,0
1770586381.19979000,147244412,0,6,77599200,2405,10,1.21,-35.3632622,149.1652374,584.09,0.0,228.36672973632812,0.0,0.0,0
1770586381.39970994,147444332,0,6,77599400,2405,10,1.21,-35.3632622,149.1652374,584.09,0.0,228.36672973632812,0.0,0.0,0
1770586381.48051095,147525133,1,1,0,0,0,-0.01,0.0,0.0,0.0,0.0,0.0,0.0,0.0,1
1770586381.58047104,147625093,0,6,77599600,2405,10,1.21,-35.3632622,149.1652374,584.09,0.0,228.36672973632812,0.0,0.0,0
1770586381.78039098,147825013,0,6,77599800,2405,10,1.21,-35.3632622,149.1652374,584.09,0.0,228.36672973632812,0.0,0.0,0
1770586381.98031116,148024933,0,6,77600000,2405,10,1.21,-35.3632622,149.1652374,584.09,0.0,228.36672973632812,0.0,0.0,0
1770586382.18023109,148224853,0,6,77600200,2405,10,1.21,-35.3632622,149.1652374,584.09,0.0,228.36672973632812,0.0,0.0,0
1770586382.40014315,148444765,0,6,77600400,2405,10,1.21,-35.3632622,149.1652374,584.09,0.0,228.36672973632812,0.0,0.0,0
1770586382.60006309,148644685,0,6,77600600,2405,10,1.21,-35.3632622,149.1652374,584.09,0.0,228.36672973632812,0.0,0.0,0
1770586382.79998302,148844605,0,6,77600800,2405,10,1.21,-35.3632622,149.1652374,584.09,0.0,228.36672973632812,0.0,0.0,0
1770586382.99990296,149044525,0,6,77601000,2405,10,1.21,-35.3632622,149.1652374,584.09,0.0,228.36672973632812,0.0,0.0,0
1770586383.19982314,149244445,0,6,77601200,2405,10,1.21,-35.3632622,149.1652374,584.09,0.0,228.36672973632812,0.0,0.0,0
1770586383.39974308,149444365,0,6,77601400,2405,10,1.21,-35.3632622,149.1652374,584.09,0.0,228.36672973632812,0.0,0.0,0
1770586383.58050394,149625126,0,6,77601600,2405,10,1.21,-35.3632622,149.1652374,584.09,0.0,228.36672973632812,0.0,0.0,0
1770586383.78042412,149825046,0,6,77601800,2405,10,1.21,-35.3632622,149.1652374,584.09,0.0,228.36672973632812,0.0,0.0,0
1770586383.98034406,150024966,0,6,77602000,2405,10,1.21,-35.3632622,149.1652374,584.09,0.0,228.36672973632812,0.0,0.0,0
1770586384.18026400,150224886,0,6,77602200,2405,10,1.21,-35.3632622,149.1652374,584.09,0.0,228.36672973632812,0.0,0.0,0
1770586384.40017605,150444798,0,6,77602400,2405,10,1.21,-35.3632622,149.1652374,584.09,0.0,228.36672973632812,0.0,0.0,0
1770586384.60009599,150644718,0,6,77602600,2405,10,1.21,-35.3632622,149.1652374,584.09,0.0,228.36672973632812,0.0,0.0,0
1770586384.80001616,150844638,0,6,77602800,2405,10,1.21,-35.3632622,149.1652374,584.09,0.0,228.36672973632812,0.0,0.0,0
1770586384.99993610,151044558,0,6,77603000,2405,10,1.21,-35.3632622,149.1652374,584.09,0.0,228.36672973632812,0.0,0.0,0
1770586385.19985604,151244478,0,6,77603200,2405,10,1.21,-35.3632622,149.1652374,584.09,0.0,228.36672973632812,0.0,0.0,0
1770586385.39977598,151444398,0,6,77603400,2405,10,1.21,-35.3632622,149.1652374,584.09,0.0,228.36672973632812,0.0,0.0,0
1770586385.49973607,151544358,1,1,0,0,0,-0.01,0.0,0.0,0.0,0.0,0.0,0.0,0.0,1
1770586385.59969616,151644318,0,6,77603600,2405,10,1.21,-35.3632622,149.1652374,584.09,0.0,228.36672973632812,0.0,0.0,0
1770586385.78045702,151825079,0,6,77603800,2405,10,1.21,-35.3632622,149.1652374,584.09,0.0,228.36672973632812,0.0,0.0,0
1770586385.98037696,152024999,0,6,77604000,2405,10,1.21,-35.3632622,149.1652374,584.09,0.0,228.36672973632812,0.0,0.0,0
1770586386.18029714,152224919,0,6,77604200,2405,10,1.21,-35.3632622,149.1652374,584.09,0.0,228.36672973632812,0.0,0.0,0
1770586386.38021708,152424839,0,6,77604400,2405,10,1.21,-35.3632622,149.1652374,584.09,0.0,228.36672973632812,0.0,0.0,0
1770586386.60012913,152644751,0,6,77604600,2405,10,1.21,-35.3632622,149.1652374,584.09,0.0,228.36672973632812,0.0,0.0,0
1770586386.80004907,152844671,0,6,77604800,2405,10,1.21,-35.3632622,149.1652374,584.09,0.0,228.36672973632812,0.0,0.0,0
1770586386.99996901,153044591,0,6,77605000,2405,10,1.21,-35.3632622,149.1652374,584.09,0.0,228.36672973632812,0.0,0.0,0
1770586387.19988894,153244511,0,6,77605200,2405,10,1.21,-35.3632622,149.1652374,584.09,0.0,228.36672973632812,0.0,0.0,0
1770586387.39980912,153444431,0,6,77605400,2405,10,1.21,-35.3632622,149.1652374,584.09,0.0,228.36672973632812,0.0,0.0,0
1770586387.59972906,153644351,0,6,77605600,2405,10,1.21,-35.3632622,149.1652374,584.09,0.0,228.36672973632812,0.0,0.0,0
1770586387.78049016,153825112,0,6,77605800,2405,10,1.21,-35.3632622,149.1652374,584.09,0.0,228.36672973632812,0.0,0.0,0
1770586387.98041010,154025032,0,6,77606000,2405,10,1.21,-35.3632622,149.1652374,584.09,0.0,228.36672973632812,0.0,0.0,0
1770586388.18033004,154224952,0,6,77606200,2405,10,1.21,-35.3632622,149.1652374,584.09,0.0,228.36672973632812,0.0,0.0,0
1770586388.38024998,154424872,0,6,77606400,2405,10,1.21,-35.3632622,149.1652374,584.09,0.0,228.36672973632812,0.0,0.0,0
1770586388.60016203,154644784,0,6,77606600,2405,10,1.21,-35.3632622,149.1652374,584.09,0.0,228.36672973632812,0.0,0.0,0
1770586388.80008197,154844704,0,6,77606800,2405,10,1.21,-35.3632622,149.1652374,584.09,0.0,228.36672973632812,0.0,0.0,0
1770586389.00000215,155044624,0,6,77607000,2405,10,1.21,-35.3632622,149.1652374,584.09,0.0,228.36672973632812,0.0,0.0,0
1770586389.19992208,155244544,0,6,77607200,2405,10,1.21,-35.3632622,149.1652374,584.09,0.0,228.36672973632812,0.0,0.0,0
1770586389.39984202,155444464,0,6,77607400,2405,10,1.21,-35.3632622,149.1652374,584.09,0.0,228.36672973632812,0.0,0.0,0
1770586389.51979399,155564416,1,1,0,0,0,-0.01,0.0,0.0,0.0,0.0,0.0,0.0,0.0,1
1770586389.59976196,155644384,0,6,77607600,2405,10,1.21,-35.3632622,149.1652374,584.09,0.0,228.36672973632812,0.0,0.0,0
1770586389.80051494,155845137,0,6,77607800,2405,10,1.21,-35.3632622,149.1652374,584.09,0.0,228.36672973632812,0.0,0.0,0
1770586389.98044300,156025065,0,6,77608000,2405,10,1.21,-35.3632622,149.1652374,584.09,0.0,228.36672973632812,0.0,0.0,0
1770586390.18036294,156224985,0,6,77608200,2405,10,1.21,-35.3632622,149.1652374,584.09,0.0,228.36672973632812,0.0,0.0,0
1770586390.38028312,156424905,0,6,77608400,2405,10,1.21,-35.3632622,149.1652374,584.09,0.0,228.36672973632812,0.0,0.0,0
1770586390.60019517,156644817,0,6,77608600,2405,10,1.21,-35.3632622,149.1652374,584.09,0.0,228.36672973632812,0.0,0.0,0
1770586390.80011511,156844737,0,6,77608800,2405,10,1.21,-35.3632622,149.1652374,584.09,0.0,228.36672973632812,0.0,0.0,0
1770586391.00003505,157044657,0,6,77609000,2405,10,1.21,-35.3632622,149.1652374,584.09,0.0,228.36672973632812,0.0,0.0,0
1770586391.19995499,157244577,0,6,77609200,2405,10,1.21,-35.3632622,149.1652374,584.09,0.0,228.36672973632812,0.0,0.0,0
1770586391.39987516,157444497,0,6,77609400,2405,10,1.21,-35.3632622,149.1652374,584.09,0.0,228.36672973632812,0.0,0.0,0
1770586391.59979510,157644417,0,6,77609600,2405,10,1.21,-35.3632622,149.1652374,584.09,0.0,228.36672973632812,0.0,0.0,0
1770586391.79971504,157844337,0,6,77609800,2405,10,1.21,-35.3632622,149.1652374,584.09,0.0,228.36672973632812,0.0,0.0,0
1770586391.98047614,158025098,0,6,77610000,2405,10,1.21,-35.3632622,149.1652374,584.09,0.0,228.36672973632812,0.0,0.0,0
1770586392.18039608,158225018,0,6,77610200,2405,10,1.21,-35.3632622,149.1652374,584.09,0.0,228.36672973632812,0.0,0.0,0
1770586392.38031602,158424938,0,6,77610400,2405,10,1.21,-35.3632622,149.1652374,584.09,0.0,228.36672973632812,0.0,0.0,0
1770586392.58023596,158624858,0,6,77610600,2405,10,1.21,-35.3632622,149.1652374,584.09,0.0,228.36672973632812,0.0,0.0,0
1770586392.80014801,158844770,0,6,77610800,2405,10,1.21,-35.3632622,149.1652374,584.09,0.0,228.36672973632812,0.0,0.0,0
1770586393.00006795,159044690,0,6,77611000,2405,10,1.21,-35.3632622,149.1652374,584.09,0.0,228.36672973632812,0.0,0.0,0
1770586393.19998813,159244610,0,6,77611200,2405,10,1.21,-35.3632622,149.1652374,584.09,0.0,228.36672973632812,0.0,0.0,0
1770586393.39990807,159444530,0,6,77611400,2405,10,1.21,-35.3632622,149.1652374,584.09,0.0,228.36672973632812,0.0,0.0,0
1770586393.53985214,159584474,1,1,0,0,0,-0.01,0.0,0.0,0.0,0.0,0.0,0.0,0.0,1
1770586393.59982800,159644450,0,6,77611600,2405,10,1.21,-35.3632622,149.1652374,584.09,0.0,228.36672973632812,0.0,0.0,0
1770586393.79974794,159844370,0,6,77611800,2405,10,1.21,-35.3632622,149.1652374,584.09,0.0,228.36672973632812,0.0,0.0,0
1770586393.98050904,160025131,0,6,77612000,2405,10,1.21,-35.3632622,149.1652374,584.09,0.0,228.36672973632812,0.0,0.0,0
1770586394.18042898,160225051,0,6,77612200,2405,10,1.21,-35.3632622,149.1652374,584.09,0.0,228.36672973632812,0.0,0.0,0
1770586394.38034916,160424971,0,6,77612400,2405,10,1.21,-35.3632622,149.1652374,584.09,0.0,228.36672973632812,0.0,0.0,0
1770586394.58026910,160624891,0,6,77612600,2405,10,1.21,-35.3632622,149.1652374,584.09,0.0,228.36672973632812,0.0,0.0,0
1770586394.80018115,160844803,0,6,77612800,2405,10,1.21,-35.3632622,149.1652374,584.09,0.0,228.36672973632812,0.0,0.0,0
1770586395.00010109,161044723,0,6,77613000,2405,10,1.21,-35.3632622,149.1652374,584.09,0.0,228.36672973632812,0.0,0.0,0
1770586395.20002103,161244643,0,6,77613200,2405,10,1.21,-35.3632622,149.1652374,584.09,0.0,228.36672973632812,0.0,0.0,0
1770586395.39994097,161444563,0,6,77613400,2405,10,1.21,-35.3632622,149.1652374,584.09,0.0,228.36672973632812,0.0,0.0,0
1770586395.59986115,161644483,0,6,77613600,2405,10,1.21,-35.3632622,149.1652374,584.09,0.0,228.36672973632812,0.0,0.0,0
1770586395.79978108,161844403,0,6,77613800,2405,10,1.21,-35.3632622,149.1652374,584.09,0.0,228.36672973632812,0.0,0.0,0
1770586395.99970102,162044323,0,6,77614000,2405,10,1.21,-35.3632622,149.1652374,584.09,0.0,228.36672973632812,0.0,0.0,0
1770586396.18046212,162225084,0,6,77614200,2405,10,1.21,-35.3632622,149.1652374,584.09,0.0,228.36672973632812,0.0,0.0,0
1770586396.38038206,162425004,0,6,77614400,2405,10,1.21,-35.3632622,149.1652374,584.09,0.0,228.36672973632812,0.0,0.0,0
1770586396.58030200,162624924,0,6,77614600,2405,10,1.21,-35.3632622,149.1652374,584.09,0.0,228.36672973632812,0.0,0.0,0
1770586396.78022194,162824844,0,6,77614800,2405,10,1.21,-35.3632622,149.1652374,584.09,0.0,228.36672973632812,0.0,0.0,0
1770586397.00013399,163044756,0,6,77615000,2405,10,1.21,-35.3632622,149.1652374,584.09,0.0,228.36672973632812,0.0,0.0,0
1770586397.20005417,163244676,0,6,77615200,2405,10,1.21,-35.3632622,149.1652374,584.09,0.0,228.36672973632812,0.0,0.0,0
1770586397.39997411,163444596,0,6,77615400,2405,10,1.21,-35.3632622,149.1652374,584.09,0.0,228.36672973632812,0.0,0.0,0
1770586397.55991006,163604532,1,1,0,0,0,-0.01,0.0,0.0,0.0,0.0,0.0,0.0,0.0,1
1770586397.59989405,163644516,0,6,77615600,2405,10,1.21,-35.3632622,149.1652374,584.09,0.0,228.36672973632812,0.0,0.0,0
1770586397.79981399,163844436,0,6,77615800,2405,10,1.21,-35.3632622,149.1652374,584.09,0.0,228.36672973632812,0.0,0.0,0
1770586397.99973416,164044356,0,6,77616000,2405,10,1.21,-35.3632622,149.1652374,584.09,0.0,228.36672973632812,0.0,0.0,0
1770586398.18049502,164225117,0,6,77616200,2405,10,1.21,-35.3632622,149.1652374,584.09,0.0,228.36672973632812,0.0,0.0,0
1770586398.38041496,164425037,0,6,77616400,2405,10,1.21,-35.3632622,149.1652374,584.09,0.0,228.36672973632812,0.0,0.0,0
1770586398.58033514,164624957,0,6,77616600,2405,10,1.21,-35.3632622,149.1652374,584.09,0.0,228.36672973632812,0.0,0.0,0
1770586398.78025508,164824877,0,6,77616800,2405,10,1.21,-35.3632622,149.1652374,584.09,0.0,228.36672973632812,0.0,0.0,0
1770586399.00016713,165044789,0,6,77617000,2405,10,1.21,-35.3632622,149.1652374,584.09,0.0,228.36672973632812,0.0,0.0,0
1770586399.20008707,165244709,0,6,77617200,2405,10,1.21,-35.3632622,149.1652374,584.09,0.0,228.36672973632812,0.0,0.0,0
1770586399.40000701,165444629,0,6,77617400,2405,10,1.21,-35.3632622,149.1652374,584.09,0.0,228.36672973632812,0.0,0.0,0
1770586399.59992695,165644549,0,6,77617600,2405,10,1.21,-35.3632622,149.1652374,584.09,0.0,228.36672973632812,0.0,0.0,0
1770586399.79984713,165844469,0,6,77617800,2405,10,1.21,-35.3632622,149.1652374,584.09,0.0,228.36672973632812,0.0,0.0,0
1770586399.99976707,166044389,0,6,77618000,2405,10,1.21,-35.3632622,149.1652374,584.09,0.0,228.36672973632812,0.0,0.0,0
1770586400.20052004,166245142,0,6,77618200,2405,10,1.21,-35.3632622,149.1652374,584.09,0.0,228.36672973632812,0.0,0.0,0
1770586400.38044810,166425070,0,6,77618400,2405,10,1.21,-35.3632622,149.1652374,584.09,0.0,228.36672973632812,0.0,0.0,0
1770586400.58036804,166624990,0,6,77618600,2405,10,1.21,-35.3632622,149.1652374,584.09,0.0,228.36672973632812,0.0,0.0,0
1770586400.78028798,166824910,0,6,77618800,2405,10,1.21,-35.3632622,149.1652374,584.09,0.0,228.36672973632812,0.0,0.0,0
1770586401.00020003,167044822,0,6,77619000,2405,10,1.21,-35.3632622,149.1652374,584.09,0.0,228.36672973632812,0.0,0.0,0
1770586401.20011997,167244742,0,6,77619200,2405,10,1.21,-35.3632622,149.1652374,584.09,0.0,228.36672973632812,0.0,0.0,0
1770586401.40004015,167444662,0,6,77619400,2405,10,1.21,-35.3632622,149.1652374,584.09,0.0,228.36672973632812,0.0,0.0,0
1770586401.57996798,167624590,1,1,0,0,0,-0.01,0.0,0.0,0.0,0.0,0.0,0.0,0.0,1
1770586401.59996009,167644582,0,6,77619600,2405,10,1.21,-35.3632622,149.1652374,584.09,0.0,228.36672973632812,0.0,0.0,0
1770586401.79988003,167844502,0,6,77619800,2405,10,1.21,-35.3632622,149.1652374,584.09,0.0,228.36672973632812,0.0,0.0,0
1770586401.99979997,168044422,0,6,77620000,2405,10,1.21,-35.3632622,149.1652374,584.09,0.0,228.36672973632812,0.0,0.0,0
1770586402.19972014,168244342,0,6,77620200,2405,10,1.21,-35.3632622,149.1652374,584.09,0.0,228.36672973632812,0.0,0.0,0
1770586402.38048100,168425103,0,6,77620400,2405,10,1.21,-35.3632622,149.1652374,584.09,0.0,228.36672973632812,0.0,0.0,0
1770586402.58040094,168625023,0,6,77620600,2405,10,1.21,-35.3632622,149.1652374,584.09,0.0,228.36672973632812,0.0,0.0,0
1770586402.78032112,168824943,0,6,77620800,2405,10,1.21,-35.3632622,149.1652374,584.09,0.0,228.36672973632812,0.0,0.0,0
1770586402.98024106,169024863,0,6,77621000,2405,10,1.21,-35.3632622,149.1652374,584.09,0.0,228.36672973632812,0.0,0.0,0
1770586403.20015311,169244775,0,6,77621200,2405,10,1.21,-35.3632622,149.1652374,584.09,0.0,228.36672973632812,0.0,0.0,0
1770586403.40007305,169444695,0,6,77621400,2405,10,1.21,-35.3632622,149.1652374,584.09,0.0,228.36672973632812,0.0,0.0,0
1770586403.59999299,169644615,0,6,77621600,2405,10,1.21,-35.3632622,149.1652374,584.09,0.0,228.36672973632812,0.0,0.0,0
1770586403.79991317,169844535,0,6,77621800,2405,10,1.21,-35.3632622,149.1652374,584.09,0.0,228.36672973632812,0.0,0.0,0
1770586403.99983311,170044455,0,6,77622000,2405,10,1.21,-35.3632622,149.1652374,584.09,0.0,228.36672973632812,0.0,0.0,0
1770586404.19975305,170244375,0,6,77622200,2405,10,1.21,-35.3632622,149.1652374,584.09,0.0,228.36672973632812,0.0,0.0,0
1770586404.38051414,170425136,0,6,77622400,2405,10,1.21,-35.3632622,149.1652374,584.09,0.0,228.36672973632812,0.0,0.0,0
1770586404.58043408,170625056,0,6,77622600,2405,10,1.21,-35.3632622,149.1652374,584.09,0.0,228.36672973632812,0.0,0.0,0
1770586404.78035402,170824976,0,6,77622800,2405,10,1.21,-35.3632622,149.1652374,584.09,0.0,228.36672973632812,0.0,0.0,0
1770586404.98027396,171024896,0,6,77623000,2405,10,1.21,-35.3632622,149.1652374,584.09,0.0,228.36672973632812,0.0,0.0,0
1770586405.20018601,171244808,0,6,77623200,2405,10,1.21,-35.3632622,149.1652374,584.09,0.0,228.36672973632812,0.0,0.0,0
1770586405.40010595,171444728,0,6,77623400,2405,10,1.21,-35.3632622,149.1652374,584.09,0.0,228.36672973632812,0.0,0.0,0
1770586405.60002613,171644648,0,6,77623600,2405,10,1.21,-35.3632622,149.1652374,584.09,0.0,228.36672973632812,0.0,0.0,0
1770586405.60002613,171644648,1,1,0,0,0,-0.01,0.0,0.0,0.0,0.0,0.0,0.0,0.0,1
1770586405.79994607,171844568,0,6,77623800,2405,10,1.21,-35.3632622,149.1652374,584.09,0.0,228.36672973632812,0.0,0.0,0
1770586405.99986601,172044488,0,6,77624000,2405,10,1.21,-35.3632622,149.1652374,584.09,0.0,228.36672973632812,0.0,0.0,0
1770586406.19978595,172244408,0,6,77624200,2405,10,1.21,-35.3632622,149.1652374,584.09,0.0,228.36672973632812,0.0,0.0,0
1770586406.39970613,172444328,0,6,77624400,2405,10,1.21,-35.3632622,149.1652374,584.09,0.0,228.36672973632812,0.0,0.0,0
1770586406.58046699,172625089,0,6,77624600,2405,10,1.21,-35.3632622,149.1652374,584.09,0.0,228.36672973632812,0.0,0.0,0
1770586406.78038716,172825009,0,6,77624800,2405,10,1.21,-35.3632622,149.1652374,584.09,0.0,228.36672973632812,0.0,0.0,0
1770586406.98030710,173024929,0,6,77625000,2405,10,1.21,-35.3632622,149.1652374,584.09,0.0,228.36672973632812,0.0,0.0,0
1770586407.18022704,173224849,0,6,77625200,2405,10,1.21,-35.3632622,149.1652374,584.09,0.0,228.36672973632812,0.0,0.0,0
1770586407.40013909,173444761,0,6,77625400,2405,10,1.21,-35.3632622,149.1652374,584.09,0.0,228.36672973632812,0.0,0.0,0
1770586407.60005903,173644681,0,6,77625600,2405,10,1.21,-35.3632622,149.1652374,584.09,0.0,228.36672973632812,0.0,0.0,0
1770586407.79997897,173844601,0,6,77625800,2405,10,1.21,-35.3632622,149.1652374,584.09,0.0,228.36672973632812,0.0,0.0,0
1770586407.99989915,174044521,0,6,77626000,2405,10,1.21,-35.3632622,149.1652374,584.09,0.0,228.36672973632812,0.0,0.0,0
1770586408.19981909,174244441,0,6,77626200,2405,10,1.21,-35.3632622,149.1652374,584.09,0.0,228.36672973632812,0.0,0.0,0
1770586408.39973903,174444361,0,6,77626400,2405,10,1.21,-35.3632622,149.1652374,584.09,0.0,228.36672973632812,0.0,0.0,0
1770586408.58050013,174625122,0,6,77626600,2405,10,1.21,-35.3632622,149.1652374,584.09,0.0,228.36672973632812,0.0,0.0,0
1770586408.78042006,174825042,0,6,77626800,2405,10,1.21,-35.3632622,149.1652374,584.09,0.0,228.36672973632812,0.0,0.0,0
1770586408.98034000,175024962,0,6,77627000,2405,10,1.21,-35.3632622,149.1652374,584.09,0.0,228.36672973632812,0.0,0.0,0
1770586409.18025994,175224882,0,6,77627200,2405,10,1.21,-35.3632622,149.1652374,584.09,0.0,228.36672973632812,0.0,0.0,0
1770586409.40017200,175444794,0,6,77627400,2405,10,1.21,-35.3632622,149.1652374,584.09,0.0,228.36672973632812,0.0,0.0,0
1770586409.60009217,175644714,0,6,77627600,2405,10,1.21,-35.3632622,149.1652374,584.09,0.0,228.36672973632812,0.0,0.0,0
1770586409.62008405,175664706,1,1,0,0,0,-0.01,0.0,0.0,0.0,0.0,0.0,0.0,0.0,1
1770586409.80001211,175844634,0,6,77627800,2405,10,1.21,-35.3632622,149.1652374,584.09,0.0,228.36672973632812,0.0,0.0,0
1770586409.99993205,176044554,0,6,77628000,2405,10,1.21,-35.3632622,149.1652374,584.09,0.0,228.36672973632812,0.0,0.0,0
1770586410.19985199,176244474,0,6,77628200,2405,10,1.21,-35.3632622,149.1652374,584.09,0.0,228.36672973632812,0.0,0.0,0
1770586410.39977217,176444394,0,6,77628400,2405,10,1.21,-35.3632622,149.1652374,584.09,0.0,228.36672973632812,0.0,0.0,0
1770586410.59969211,176644314,0,6,77628600,2405,10,1.21,-35.3632622,149.1652374,584.09,0.0,228.36672973632812,0.0,0.0,0
1770586410.78045297,176825075,0,6,77628800,2405,10,1.21,-35.3632622,149.1652374,584.09,0.0,228.36672973632812,0.0,0.0,0
1770586410.98037314,177024995,0,6,77629000,2405,10,1.21,-35.3632622,149.1652374,584.09,0.0,228.36672973632812,0.0,0.0,0
1770586411.18029308,177224915,0,6,77629200,2405,10,1.21,-35.3632622,149.1652374,584.09,0.0,228.36672973632812,0.0,0.0,0
1770586411.38021302,177424835,0,6,77629400,2405,10,1.21,-35.3632622,149.1652374,584.09,0.0,228.36672973632812,0.0,0.0,0
1770586411.60012507,177644747,0,6,77629600,2405,10,1.21,-35.3632622,149.1652374,584.09,0.0,228.36672973632812,0.0,0.0,0
1770586411.80004501,177844667,0,6,77629800,2405,10,1.21,-35.3632622,149.1652374,584.09,0.0,228.36672973632812,0.0,0.0,0
1770586411.99996495,178044587,0,6,77630000,2405,10,1.21,-35.3632622,149.1652374,584.09,0.0,228.36672973632812,0.0,0.0,0
1770586412.19988513,178244507,0,6,77630200,2405,10,1.21,-35.3632622,149.1652374,584.09,0.0,228.36672973632812,0.0,0.0,0
1770586412.39980507,178444427,0,6,77630400,2405,10,1.21,-35.3632622,149.1652374,584.09,0.0,228.36672973632812,0.0,0.0,0
1770586412.59972501,178644347,0,6,77630600,2405,10,1.21,-35.3632622,149.1652374,584.09,0.0,228.36672973632812,0.0,0.0,0
1770586412.78048611,178825108,0,6,77630800,2405,10,1.21,-35.3632622,149.1652374,584.09,0.0,228.36672973632812,0.0,0.0,0
1770586412.98040605,179025028,0,6,77631000,2405,10,1.21,-35.3632622,149.1652374,584.09,0.0,228.36672973632812,0.0,0.0,0
1770586413.18032598,179224948,0,6,77631200,2405,10,1.21,-35.3632622,149.1652374,584.09,0.0,228.36672973632812,0.0,0.0,0
1770586413.38024616,179424868,0,6,77631400,2405,10,1.21,-35.3632622,149.1652374,584.09,0.0,228.36672973632812,0.0,0.0,0
1770586413.60015798,179644780,0,6,77631600,2405,10,1.21,-35.3632622,149.1652374,584.09,0.0,228.36672973632812,0.0,0.0,0
1770586413.64014196,179684764,1,1,0,0,0,-0.01,0.0,0.0,0.0,0.0,0.0,0.0,0.0,1
1770586413.80007815,179844700,0,6,77631800,2405,10,1.21,-35.3632622,149.1652374,584.09,0.0,228.36672973632812,0.0,0.0,0
1770586413.99999809,180044620,0,6,77632000,2405,10,1.21,-35.3632622,149.1652374,584.09,0.0,228.36672973632812,0.0,0.0,0
1770586414.19991803,180244540,0,6,77632200,2405,10,1.21,-35.3632622,149.1652374,584.09,0.0,228.36672973632812,0.0,0.0,0
1770586414.39983797,180444460,0,6,77632400,2405,10,1.21,-35.3632622,149.1652374,584.09,0.0,228.36672973632812,0.0,0.0,0
1770586414.59975815,180644380,0,6,77632600,2405,10,1.21,-35.3632622,149.1652374,584.09,0.0,228.36672973632812,0.0,0.0,0
1770586414.78051901,180825141,0,6,77632800,2405,10,1.21,-35.3632622,149.1652374,584.09,0.0,228.36672973632812,0.0,0.0,0
1770586414.98043895,181025061,0,6,77633000,2405,10,1.21,-35.3632622,149.1652374,584.09,0.0,228.36672973632812,0.0,0.0,0
1770586415.18035913,181224981,0,6,77633200,2405,10,1.21,-35.3632622,149.1652374,584.09,0.0,228.36672973632812,0.0,0.0,0
1770586415.38027906,181424901,0,6,77633400,2405,10,1.21,-35.3632622,149.1652374,584.09,0.0,228.36672973632812,0.0,0.0,0
1770586415.60019112,181644813,0,6,77633600,2405,10,1.21,-35.3632622,149.1652374,584.09,0.0,228.36672973632812,0.0,0.0,0
1770586415.80011106,181844733,0,6,77633800,2405,10,1.21,-35.3632622,149.1652374,584.09,0.0,228.36672973632812,0.0,0.0,0
1770586416.00003099,182044653,0,6,77634000,2405,10,1.21,-35.3632622,149.1652374,584.09,0.0,228.36672973632812,0.0,0.0,0
1770586416.19995117,182244573,0,6,77634200,2405,10,1.21,-35.3632622,149.1652374,584.09,0.0,228.36672973632812,0.0,0.0,0
1770586416.39987111,182444493,0,6,77634400,2405,10,1.21,-35.3632622,149.1652374,584.09,0.0,228.36672973632812,0.0,0.0,0
1770586416.59979105,182644413,0,6,77634600,2405,10,1.21,-35.3632622,149.1652374,584.09,0.0,228.36672973632812,0.0,0.0,0
1770586416.79971099,182844333,0,6,77634800,2405,10,1.21,-35.3632622,149.1652374,584.09,0.0,228.36672973632812,0.0,0.0,0
1770586416.98047209,183025094,0,6,77635000,2405,10,1.21,-35.3632622,149.1652374,584.09,0.0,228.36672973632812,0.0,0.0,0
1770586417.18039203,183225014,0,6,77635200,2405,10,1.21,-35.3632622,149.1652374,584.09,0.0,228.36672973632812,0.0,0.0,0
1770586417.38031197,183424934,0,6,77635400,2405,10,1.21,-35.3632622,149.1652374,584.09,0.0,228.36672973632812,0.0,0.0,0
1770586417.58023214,183624854,0,6,77635600,2405,10,1.21,-35.3632622,149.1652374,584.09,0.0,228.36672973632812,0.0,0.0,0
1770586417.66020012,183704822,1,1,0,0,0,-0.01,0.0,0.0,0.0,0.0,0.0,0.0,0.0,1
1770586417.80014396,183844766,0,6,77635800,2405,10,1.21,-35.3632622,149.1652374,584.09,0.0,228.36672973632812,0.0,0.0,0
1770586418.00006413,184044686,0,6,77636000,2405,10,1.21,-35.3632622,149.1652374,584.09,0.0,228.36672973632812,0.0,0.0,0
1770586418.19998407,184244606,0,6,77636200,2405,10,1.21,-35.3632622,149.1652374,584.09,0.0,228.36672973632812,0.0,0.0,0
1770586418.39990401,184444526,0,6,77636400,2405,10,1.21,-35.3632622,149.1652374,584.09,0.0,228.36672973632812,0.0,0.0,0
1770586418.59982395,184644446,0,6,77636600,2405,10,1.21,-35.3632622,149.1652374,584.09,0.0,228.36672973632812,0.0,0.0,0
1770586418.79974413,184844366,0,6,77636800,2405,10,1.21,-35.3632622,149.1652374,584.09,0.0,228.36672973632812,0.0,0.0,0
1770586418.98050499,185025127,0,6,77637000,2405,10,1.21,-35.3632622,149.1652374,584.09,0.0,228.36672973632812,0.0,0.0,0
1770586419.18042517,185225047,0,6,77637200,2405,10,1.21,-35.3632622,149.1652374,584.09,0.0,228.36672973632812,0.0,0.0,0
1770586419.38034511,185424967,0,6,77637400,2405,10,1.21,-35.3632622,149.1652374,584.09,0.0,228.36672973632812,0.0,0.0,0
1770586419.58026505,185624887,0,6,77637600,2405,10,1.21,-35.3632622,149.1652374,584.09,0.0,228.36672973632812,0.0,0.0,0
1770586419.80017710,185844799,0,6,77637800,2405,10,1.21,-35.3632622,149.1652374,584.09,0.0,228.36672973632812,0.0,0.0,0
1770586420.00009704,186044719,0,6,77638000,2405,10,1.21,-35.3632622,149.1652374,584.09,0.0,228.36672973632812,0.0,0.0,0
1770586420.20001698,186244639,0,6,77638200,2405,10,1.21,-35.3632622,149.1652374,584.09,0.0,228.36672973632812,0.0,0.0,0
1770586420.39993715,186444559,0,6,77638400,2405,10,1.21,-35.3632622,149.1652374,584.09,0.0,228.36672973632812,0.0,0.0,0
1770586420.59985709,186644479,0,6,77638600,2405,10,1.21,-35.3632622,149.1652374,584.09,0.0,228.36672973632812,0.0,0.0,0
1770586420.79977703,186844399,0,6,77638800,2405,10,1.21,-35.3632622,149.1652374,584.09,0.0,228.36672973632812,0.0,0.0,0
1770586420.99969697,187044319,0,6,77639000,2405,10,1.21,-35.3632622,149.1652374,584.09,0.0,228.36672973632812,0.0,0.0,0
1770586421.18045807,187225080,0,6,77639200,2405,10,1.21,-35.3632622,149.1652374,584.09,0.0,228.36672973632812,0.0,0.0,0
1770586421.38037801,187425000,0,6,77639400,2405,10,1.21,-35.3632622,149.1652374,584.09,0.0,228.36672973632812,0.0,0.0,0
1770586421.58029795,187624920,0,6,77639600,2405,10,1.21,-35.3632622,149.1652374,584.09,0.0,228.36672973632812,0.0,0.0,0
1770586421.68025804,187724880,1,1,0,0,0,-0.01,0.0,0.0,0.0,0.0,0.0,0.0,0.0,1
1770586421.78021812,187824840,0,6,77639800,2405,10,1.21,-35.3632622,149.1652374,584.09,0.0,228.36672973632812,0.0,0.0,0
1770586422.00012994,188044752,0,6,77640000,2405,10,1.21,-35.3632622,149.1652374,584.09,0.0,228.36672973632812,0.0,0.0,0
1770586422.20005012,188244672,0,6,77640200,2405,10,1.21,-35.3632622,149.1652374,584.09,0.0,228.36672973632812,0.0,0.0,0
1770586422.39997005,188444592,0,6,77640400,2405,10,1.21,-35.3632622,149.1652374,584.09,0.0,228.36672973632812,0.0,0.0,0
1770586422.59988999,188644512,0,6,77640600,2405,10,1.21,-35.3632622,149.1652374,584.09,0.0,228.36672973632812,0.0,0.0,0
1770586422.79981017,188844432,0,6,77640800,2405,10,1.21,-35.3632622,149.1652374,584.09,0.0,228.36672973632812,0.0,0.0,0
1770586422.99973011,189044352,0,6,77641000,2405,10,1.21,-35.3632622,149.1652374,584.09,0.0,228.36672973632812,0.0,0.0,0
1770586423.18049097,189225113,0,6,77641200,2405,10,1.21,-35.3632622,149.1652374,584.09,0.0,228.36672973632812,0.0,0.0,0
1770586423.38041115,189425033,0,6,77641400,2405,10,1.21,-35.3632622,149.1652374,584.09,0.0,228.36672973632812,0.0,0.0,0
1770586423.58033109,189624953,0,6,77641600,2405,10,1.21,-35.3632622,149.1652374,584.09,0.0,228.36672973632812,0.0,0.0,0
1770586423.78025103,189824873,0,6,77641800,2405,10,1.21,-35.3632622,149.1652374,584.09,0.0,228.36672973632812,0.0,0.0,0
1770586424.00016308,190044785,0,6,77642000,2405,10,1.21,-35.3632622,149.1652374,584.09,0.0,228.36672973632812,0.0,0.0,0
1770586424.20008302,190244705,0,6,77642200,2405,10,1.21,-35.3632622,149.1652374,584.09,0.0,228.36672973632812,0.0,0.0,0
1770586424.40000296,190444625,0,6,77642400,2405,10,1.21,-35.3632622,149.1652374,584.09,0.0,228.36672973632812,0.0,0.0,0
1770586424.59992313,190644545,0,6,77642600,2405,10,1.21,-35.3632622,149.1652374,584.09,0.0,228.36672973632812,0.0,0.0,0
1770586424.79984307,190844465,0,6,77642800,2405,10,1.21,-35.3632622,149.1652374,584.09,0.0,228.36672973632812,0.0,0.0,0
1770586424.99976301,191044385,0,6,77643000,2405,10,1.21,-35.3632622,149.1652374,584.09,0.0,228.36672973632812,0.0,0.0,0
1770586425.20051599,191245138,0,6,77643200,2405,10,1.21,-35.3632622,149.1652374,584.09,0.0,228.36672973632812,0.0,0.0,0
1770586425.38044405,191425066,0,6,77643400,2405,10,1.21,-35.3632622,149.1652374,584.09,0.0,228.36672973632812,0.0,0.0,0
1770586425.58036399,191624986,0,6,77643600,2405,10,1.21,-35.3632622,149.1652374,584.09,0.0,228.36672973632812,0.0,0.0,0
1770586425.70031595,191744938,1,1,0,0,0,-0.01,0.0,0.0,0.0,0.0,0.0,0.0,0.0,1
1770586425.78028417,191824906,0,6,77643800,2405,10,1.21,-35.3632622,149.1652374,584.09,0.0,228.36672973632812,0.0,0.0,0
1770586426.00019598,192044818,0,6,77644000,2405,10,1.21,-35.3632622,149.1652374,584.09,0.0,228.36672973632812,0.0,0.0,0
1770586426.20011616,192244738,0,6,77644200,2405,10,1.21,-35.3632622,149.1652374,584.09,0.0,228.36672973632812,0.0,0.0,0
1770586426.40003610,192444658,0,6,77644400,2405,10,1.21,-35.3632622,149.1652374,584.09,0.0,228.36672973632812,0.0,0.0,0
1770586426.59995604,192644578,0,6,77644600,2405,10,1.21,-35.3632622,149.1652374,584.09,0.0,228.36672973632812,0.0,0.0,0
1770586426.79987597,192844498,0,6,77644800,2405,10,1.21,-35.3632622,149.1652374,584.09,0.0,228.36672973632812,0.0,0.0,0
1770586426.99979615,193044418,0,6,77645000,2405,10,1.21,-35.3632622,149.1652374,584.09,0.0,228.36672973632812,0.0,0.0,0
1770586427.19971609,193244338,0,6,77645200,2405,10,1.21,-35.3632622,149.1652374,584.09,0.0,228.36672973632812,0.0,0.0,0
1770586427.38047695,193425099,0,6,77645400,2405,10,1.21,-35.3632622,149.1652374,584.09,0.0,228.36672973632812,0.0,0.0,0
1770586427.58039713,193625019,0,6,77645600,2405,10,1.21,-35.3632622,149.1652374,584.09,0.0,228.36672973632812,0.0,0.0,0
1770586427.78031707,193824939,0,6,77645800,2405,10,1.21,-35.3632622,149.1652374,584.09,0.0,228.36672973632812,0.0,0.0,0
1770586427.98023701,194024859,0,6,77646000,2405,10,1.21,-35.3632622,149.1652374,584.09,0.0,228.36672973632812,0.0,0.0,0
1770586428.20014906,194244771,0,6,77646200,2405,10,1.21,-35.3632622,149.1652374,584.09,0.0,228.36672973632812,0.0,0.0,0
1770586428.40006900,194444691,0,6,77646400,2405,10,1.21,-35.3632622,149.1652374,584.09,0.0,228.36672973632812,0.0,0.0,0
1770586428.59998894,194644611,0,6,77646600,2405,10,1.21,-35.3632622,149.1652374,584.09,0.0,228.36672973632812,0.0,0.0,0
1770586428.79990911,194844531,0,6,77646800,2405,10,1.21,-35.3632622,149.1652374,584.09,0.0,228.36672973632812,0.0,0.0,0
1770586428.99982905,195044451,0,6,77647000,2405,10,1.21,-35.3632622,149.1652374,584.09,0.0,228.36672973632812,0.0,0.0,0
1770586429.19974899,195244371,0,6,77647200,2405,10,1.21,-35.3632622,149.1652374,584.09,0.0,228.36672973632812,0.0,0.0,0
1770586429.38051009,195425132,0,6,77647400,2405,10,1.21,-35.3632622,149.1652374,584.09,0.0,228.36672973632812,0.0,0.0,0
1770586429.58043003,195625052,0,6,77647600,2405,10,1.21,-35.3632622,149.1652374,584.09,0.0,228.36672973632812,0.0,0.0,0
1770586429.70038199,195745004,1,1,0,0,0,-0.01,0.0,0.0,0.0,0.0,0.0,0.0,0.0,1
1770586429.78034997,195824972,0,6,77647800,2405,10,1.21,-35.3632622,149.1652374,584.09,0.0,228.36672973632812,0.0,0.0,0
1770586429.98027015,196024892,0,6,77648000,2405,10,1.21,-35.3632622,149.1652374,584.09,0.0,228.36672973632812,0.0,0.0,0
1770586430.20018196,196244804,0,6,77648200,2405,10,1.21,-35.3632622,149.1652374,584.09,0.0,228.36672973632812,0.0,0.0,0
1770586430.40010214,196444724,0,6,77648400,2405,10,1.21,-35.3632622,149.1652374,584.09,0.0,228.36672973632812,0.0,0.0,0
1770586430.60002208,196644644,0,6,77648600,2405,10,1.21,-35.3632622,149.1652374,584.09,0.0,228.36672973632812,0.0,0.0,0
1770586430.79994202,196844564,0,6,77648800,2405,10,1.21,-35.3632622,149.1652374,584.09,0.0,228.36672973632812,0.0,0.0,0
1770586430.99986196,197044484,0,6,77649000,2405,10,1.21,-35.3632622,149.1652374,584.09,0.0,228.36672973632812,0.0,0.0,0
1770586431.19978213,197244404,0,6,77649200,2405,10,1.21,-35.3632622,149.1652374,584.09,0.0,228.36672973632812,0.0,0.0,0
1770586431.39970207,197444324,0,6,77649400,2405,10,1.21,-35.3632622,149.1652374,584.09,0.0,228.36672973632812,0.0,0.0,0
1770586431.58046317,197625085,0,6,77649600,2405,10,1.21,-35.3632622,149.1652374,584.09,0.0,228.36672973632812,0.0,0.0,0
1770586431.78038311,197825005,0,6,77649800,2405,10,1.21,-35.3632622,149.1652374,584.09,0.0,228.36672973632812,0.0,0.0,0
1770586431.98030305,198024925,0,6,77650000,2405,10,1.21,-35.3632622,149.1652374,584.09,0.0,228.36672973632812,0.0,0.0,0
1770586432.18022299,198224845,0,6,77650200,2405,10,1.21,-35.3632622,149.1652374,584.09,0.0,228.36672973632812,0.0,0.0,0
1770586432.40013504,198444757,0,6,77650400,2405,10,1.21,-35.3632622,149.1652374,584.09,0.0,228.36672973632812,0.0,0.0,0
1770586432.60005498,198644677,0,6,77650600,2405,10,1.21,-35.3632622,149.1652374,584.09,0.0,228.36672973632812,0.0,0.0,0
1770586432.79997516,198844597,0,6,77650800,2405,10,1.21,-35.3632622,149.1652374,584.09,0.0,228.36672973632812,0.0,0.0,0
1770586432.99989510,199044517,0,6,77651000,2405,10,1.21,-35.3632622,149.1652374,584.09,0.0,228.36672973632812,0.0,0.0,0
1770586433.19981503,199244437,0,6,77651200,2405,10,1.21,-35.3632622,149.1652374,584.09,0.0,228.36672973632812,0.0,0.0,0
1770586433.39973497,199444357,0,6,77651400,2405,10,1.21,-35.3632622,149.1652374,584.09,0.0,228.36672973632812,0.0,0.0,0
1770586433.58049607,199625118,0,6,77651600,2405,10,1.21,-35.3632622,149.1652374,584.09,0.0,228.36672973632812,0.0,0.0,0
1770586433.72044015,199765062,1,1,0,0,0,-0.01,0.0,0.0,0.0,0.0,0.0,0.0,0.0,1
1770586433.78041601,199825038,0,6,77651800,2405,10,1.21,-35.3632622,149.1652374,584.09,0.0,228.36672973632812,0.0,0.0,0
1770586433.98033595,200024958,0,6,77652000,2405,10,1.21,-35.3632622,149.1652374,584.09,0.0,228.36672973632812,0.0,0.0,0
1770586434.18025613,200224878,0,6,77652200,2405,10,1.21,-35.3632622,149.1652374,584.09,0.0,228.36672973632812,0.0,0.0,0
1770586434.40016794,200444790,0,6,77652400,2405,10,1.21,-35.3632622,149.1652374,584.09,0.0,228.36672973632812,0.0,0.0,0
1770586434.60008812,200644710,0,6,77652600,2405,10,1.21,-35.3632622,149.1652374,584.09,0.0,228.36672973632812,0.0,0.0,0
1770586434.80000806,200844630,0,6,77652800,2405,10,1.21,-35.3632622,149.1652374,584.09,0.0,228.36672973632812,0.0,0.0,0
1770586434.99992800,201044550,0,6,77653000,2405,10,1.21,-35.3632622,149.1652374,584.09,0.0,228.36672973632812,0.0,0.0,0
1770586435.19984794,201244470,0,6,77653200,2405,10,1.21,-35.3632622,149.1652374,584.09,0.0,228.36672973632812,0.0,0.0,0
1770586435.39976811,201444390,0,6,77653400,2405,10,1.21,-35.3632622,149.1652374,584.09,0.0,228.36672973632812,0.0,0.0,0
1770586435.59968805,201644310,0,6,77653600,2405,10,1.21,-35.3632622,149.1652374,584.09,0.0,228.36672973632812,0.0,0.0,0
1770586435.78044915,201825071,0,6,77653800,2405,10,1.21,-35.3632622,149.1652374,584.09,0.0,228.36672973632812,0.0,0.0,0
1770586435.98036909,202024991,0,6,77654000,2405,10,1.21,-35.3632622,149.1652374,584.09,0.0,228.36672973632812,0.0,0.0,0
1770586436.18028903,202224911,0,6,77654200,2405,10,1.21,-35.3632622,149.1652374,584.09,0.0,228.36672973632812,0.0,0.0,0
1770586436.40020108,202444823,0,6,77654400,2405,10,1.21,-35.3632622,149.1652374,584.09,0.0,228.36672973632812,0.0,0.0,0
1770586436.60012102,202644743,0,6,77654600,2405,10,1.21,-35.3632622,149.1652374,584.09,0.0,228.36672973632812,0.0,0.0,0
1770586436.80004096,202844663,0,6,77654800,2405,10,1.21,-35.3632622,149.1652374,584.09,0.0,228.36672973632812,0.0,0.0,0
1770586436.99996114,203044583,0,6,77655000,2405,10,1.21,-35.3632622,149.1652374,584.09,0.0,228.36672973632812,0.0,0.0,0
1770586437.19988108,203244503,0,6,77655200,2405,10,1.21,-35.3632622,149.1652374,584.09,0.0,228.36672973632812,0.0,0.0,0
1770586437.39980102,203444423,0,6,77655400,2405,10,1.21,-35.3632622,149.1652374,584.09,0.0,228.36672973632812,0.0,0.0,0
1770586437.59972095,203644343,0,6,77655600,2405,10,1.21,-35.3632622,149.1652374,584.09,0.0,228.36672973632812,0.0,0.0,0
1770586437.74049807,203785120,1,1,0,0,0,-0.01,0.0,0.0,0.0,0.0,0.0,0.0,0.0,1
1770586437.78048205,203825104,0,6,77655800,2405,10,1.21,-35.3632622,149.1652374,584.09,0.0,228.36672973632812,0.0,0.0,0
1770586437.98040199,204025024,0,6,77656000,2405,10,1.21,-35.3632622,149.1652374,584.09,0.0,228.36672973632812,0.0,0.0,0
1770586438.18032217,204224944,0,6,77656200,2405,10,1.21,-35.3632622,149.1652374,584.09,0.0,228.36672973632812,0.0,0.0,0
1770586438.38024211,204424864,0,6,77656400,2405,10,1.21,-35.3632622,149.1652374,584.09,0.0,228.36672973632812,0.0,0.0,0
1770586438.60015416,204644776,0,6,77656600,2405,10,1.21,-35.3632622,149.1652374,584.09,0.0,228.36672973632812,0.0,0.0,0
1770586438.80007410,204844696,0,6,77656800,2405,10,1.21,-35.3632622,149.1652374,584.09,0.0,228.36672973632812,0.0,0.0,0
1770586438.99999404,205044616,0,6,77657000,2405,10,1.21,-35.3632622,149.1652374,584.09,0.0,228.36672973632812,0.0,0.0,0
1770586439.19991398,205244536,0,6,77657200,2405,10,1.21,-35.3632622,149.1652374,584.09,0.0,228.36672973632812,0.0,0.0,0
1770586439.39983416,205444456,0,6,77657400,2405,10,1.21,-35.3632622,149.1652374,584.09,0.0,228.36672973632812,0.0,0.0,0
1770586439.59975410,205644376,0,6,77657600,2405,10,1.21,-35.3632622,149.1652374,584.09,0.0,228.36672973632812,0.0,0.0,0
1770586439.78051496,205825137,0,6,77657800,2405,10,1.21,-35.3632622,149.1652374,584.09,0.0,228.36672973632812,0.0,0.0,0
1770586439.98043513,206025057,0,6,77658000,2405,10,1.21,-35.3632622,149.1652374,584.09,0.0,228.36672973632812,0.0,0.0,0
1770586440.18035507,206224977,0,6,77658200,2405,10,1.21,-35.3632622,149.1652374,584.09,0.0,228.36672973632812,0.0,0.0,0
1770586440.38027501,206424897,0,6,77658400,2405,10,1.21,-35.3632622,149.1652374,584.09,0.0,228.36672973632812,0.0,0.0,0
1770586440.60018706,206644809,0,6,77658600,2405,10,1.21,-35.3632622,149.1652374,584.09,0.0,228.36672973632812,0.0,0.0,0
1770586440.80010700,206844729,0,6,77658800,2405,10,1.21,-35.3632622,149.1652374,584.09,0.0,228.36672973632812,0.0,0.0,0
1770586441.00002694,207044649,0,6,77659000,2405,10,1.21,-35.3632622,149.1652374,584.09,0.0,228.36672973632812,0.0,0.0,0
1770586441.19994712,207244569,0,6,77659200,2405,10,1.21,-35.3632622,149.1652374,584.09,0.0,228.36672973632812,0.0,0.0,0
1770586441.39986706,207444489,0,6,77659400,2405,10,1.21,-35.3632622,149.1652374,584.09,0.0,228.36672973632812,0.0,0.0,0
1770586441.59978700,207644409,0,6,77659600,2405,10,1.21,-35.3632622,149.1652374,584.09,0.0,228.36672973632812,0.0,0.0,0
1770586441.75972295,207804345,1,1,0,0,0,-0.01,0.0,0.0,0.0,0.0,0.0,0.0,0.0,1
1770586441.79970717,207844329,0,6,77659800,2405,10,1.21,-35.3632622,149.1652374,584.09,0.0,228.36672973632812,0.0,0.0,0
1770586441.98046803,208025090,0,6,77660000,2405,10,1.21,-35.3632622,149.1652374,584.09,0.0,228.36672973632812,0.0,0.0,0
1770586442.18038797,208225010,0,6,77660200,2405,10,1.21,-35.3632622,149.1652374,584.09,0.0,228.36672973632812,0.0,0.0,0
1770586442.38030815,208424930,0,6,77660400,2405,10,1.21,-35.3632622,149.1652374,584.09,0.0,228.36672973632812,0.0,0.0,0
1770586442.58022809,208624850,0,6,77660600,2405,10,1.21,-35.3632622,149.1652374,584.09,0.0,228.36672973632812,0.0,0.0,0
1770586442.80014014,208844762,0,6,77660800,2405,10,1.21,-35.3632622,149.1652374,584.09,0.0,228.36672973632812,0.0,0.0,0
1770586443.00006008,209044682,0,6,77661000,2405,10,1.21,-35.3632622,149.1652374,584.09,0.0,228.36672973632812,0.0,0.0,0
1770586443.19998002,209244602,0,6,77661200,2405,10,1.21,-35.3632622,149.1652374,584.09,0.0,228.36672973632812,0.0,0.0,0
1770586443.39989996,209444522,0,6,77661400,2405,10,1.21,-35.3632622,149.1652374,584.09,0.0,228.36672973632812,0.0,0.0,0
1770586443.59982014,209644442,0,6,77661600,2405,10,1.21,-35.3632622,149.1652374,584.09,0.0,228.36672973632812,0.0,0.0,0
1770586443.79974008,209844362,0,6,77661800,2405,10,1.21,-35.3632622,149.1652374,584.09,0.0,228.36672973632812,0.0,0.0,0
1770586443.98050094,210025123,0,6,77662000,2405,10,1.21,-35.3632622,149.1652374,584.09,0.0,228.36672973632812,0.0,0.0,0
1770586444.18042111,210225043,0,6,77662200,2405,10,1.21,-35.3632622,149.1652374,584.09,0.0,228.36672973632812,0.0,0.0,0
1770586444.38034105,210424963,0,6,77662400,2405,10,1.21,-35.3632622,149.1652374,584.09,0.0,228.36672973632812,0.0,0.0,0
1770586444.58026099,210624883,0,6,77662600,2405,10,1.21,-35.3632622,149.1652374,584.09,0.0,228.36672973632812,0.0,0.0,0
1770586444.80017304,210844795,0,6,77662800,2405,10,1.21,-35.3632622,149.1652374,584.09,0.0,228.36672973632812,0.0,0.0,0
1770586445.00009298,211044715,0,6,77663000,2405,10,1.21,-35.3632622,149.1652374,584.09,0.0,228.36672973632812,0.0,0.0,0
1770586445.20001316,211244635,0,6,77663200,2405,10,1.21,-35.3632622,149.1652374,584.09,0.0,228.36672973632812,0.0,0.0,0
1770586445.39993310,211444555,0,6,77663400,2405,10,1.21,-35.3632622,149.1652374,584.09,0.0,228.36672973632812,0.0,0.0,0
1770586445.59985304,211644475,0,6,77663600,2405,10,1.21,-35.3632622,149.1652374,584.09,0.0,228.36672973632812,0.0,0.0,0
1770586445.77978110,211824403,1,1,0,0,0,-0.01,0.0,0.0,0.0,0.0,0.0,0.0,0.0,1
1770586445.79977298,211844395,0,6,77663800,2405,10,1.21,-35.3632622,149.1652374,584.09,0.0,228.36672973632812,0.0,0.0,0
1770586445.99969316,212044315,0,6,77664000,2405,10,1.21,-35.3632622,149.1652374,584.09,0.0,228.36672973632812,0.0,0.0,0
1770586446.18045402,212225076,0,6,77664200,2405,10,1.21,-35.3632622,149.1652374,584.09,0.0,228.36672973632812,0.0,0.0,0
1770586446.38037395,212424996,0,6,77664400,2405,10,1.21,-35.3632622,149.1652374,584.09,0.0,228.36672973632812,0.0,0.0,0
1770586446.58029413,212624916,0,6,77664600,2405,10,1.21,-35.3632622,149.1652374,584.09,0.0,228.36672973632812,0.0,0.0,0
1770586446.78021407,212824836,0,6,77664800,2405,10,1.21,-35.3632622,149.1652374,584.09,0.0,228.36672973632812,0.0,0.0,0
1770586447.00012612,213044748,0,6,77665000,2405,10,1.21,-35.3632622,149.1652374,584.09,0.0,228.36672973632812,0.0,0.0,0
1770586447.20004606,213244668,0,6,77665200,2405,10,1.21,-35.3632622,149.1652374,584.09,0.0,228.36672973632812,0.0,0.0,0
1770586447.39996600,213444588,0,6,77665400,2405,10,1.21,-35.3632622,149.1652374,584.09,0.0,228.36672973632812,0.0,0.0,0
1770586447.59988594,213644508,0,6,77665600,2405,10,1.21,-35.3632622,149.1652374,584.09,0.0,228.36672973632812,0.0,0.0,0
1770586447.79980612,213844428,0,6,77665800,2405,10,1.21,-35.3632622,149.1652374,584.09,0.0,228.36672973632812,0.0,0.0,0
1770586447.99972606,214044348,0,6,77666000,2405,10,1.21,-35.3632622,149.1652374,584.09,0.0,228.36672973632812,0.0,0.0,0
1770586448.18048716,214225109,0,6,77666200,2405,10,1.21,-35.3632622,149.1652374,584.09,0.0,228.36672973632812,0.0,0.0,0
1770586448.38040709,214425029,0,6,77666400,2405,10,1.21,-35.3632622,149.1652374,584.09,0.0,228.36672973632812,0.0,0.0,0
1770586448.58032703,214624949,0,6,77666600,2405,10,1.21,-35.3632622,149.1652374,584.09,0.0,228.36672973632812,0.0,0.0,0
1770586448.78024697,214824869,0,6,77666800,2405,10,1.21,-35.3632622,149.1652374,584.09,0.0,228.36672973632812,0.0,0.0,0
1770586449.00015903,215044781,0,6,77667000,2405,10,1.21,-35.3632622,149.1652374,584.09,0.0,228.36672973632812,0.0,0.0,0
1770586449.20007896,215244701,0,6,77667200,2405,10,1.21,-35.3632622,149.1652374,584.09,0.0,228.36672973632812,0.0,0.0,0
1770586449.39999914,215444621,0,6,77667400,2405,10,1.21,-35.3632622,149.1652374,584.09,0.0,228.36672973632812,0.0,0.0,0
1770586449.59991908,215644541,0,6,77667600,2405,10,1.21,-35.3632622,149.1652374,584.09,0.0,228.36672973632812,0.0,0.0,0
1770586449.79983902,215844461,0,6,77667800,2405,10,1.21,-35.3632622,149.1652374,584.09,0.0,228.36672973632812,0.0,0.0,0
1770586449.79983902,215844461,1,1,0,0,0,-0.01,0.0,0.0,0.0,0.0,0.0,0.0,0.0,1
1770586449.99975896,216044381,0,6,77668000,2405,10,1.21,-35.3632622,149.1652374,584.09,0.0,228.36672973632812,0.0,0.0,0
1770586450.18052006,216225142,0,6,77668200,2405,10,1.21,-35.3632622,149.1652374,584.09,0.0,228.36672973632812,0.0,0.0,0
1770586450.38044000,216425062,0,6,77668400,2405,10,1.21,-35.3632622,149.1652374,584.09,0.0,228.36672973632812,0.0,0.0,0
1770586450.58036017,216624982,0,6,77668600,2405,10,1.21,-35.3632622,149.1652374,584.09,0.0,228.36672973632812,0.0,0.0,0
1770586450.78028011,216824902,0,6,77668800,2405,10,1.21,-35.3632622,149.1652374,584.09,0.0,228.36672973632812,0.0,0.0,0
1770586451.00019217,217044814,0,6,77669000,2405,10,1.21,-35.3632622,149.1652374,584.09,0.0,228.36672973632812,0.0,0.0,0
1770586451.20011210,217244734,0,6,77669200,2405,10,1.21,-35.3632622,149.1652374,584.09,0.0,228.36672973632812,0.0,0.0,0
1770586451.40003204,217444654,0,6,77669400,2405,10,1.21,-35.3632622,149.1652374,584.09,0.0,228.36672973632812,0.0,0.0,0
1770586451.59995198,217644574,0,6,77669600,2405,10,1.21,-35.3632622,149.1652374,584.09,0.0,228.36672973632812,0.0,0.0,0
1770586451.79987216,217844494,0,6,77669800,2405,10,1.21,-35.3632622,149.1652374,584.09,0.0,228.36672973632812,0.0,0.0,0
1770586451.99979210,218044414,0,6,77670000,2405,10,1.21,-35.3632622,149.1652374,584.09,0.0,228.36672973632812,0.0,0.0,0
1770586452.19971204,218244334,0,6,77670200,2405,10,1.21,-35.3632622,149.1652374,584.09,0.0,228.36672973632812,0.0,0.0,0
1770586452.38047314,218425095,0,6,77670400,2405,10,1.21,-35.3632622,149.1652374,584.09,0.0,228.36672973632812,0.0,0.0,0
1770586452.58039308,218625015,0,6,77670600,2405,10,1.21,-35.3632622,149.1652374,584.09,0.0,228.36672973632812,0.0,0.0,0
1770586452.78031301,218824935,0,6,77670800,2405,10,1.21,-35.3632622,149.1652374,584.09,0.0,228.36672973632812,0.0,0.0,0
1770586452.98023295,219024855,0,6,77671000,2405,10,1.21,-35.3632622,149.1652374,584.09,0.0,228.36672973632812,0.0,0.0,0
1770586453.20014501,219244767,0,6,77671200,2405,10,1.21,-35.3632622,149.1652374,584.09,0.0,228.36672973632812,0.0,0.0,0
1770586453.40006495,219444687,0,6,77671400,2405,10,1.21,-35.3632622,149.1652374,584.09,0.0,228.36672973632812,0.0,0.0,0
1770586453.59998512,219644607,0,6,77671600,2405,10,1.21,-35.3632622,149.1652374,584.09,0.0,228.36672973632812,0.0,0.0,0
1770586453.79990506,219844527,0,6,77671800,2405,10,1.21,-35.3632622,149.1652374,584.09,0.0,228.36672973632812,0.0,0.0,0
1770586453.81989694,219864519,1,1,0,0,0,-0.01,0.0,0.0,0.0,0.0,0.0,0.0,0.0,1
1770586453.99982500,220044447,0,6,77672000,2405,10,1.21,-35.3632622,149.1652374,584.09,0.0,228.36672973632812,0.0,0.0,0
1770586454.19974494,220244367,0,6,77672200,2405,10,1.21,-35.3632622,149.1652374,584.09,0.0,228.36672973632812,0.0,0.0,0
1770586454.38050604,220425128,0,6,77672400,2405,10,1.21,-35.3632622,149.1652374,584.09,0.0,228.36672973632812,0.0,0.0,0
1770586454.58042598,220625048,0,6,77672600,2405,10,1.21,-35.3632622,149.1652374,584.09,0.0,228.36672973632812,0.0,0.0,0
1770586454.78034616,220824968,0,6,77672800,2405,10,1.21,-35.3632622,149.1652374,584.09,0.0,228.36672973632812,0.0,0.0,0
1770586454.98026609,221024888,0,6,77673000,2405,10,1.21,-35.3632622,149.1652374,584.09,0.0,228.36672973632812,0.0,0.0,0
1770586455.20017815,221244800,0,6,77673200,2405,10,1.21,-35.3632622,149.1652374,584.09,0.0,228.36672973632812,0.0,0.0,0
1770586455.40009809,221444720,0,6,77673400,2405,10,1.21,-35.3632622,149.1652374,584.09,0.0,228.36672973632812,0.0,0.0,0
1770586455.60001802,221644640,0,6,77673600,2405,10,1.21,-35.3632622,149.1652374,584.09,0.0,228.36672973632812,0.0,0.0,0
1770586455.79993796,221844560,0,6,77673800,2405,10,1.21,-35.3632622,149.1652374,584.09,0.0,228.36672973632812,0.0,0.0,0
1770586455.99985814,222044480,0,6,77674000,2405,10,1.21,-35.3632622,149.1652374,584.09,0.0,228.36672973632812,0.0,0.0,0
1770586456.19977808,222244400,0,6,77674200,2405,10,1.21,-35.3632622,149.1652374,584.09,0.0,228.36672973632812,0.0,0.0,0
1770586456.39969802,222444320,0,6,77674400,2405,10,1.21,-35.3632622,149.1652374,584.09,0.0,228.36672973632812,0.0,0.0,0
1770586456.58045912,222625081,0,6,77674600,2405,10,1.21,-35.3632622,149.1652374,584.09,0.0,228.36672973632812,0.0,0.0,0
1770586456.78037906,222825001,0,6,77674800,2405,10,1.21,-35.3632622,149.1652374,584.09,0.0,228.36672973632812,0.0,0.0,0
1770586456.98029900,223024921,0,6,77675000,2405,10,1.21,-35.3632622,149.1652374,584.09,0.0,228.36672973632812,0.0,0.0,0
1770586457.18021917,223224841,0,6,77675200,2405,10,1.21,-35.3632622,149.1652374,584.09,0.0,228.36672973632812,0.0,0.0,0
1770586457.40013099,223444753,0,6,77675400,2405,10,1.21,-35.3632622,149.1652374,584.09,0.0,228.36672973632812,0.0,0.0,0
1770586457.60005116,223644673,0,6,77675600,2405,10,1.21,-35.3632622,149.1652374,584.09,0.0,228.36672973632812,0.0,0.0,0
1770586457.79997110,223844593,0,6,77675800,2405,10,1.21,-35.3632622,149.1652374,584.09,0.0,228.36672973632812,0.0,0.0,0
1770586457.83995509,223884577,1,1,0,0,0,-0.01,0.0,0.0,0.0,0.0,0.0,0.0,0.0,1
1770586457.99989104,224044513,0,6,77676000,2405,10,1.21,-35.3632622,149.1652374,584.09,0.0,228.36672973632812,0.0,0.0,0
1770586458.19981098,224244433,0,6,77676200,2405,10,1.21,-35.3632622,149.1652374,584.09,0.0,228.36672973632812,0.0,0.0,0
1770586458.39973116,224444353,0,6,77676400,2405,10,1.21,-35.3632622,149.1652374,584.09,0.0,228.36672973632812,0.0,0.0,0
1770586458.58049202,224625114,0,6,77676600,2405,10,1.21,-35.3632622,149.1652374,584.09,0.0,228.36672973632812,0.0,0.0,0
1770586458.78041196,224825034,0,6,77676800,2405,10,1.21,-35.3632622,149.1652374,584.09,0.0,228.36672973632812,0.0,0.0,0
1770586458.98033214,225024954,0,6,77677000,2405,10,1.21,-35.3632622,149.1652374,584.09,0.0,228.36672973632812,0.0,0.0,0
1770586459.18025208,225224874,0,6,77677200,2405,10,1.21,-35.3632622,149.1652374,584.09,0.0,228.36672973632812,0.0,0.0,0
1770586459.40016413,225444786,0,6,77677400,2405,10,1.21,-35.3632622,149.1652374,584.09,0.0,228.36672973632812,0.0,0.0,0
1770586459.60008407,225644706,0,6,77677600,2405,10,1.21,-35.3632622,149.1652374,584.09,0.0,228.36672973632812,0.0,0.0,0
1770586459.80000401,225844626,0,6,77677800,2405,10,1.21,-35.3632622,149.1652374,584.09,0.0,228.36672973632812,0.0,0.0,0
1770586459.99992394,226044546,0,6,77678000,2405,10,1.21,-35.3632622,149.1652374,584.09,0.0,228.36672973632812,0.0,0.0,0
1770586460.19984412,226244466,0,6,77678200,2405,10,1.21,-35.3632622,149.1652374,584.09,0.0,228.36672973632812,0.0,0.0,0
1770586460.39976406,226444386,0,6,77678400,2405,10,1.21,-35.3632622,149.1652374,584.09,0.0,228.36672973632812,0.0,0.0,0
1770586460.60051703,226645139,0,6,77678600,2405,10,1.21,-35.3632622,149.1652374,584.09,0.0,228.36672973632812,0.0,0.0,0
1770586460.78044510,226825067,0,6,77678800,2405,10,1.21,-35.3632622,149.1652374,584.09,0.0,228.36672973632812,0.0,0.0,0
1770586460.98036504,227024987,0,6,77679000,2405,10,1.21,-35.3632622,149.1652374,584.09,0.0,228.36672973632812,0.0,0.0,0
1770586461.18028498,227224907,0,6,77679200,2405,10,1.21,-35.3632622,149.1652374,584.09,0.0,228.36672973632812,0.0,0.0,0
1770586461.40019703,227444819,0,6,77679400,2405,10,1.21,-35.3632622,149.1652374,584.09,0.0,228.36672973632812,0.0,0.0,0
1770586461.60011697,227644739,0,6,77679600,2405,10,1.21,-35.3632622,149.1652374,584.09,0.0,228.36672973632812,0.0,0.0,0
1770586461.80003715,227844659,0,6,77679800,2405,10,1.21,-35.3632622,149.1652374,584.09,0.0,228.36672973632812,0.0,0.0,0
1770586461.86001301,227904635,1,1,0,0,0,-0.01,0.0,0.0,0.0,0.0,0.0,0.0,0.0,1
1770586461.99995708,228044579,0,6,77680000,2405,10,1.21,-35.3632622,149.1652374,584.09,0.0,228.36672973632812,0.0,0.0,0
1770586462.19987702,228244499,0,6,77680200,2405,10,1.21,-35.3632622,149.1652374,584.09,0.0,228.36672973632812,0.0,0.0,0
1770586462.39979696,228444419,0,6,77680400,2405,10,1.21,-35.3632622,149.1652374,584.09,0.0,228.36672973632812,0.0,0.0,0
1770586462.59971714,228644339,0,6,77680600,2405,10,1.21,-35.3632622,149.1652374,584.09,0.0,228.36672973632812,0.0,0.0,0
1770586462.78047800,228825100,0,6,77680800,2405,10,1.21,-35.3632622,149.1652374,584.09,0.0,228.36672973632812,0.0,0.0,0
1770586462.98039794,229025020,0,6,77681000,2405,10,1.21,-35.3632622,149.1652374,584.09,0.0,228.36672973632812,0.0,0.0,0
1770586463.18031812,229224940,0,6,77681200,2405,10,1.21,-35.3632622,149.1652374,584.09,0.0,228.36672973632812,0.0,0.0,0
1770586463.38023806,229424860,0,6,77681400,2405,10,1.21,-35.3632622,149.1652374,584.09,0.0,228.36672973632812,0.0,0.0,0
1770586463.60015011,229644772,0,6,77681600,2405,10,1.21,-35.3632622,149.1652374,584.09,0.0,228.36672973632812,0.0,0.0,0
1770586463.80007005,229844692,0,6,77681800,2405,10,1.21,-35.3632622,149.1652374,584.09,0.0,228.36672973632812,0.0,0.0,0
1770586463.99998999,230044612,0,6,77682000,2405,10,1.21,-35.3632622,149.1652374,584.09,0.0,228.36672973632812,0.0,0.0,0
1770586464.19991016,230244532,0,6,77682200,2405,10,1.21,-35.3632622,149.1652374,584.09,0.0,228.36672973632812,0.0,0.0,0
1770586464.39983010,230444452,0,6,77682400,2405,10,1.21,-35.3632622,149.1652374,584.09,0.0,228.36672973632812,0.0,0.0,0
1770586464.59975004,230644372,0,6,77682600,2405,10,1.21,-35.3632622,149.1652374,584.09,0.0,228.36672973632812,0.0,0.0,0
1770586464.78051114,230825133,0,6,77682800,2405,10,1.21,-35.3632622,149.1652374,584.09,0.0,228.36672973632812,0.0,0.0,0
1770586464.98043108,231025053,0,6,77683000,2405,10,1.21,-35.3632622,149.1652374,584.09,0.0,228.36672973632812,0.0,0.0,0
1770586465.18035102,231224973,0,6,77683200,2405,10,1.21,-35.3632622,149.1652374,584.09,0.0,228.36672973632812,0.0,0.0,0
1770586465.38027096,231424893,0,6,77683400,2405,10,1.21,-35.3632622,149.1652374,584.09,0.0,228.36672973632812,0.0,0.0,0
1770586465.60018301,231644805,0,6,77683600,2405,10,1.21,-35.3632622,149.1652374,584.09,0.0,228.36672973632812,0.0,0.0,0
1770586465.80010295,231844725,0,6,77683800,2405,10,1.21,-35.3632622,149.1652374,584.09,0.0,228.36672973632812,0.0,0.0,0
1770586465.88007116,231924693,1,1,0,0,0,-0.01,0.0,0.0,0.0,0.0,0.0,0.0,0.0,1
1770586466.00002313,232044645,0,6,77684000,2405,10,1.21,-35.3632622,149.1652374,584.09,0.0,228.36672973632812,0.0,0.0,0
1770586466.19994307,232244565,0,6,77684200,2405,10,1.21,-35.3632622,149.1652374,584.09,0.0,228.36672973632812,0.0,0.0,0
1770586466.39986300,232444485,0,6,77684400,2405,10,1.21,-35.3632622,149.1652374,584.09,0.0,228.36672973632812,0.0,0.0,0
1770586466.59978294,232644405,0,6,77684600,2405,10,1.21,-35.3632622,149.1652374,584.09,0.0,228.36672973632812,0.0,0.0,0
1770586466.79970312,232844325,0,6,77684800,2405,10,1.21,-35.3632622,149.1652374,584.09,0.0,228.36672973632812,0.0,0.0,0
1770586466.98046398,233025086,0,6,77685000,2405,10,1.21,-35.3632622,149.1652374,584.09,0.0,228.36672973632812,0.0,0.0,0
1770586467.18038416,233225006,0,6,77685200,2405,10,1.21,-35.3632622,149.1652374,584.09,0.0,228.36672973632812,0.0,0.0,0
1770586467.38030410,233424926,0,6,77685400,2405,10,1.21,-35.3632622,149.1652374,584.09,0.0,228.36672973632812,0.0,0.0,0
1770586467.58022404,233624846,0,6,77685600,2405,10,1.21,-35.3632622,149.1652374,584.09,0.0,228.36672973632812,0.0,0.0,0
1770586467.80013609,233844758,0,6,77685800,2405,10,1.21,-35.3632622,149.1652374,584.09,0.0,228.36672973632812,0.0,0.0,0
1770586468.00005603,234044678,0,6,77686000,2405,10,1.21,-35.3632622,149.1652374,584.09,0.0,228.36672973632812,0.0,0.0,0
1770586468.19997597,234244598,0,6,77686200,2405,10,1.21,-35.3632622,149.1652374,584.09,0.0,228.36672973632812,0.0,0.0,0
1770586468.39989614,234444518,0,6,77686400,2405,10,1.21,-35.3632622,149.1652374,584.09,0.0,228.36672973632812,0.0,0.0,0
1770586468.59981608,234644438,0,6,77686600,2405,10,1.21,-35.3632622,149.1652374,584.09,0.0,228.36672973632812,0.0,0.0,0
1770586468.79973602,234844358,0,6,77686800,2405,10,1.21,-35.3632622,149.1652374,584.09,0.0,228.36672973632812,0.0,0.0,0
1770586468.98049712,235025119,0,6,77687000,2405,10,1.21,-35.3632622,149.1652374,584.09,0.0,228.36672973632812,0.0,0.0,0
1770586469.18041706,235225039,0,6,77687200,2405,10,1.21,-35.3632622,149.1652374,584.09,0.0,228.36672973632812,0.0,0.0,0
1770586469.38033700,235424959,0,6,77687400,2405,10,1.21,-35.3632622,149.1652374,584.09,0.0,228.36672973632812,0.0,0.0,0
1770586469.58025694,235624879,0,6,77687600,2405,10,1.21,-35.3632622,149.1652374,584.09,0.0,228.36672973632812,0.0,0.0,0
1770586469.80016899,235844791,0,6,77687800,2405,10,1.21,-35.3632622,149.1652374,584.09,0.0,228.36672973632812,0.0,0.0,0
1770586469.90012908,235944751,1,1,0,0,0,-0.01,0.0,0.0,0.0,0.0,0.0,0.0,0.0,1
1770586470.00008917,236044711,0,6,77688000,2405,10,1.21,-35.3632622,149.1652374,584.09,0.0,228.36672973632812,0.0,0.0,0
1770586470.20000911,236244631,0,6,77688200,2405,10,1.21,-35.3632622,149.1652374,584.09,0.0,228.36672973632812,0.0,0.0,0
1770586470.39992905,236444551,0,6,77688400,2405,10,1.21,-35.3632622,149.1652374,584.09,0.0,228.36672973632812,0.0,0.0,0
1770586470.59984899,236644471,0,6,77688600,2405,10,1.21,-35.3632622,149.1652374,584.09,0.0,228.36672973632812,0.0,0.0,0
1770586470.79976916,236844391,0,6,77688800,2405,10,1.21,-35.3632622,149.1652374,584.09,0.0,228.36672973632812,0.0,0.0,0
1770586470.99968910,237044311,0,6,77689000,2405,10,1.21,-35.3632622,149.1652374,584.09,0.0,228.36672973632812,0.0,0.0,0
1770586471.18044996,237225072,0,6,77689200,2405,10,1.21,-35.3632622,149.1652374,584.09,0.0,228.36672973632812,0.0,0.0,0
1770586471.38037014,237424992,0,6,77689400,2405,10,1.21,-35.3632622,149.1652374,584.09,0.0,228.36672973632812,0.0,0.0,0
1770586471.58029008,237624912,0,6,77689600,2405,10,1.21,-35.3632622,149.1652374,584.09,0.0,228.36672973632812,0.0,0.0,0
1770586471.80020213,237844824,0,6,77689800,2405,10,1.21,-35.3632622,149.1652374,584.09,0.0,228.36672973632812,0.0,0.0,0
1770586472.00012207,238044744,0,6,77690000,2405,10,1.21,-35.3632622,149.1652374,584.09,0.0,228.36672973632812,0.0,0.0,0
1770586472.20004201,238244664,0,6,77690200,2405,10,1.21,-35.3632622,149.1652374,584.09,0.0,228.36672973632812,0.0,0.0,0
1770586472.39996195,238444584,0,6,77690400,2405,10,1.21,-35.3632622,149.1652374,584.09,0.0,228.36672973632812,0.0,0.0,0
1770586472.59988213,238644504,0,6,77690600,2405,10,1.21,-35.3632622,149.1652374,584.09,0.0,228.36672973632812,0.0,0.0,0
1770586472.79980206,238844424,0,6,77690800,2405,10,1.21,-35.3632622,149.1652374,584.09,0.0,228.36672973632812,0.0,0.0,0
1770586472.99972200,239044344,0,6,77691000,2405,10,1.21,-35.3632622,149.1652374,584.09,0.0,228.36672973632812,0.0,0.0,0
1770586473.18048310,239225105,0,6,77691200,2405,10,1.21,-35.3632622,149.1652374,584.09,0.0,228.36672973632812,0.0,0.0,0
1770586473.38040304,239425025,0,6,77691400,2405,10,1.21,-35.3632622,149.1652374,584.09,0.0,228.36672973632812,0.0,0.0,0
1770586473.58032298,239624945,0,6,77691600,2405,10,1.21,-35.3632622,149.1652374,584.09,0.0,228.36672973632812,0.0,0.0,0
1770586473.78024316,239824865,0,6,77691800,2405,10,1.21,-35.3632622,149.1652374,584.09,0.0,228.36672973632812,0.0,0.0,0
1770586473.92018700,239964809,1,1,0,0,0,-0.01,0.0,0.0,0.0,0.0,0.0,0.0,0.0,1
1770586474.00015497,240044777,0,6,77692000,2405,10,1.21,-35.3632622,149.1652374,584.09,0.0,228.36672973632812,0.0,0.0,0
1770586474.20007515,240244697,0,6,77692200,2405,10,1.21,-35.3632622,149.1652374,584.09,0.0,228.36672973632812,0.0,0.0,0
1770586474.39999509,240444617,0,6,77692400,2405,10,1.21,-35.3632622,149.1652374,584.09,0.0,228.36672973632812,0.0,0.0,0
1770586474.59991503,240644537,0,6,77692600,2405,10,1.21,-35.3632622,149.1652374,584.09,0.0,228.36672973632812,0.0,0.0,0
1770586474.79983497,240844457,0,6,77692800,2405,10,1.21,-35.3632622,149.1652374,584.09,0.0,228.36672973632812,0.0,0.0,0
1770586474.99975514,241044377,0,6,77693000,2405,10,1.21,-35.3632622,149.1652374,584.09,0.0,228.36672973632812,0.0,0.0,0
1770586475.18051600,241225138,0,6,77693200,2405,10,1.21,-35.3632622,149.1652374,584.09,0.0,228.36672973632812,0.0,0.0,0
1770586475.38043594,241425058,0,6,77693400,2405,10,1.21,-35.3632622,149.1652374,584.09,0.0,228.36672973632812,0.0,0.0,0
1770586475.58035612,241624978,0,6,77693600,2405,10,1.21,-35.3632622,149.1652374,584.09,0.0,228.36672973632812,0.0,0.0,0
1770586475.78027606,241824898,0,6,77693800,2405,10,1.21,-35.3632622,149.1652374,584.09,0.0,228.36672973632812,0.0,0.0,0
1770586476.00018811,242044810,0,6,77694000,2405,10,1.21,-35.3632622,149.1652374,584.09,0.0,228.36672973632812,0.0,0.0,0
1770586476.20010805,242244730,0,6,77694200,2405,10,1.21,-35.3632622,149.1652374,584.09,0.0,228.36672973632812,0.0,0.0,0
1770586476.40002799,242444650,0,6,77694400,2405,10,1.21,-35.3632622,149.1652374,584.09,0.0,228.36672973632812,0.0,0.0,0
1770586476.59994817,242644570,0,6,77694600,2405,10,1.21,-35.3632622,149.1652374,584.09,0.0,228.36672973632812,0.0,0.0,0
1770586476.79986811,242844490,0,6,77694800,2405,10,1.21,-35.3632622,149.1652374,584.09,0.0,228.36672973632812,0.0,0.0,0
1770586476.99978805,243044410,0,6,77695000,2405,10,1.21,-35.3632622,149.1652374,584.09,0.0,228.36672973632812,0.0,0.0,0
1770586477.19970798,243244330,0,6,77695200,2405,10,1.21,-35.3632622,149.1652374,584.09,0.0,228.36672973632812,0.0,0.0,0
1770586477.38046908,243425091,0,6,77695400,2405,10,1.21,-35.3632622,149.1652374,584.09,0.0,228.36672973632812,0.0,0.0,0
1770586477.58038902,243625011,0,6,77695600,2405,10,1.21,-35.3632622,149.1652374,584.09,0.0,228.36672973632812,0.0,0.0,0
1770586477.78030896,243824931,0,6,77695800,2405,10,1.21,-35.3632622,149.1652374,584.09,0.0,228.36672973632812,0.0,0.0,0
1770586477.94024515,243984867,1,1,0,0,0,-0.01,0.0,0.0,0.0,0.0,0.0,0.0,0.0,1
1770586477.98022914,244024851,0,6,77696000,2405,10,1.21,-35.3632622,149.1652374,584.09,0.0,228.36672973632812,0.0,0.0,0
1770586478.20014095,244244763,0,6,77696200,2405,10,1.21,-35.3632622,149.1652374,584.09,0.0,228.36672973632812,0.0,0.0,0
1770586478.40006113,244444683,0,6,77696400,2405,10,1.21,-35.3632622,149.1652374,584.09,0.0,228.36672973632812,0.0,0.0,0
1770586478.59998107,244644603,0,6,77696600,2405,10,1.21,-35.3632622,149.1652374,584.09,0.0,228.36672973632812,0.0,0.0,0
1770586478.79990101,244844523,0,6,77696800,2405,10,1.21,-35.3632622,149.1652374,584.09,0.0,228.36672973632812,0.0,0.0,0
1770586478.99982095,245044443,0,6,77697000,2405,10,1.21,-35.3632622,149.1652374,584.09,0.0,228.36672973632812,0.0,0.0,0
1770586479.19974113,245244363,0,6,77697200,2405,10,1.21,-35.3632622,149.1652374,584.09,0.0,228.36672973632812,0.0,0.0,0
1770586479.38050199,245425124,0,6,77697400,2405,10,1.21,-35.3632622,149.1652374,584.09,0.0,228.36672973632812,0.0,0.0,0
1770586479.58042216,245625044,0,6,77697600,2405,10,1.21,-35.3632622,149.1652374,584.09,0.0,228.36672973632812,0.0,0.0,0
1770586479.78034210,245824964,0,6,77697800,2405,10,1.21,-35.3632622,149.1652374,584.09,0.0,228.36672973632812,0.0,0.0,0
1770586479.98026204,246024884,0,6,77698000,2405,10,1.21,-35.3632622,149.1652374,584.09,0.0,228.36672973632812,0.0,0.0,0
1770586480.20017409,246244796,0,6,77698200,2405,10,1.21,-35.3632622,149.1652374,584.09,0.0,228.36672973632812,0.0,0.0,0
1770586480.40009403,246444716,0,6,77698400,2405,10,1.21,-35.3632622,149.1652374,584.09,0.0,228.36672973632812,0.0,0.0,0
1770586480.60001397,246644636,0,6,77698600,2405,10,1.21,-35.3632622,149.1652374,584.09,0.0,228.36672973632812,0.0,0.0,0
1770586480.79993415,246844556,0,6,77698800,2405,10,1.21,-35.3632622,149.1652374,584.09,0.0,228.36672973632812,0.0,0.0,0
1770586480.99985409,247044476,0,6,77699000,2405,10,1.21,-35.3632622,149.1652374,584.09,0.0,228.36672973632812,0.0,0.0,0
1770586481.19977403,247244396,0,6,77699200,2405,10,1.21,-35.3632622,149.1652374,584.09,0.0,228.36672973632812,0.0,0.0,0
1770586481.39969397,247444316,0,6,77699400,2405,10,1.21,-35.3632622,149.1652374,584.09,0.0,228.36672973632812,0.0,0.0,0
1770586481.58045506,247625077,0,6,77699600,2405,10,1.21,-35.3632622,149.1652374,584.09,0.0,228.36672973632812,0.0,0.0,0
1770586481.78037500,247824997,0,6,77699800,2405,10,1.21,-35.3632622,149.1652374,584.09,0.0,228.36672973632812,0.0,0.0,0
1770586481.96030307,248004925,1,1,0,0,0,-0.01,0.0,0.0,0.0,0.0,0.0,0.0,0.0,1
1770586481.98029494,248024917,0,6,77700000,2405,10,1.21,-35.3632622,149.1652374,584.09,0.0,228.36672973632812,0.0,0.0,0
1770586482.18021512,248224837,0,6,77700200,2405,10,1.21,-35.3632622,149.1652374,584.09,0.0,228.36672973632812,0.0,0.0,0
1770586482.40012717,248444749,0,6,77700400,2405,10,1.21,-35.3632622,149.1652374,584.09,0.0,228.36672973632812,0.0,0.0,0
1770586482.60004711,248644669,0,6,77700600,2405,10,1.21,-35.3632622,149.1652374,584.09,0.0,228.36672973632812,0.0,0.0,0
1770586482.79996705,248844589,0,6,77700800,2405,10,1.21,-35.3632622,149.1652374,584.09,0.0,228.36672973632812,0.0,0.0,0
1770586482.99988699,249044509,0,6,77701000,2405,10,1.21,-35.3632622,149.1652374,584.09,0.0,228.36672973632812,0.0,0.0,0
1770586483.19980717,249244429,0,6,77701200,2405,10,1.21,-35.3632622,149.1652374,584.09,0.0,228.36672973632812,0.0,0.0,0
1770586483.39972711,249444349,0,6,77701400,2405,10,1.21,-35.3632622,149.1652374,584.09,0.0,228.36672973632812,0.0,0.0,0
1770586483.58048797,249625110,0,6,77701600,2405,10,1.21,-35.3632622,149.1652374,584.09,0.0,228.36672973632812,0.0,0.0,0
1770586483.78040814,249825030,0,6,77701800,2405,10,1.21,-35.3632622,149.1652374,584.09,0.0,228.36672973632812,0.0,0.0,0
1770586483.98032808,250024950,0,6,77702000,2405,10,1.21,-35.3632622,149.1652374,584.09,0.0,228.36672973632812,0.0,0.0,0
1770586484.18024802,250224870,0,6,77702200,2405,10,1.21,-35.3632622,149.1652374,584.09,0.0,228.36672973632812,0.0,0.0,0
1770586484.40016007,250444782,0,6,77702400,2405,10,1.21,-35.3632622,149.1652374,584.09,0.0,228.36672973632812,0.0,0.0,0
1770586484.60008001,250644702,0,6,77702600,2405,10,1.21,-35.3632622,149.1652374,584.09,0.0,228.36672973632812,0.0,0.0,0
1770586484.79999995,250844622,0,6,77702800,2405,10,1.21,-35.3632622,149.1652374,584.09,0.0,228.36672973632812,0.0,0.0,0
1770586484.99992013,251044542,0,6,77703000,2405,10,1.21,-35.3632622,149.1652374,584.09,0.0,228.36672973632812,0.0,0.0,0
1770586485.19984007,251244462,0,6,77703200,2405,10,1.21,-35.3632622,149.1652374,584.09,0.0,228.36672973632812,0.0,0.0,0
1770586485.39976001,251444382,0,6,77703400,2405,10,1.21,-35.3632622,149.1652374,584.09,0.0,228.36672973632812,0.0,0.0,0
1770586485.60051298,251645135,0,6,77703600,2405,10,1.21,-35.3632622,149.1652374,584.09,0.0,228.36672973632812,0.0,0.0,0
1770586485.78044105,251825063,0,6,77703800,2405,10,1.21,-35.3632622,149.1652374,584.09,0.0,228.36672973632812,0.0,0.0,0
1770586485.98036098,252024983,0,6,77704000,2405,10,1.21,-35.3632622,149.1652374,584.09,0.0,228.36672973632812,0.0,0.0,0
1770586485.98036098,252024983,1,1,0,0,0,-0.01,0.0,0.0,0.0,0.0,0.0,0.0,0.0,1
1770586486.18028116,252224903,0,6,77704200,2405,10,1.21,-35.3632622,149.1652374,584.09,0.0,228.36672973632812,0.0,0.0,0
1770586486.40019298,252444815,0,6,77704400,2405,10,1.21,-35.3632622,149.1652374,584.09,0.0,228.36672973632812,0.0,0.0,0
1770586486.60011315,252644735,0,6,77704600,2405,10,1.21,-35.3632622,149.1652374,584.09,0.0,228.36672973632812,0.0,0.0,0
1770586486.80003309,252844655,0,6,77704800,2405,10,1.21,-35.3632622,149.1652374,584.09,0.0,228.36672973632812,0.0,0.0,0
1770586486.99995303,253044575,0,6,77705000,2405,10,1.21,-35.3632622,149.1652374,584.09,0.0,228.36672973632812,0.0,0.0,0
1770586487.19987297,253244495,0,6,77705200,2405,10,1.21,-35.3632622,149.1652374,584.09,0.0,228.36672973632812,0.0,0.0,0
1770586487.39979315,253444415,0,6,77705400,2405,10,1.21,-35.3632622,149.1652374,584.09,0.0,228.36672973632812,0.0,0.0,0
1770586487.59971309,253644335,0,6,77705600,2405,10,1.21,-35.3632622,149.1652374,584.09,0.0,228.36672973632812,0.0,0.0,0
1770586487.78047395,253825096,0,6,77705800,2405,10,1.21,-35.3632622,149.1652374,584.09,0.0,228.36672973632812,0.0,0.0,0
1770586487.98039412,254025016,0,6,77706000,2405,10,1.21,-35.3632622,149.1652374,584.09,0.0,228.36672973632812,0.0,0.0,0
1770586488.18031406,254224936,0,6,77706200,2405,10,1.21,-35.3632622,149.1652374,584.09,0.0,228.36672973632812,0.0,0.0,0
1770586488.38023400,254424856,0,6,77706400,2405,10,1.21,-35.3632622,149.1652374,584.09,0.0,228.36672973632812,0.0,0.0,0
1770586488.60014606,254644768,0,6,77706600,2405,10,1.21,-35.3632622,149.1652374,584.09,0.0,228.36672973632812,0.0,0.0,0
1770586488.80006599,254844688,0,6,77706800,2405,10,1.21,-35.3632622,149.1652374,584.09,0.0,228.36672973632812,0.0,0.0,0
1770586488.99998617,255044608,0,6,77707000,2405,10,1.21,-35.3632622,149.1652374,584.09,0.0,228.36672973632812,0.0,0.0,0
1770586489.19990611,255244528,0,6,77707200,2405,10,1.21,-35.3632622,149.1652374,584.09,0.0,228.36672973632812,0.0,0.0,0
1770586489.39982605,255444448,0,6,77707400,2405,10,1.21,-35.3632622,149.1652374,584.09,0.0,228.36672973632812,0.0,0.0,0
1770586489.59974599,255644368,0,6,77707600,2405,10,1.21,-35.3632622,149.1652374,584.09,0.0,228.36672973632812,0.0,0.0,0
1770586489.78050709,255825129,0,6,77707800,2405,10,1.21,-35.3632622,149.1652374,584.09,0.0,228.36672973632812,0.0,0.0,0
1770586489.98042703,256025049,0,6,77708000,2405,10,1.21,-35.3632622,149.1652374,584.09,0.0,228.36672973632812,0.0,0.0,0
1770586489.98042703,256025049,1,1,0,0,0,-0.01,0.0,0.0,0.0,0.0,0.0,0.0,0.0,1
1770586490.18034697,256224969,0,6,77708200,2405,10,1.21,-35.3632622,149.1652374,584.09,0.0,228.36672973632812,0.0,0.0,0
1770586490.38026714,256424889,0,6,77708400,2405,10,1.21,-35.3632622,149.1652374,584.09,0.0,228.36672973632812,0.0,0.0,0
1770586490.60017896,256644801,0,6,77708600,2405,10,1.21,-35.3632622,149.1652374,584.09,0.0,228.36672973632812,0.0,0.0,0
1770586490.80009913,256844721,0,6,77708800,2405,10,1.21,-35.3632622,149.1652374,584.09,0.0,228.36672973632812,0.0,0.0,0
1770586491.00001907,257044641,0,6,77709000,2405,10,1.21,-35.3632622,149.1652374,584.09,0.0,228.36672973632812,0.0,0.0,0
1770586491.19993901,257244561,0,6,77709200,2405,10,1.21,-35.3632622,149.1652374,584.09,0.0,228.36672973632812,0.0,0.0,0
1770586491.39985895,257444481,0,6,77709400,2405,10,1.21,-35.3632622,149.1652374,584.09,0.0,228.36672973632812,0.0,0.0,0
1770586491.59977913,257644401,0,6,77709600,2405,10,1.21,-35.3632622,149.1652374,584.09,0.0,228.36672973632812,0.0,0.0,0
1770586491.79969907,257844321,0,6,77709800,2405,10,1.21,-35.3632622,149.1652374,584.09,0.0,228.36672973632812,0.0,0.0,0
1770586491.98046017,258025082,0,6,77710000,2405,10,1.21,-35.3632622,149.1652374,584.09,0.0,228.36672973632812,0.0,0.0,0
1770586492.18038011,258225002,0,6,77710200,2405,10,1.21,-35.3632622,149.1652374,584.09,0.0,228.36672973632812,0.0,0.0,0
1770586492.38030005,258424922,0,6,77710400,2405,10,1.21,-35.3632622,149.1652374,584.09,0.0,228.36672973632812,0.0,0.0,0
1770586492.58021998,258624842,0,6,77710600,2405,10,1.21,-35.3632622,149.1652374,584.09,0.0,228.36672973632812,0.0,0.0,0
1770586492.80013204,258844754,0,6,77710800,2405,10,1.21,-35.3632622,149.1652374,584.09,0.0,228.36672973632812,0.0,0.0,0
1770586493.00005198,259044674,0,6,77711000,2405,10,1.21,-35.3632622,149.1652374,584.09,0.0,228.36672973632812,0.0,0.0,0
1770586493.19997215,259244594,0,6,77711200,2405,10,1.21,-35.3632622,149.1652374,584.09,0.0,228.36672973632812,0.0,0.0,0
1770586493.39989209,259444514,0,6,77711400,2405,10,1.21,-35.3632622,149.1652374,584.09,0.0,228.36672973632812,0.0,0.0,0
1770586493.59981203,259644434,0,6,77711600,2405,10,1.21,-35.3632622,149.1652374,584.09,0.0,228.36672973632812,0.0,0.0,0
1770586493.79973197,259844354,0,6,77711800,2405,10,1.21,-35.3632622,149.1652374,584.09,0.0,228.36672973632812,0.0,0.0,0
1770586493.98049307,260025115,0,6,77712000,2405,10,1.21,-35.3632622,149.1652374,584.09,0.0,228.36672973632812,0.0,0.0,0
1770586494.00048494,260045107,1,1,0,0,0,-0.01,0.0,0.0,0.0,0.0,0.0,0.0,0.0,1
1770586494.18041301,260225035,0,6,77712200,2405,10,1.21,-35.3632622,149.1652374,584.09,0.0,228.36672973632812,0.0,0.0,0
1770586494.38033295,260424955,0,6,77712400,2405,10,1.21,-35.3632622,149.1652374,584.09,0.0,228.36672973632812,0.0,0.0,0
1770586494.58025312,260624875,0,6,77712600,2405,10,1.21,-35.3632622,149.1652374,584.09,0.0,228.36672973632812,0.0,0.0,0
1770586494.80016494,260844787,0,6,77712800,2405,10,1.21,-35.3632622,149.1652374,584.09,0.0,228.36672973632812,0.0,0.0,0
1770586495.00008512,261044707,0,6,77713000,2405,10,1.21,-35.3632622,149.1652374,584.09,0.0,228.36672973632812,0.0,0.0,0
1770586495.20000505,261244627,0,6,77713200,2405,10,1.21,-35.3632622,149.1652374,584.09,0.0,228.36672973632812,0.0,0.0,0
1770586495.39992499,261444547,0,6,77713400,2405,10,1.21,-35.3632622,149.1652374,584.09,0.0,228.36672973632812,0.0,0.0,0
1770586495.59984517,261644467,0,6,77713600,2405,10,1.21,-35.3632622,149.1652374,584.09,0.0,228.36672973632812,0.0,0.0,0
1770586495.79976511,261844387,0,6,77713800,2405,10,1.21,-35.3632622,149.1652374,584.09,0.0,228.36672973632812,0.0,0.0,0
1770586496.00051808,262045140,0,6,77714000,2405,10,1.21,-35.3632622,149.1652374,584.09,0.0,228.36672973632812,0.0,0.0,0
1770586496.18044615,262225068,0,6,77714200,2405,10,1.21,-35.3632622,149.1652374,584.09,0.0,228.36672973632812,0.0,0.0,0
1770586496.38036609,262424988,0,6,77714400,2405,10,1.21,-35.3632622,149.1652374,584.09,0.0,228.36672973632812,0.0,0.0,0
1770586496.58028603,262624908,0,6,77714600,2405,10,1.21,-35.3632622,149.1652374,584.09,0.0,228.36672973632812,0.0,0.0,0
1770586496.80019808,262844820,0,6,77714800,2405,10,1.21,-35.3632622,149.1652374,584.09,0.0,228.36672973632812,0.0,0.0,0
1770586497.00011802,263044740,0,6,77715000,2405,10,1.21,-35.3632622,149.1652374,584.09,0.0,228.36672973632812,0.0,0.0,0
1770586497.20003796,263244660,0,6,77715200,2405,10,1.21,-35.3632622,149.1652374,584.09,0.0,228.36672973632812,0.0,0.0,0
1770586497.39995813,263444580,0,6,77715400,2405,10,1.21,-35.3632622,149.1652374,584.09,0.0,228.36672973632812,0.0,0.0,0
1770586497.59987807,263644500,0,6,77715600,2405,10,1.21,-35.3632622,149.1652374,584.09,0.0,228.36672973632812,0.0,0.0,0
1770586497.79979801,263844420,0,6,77715800,2405,10,1.21,-35.3632622,149.1652374,584.09,0.0,228.36672973632812,0.0,0.0,0
1770586497.99971795,264044340,0,6,77716000,2405,10,1.21,-35.3632622,149.1652374,584.09,0.0,228.36672973632812,0.0,0.0,0
1770586498.01971006,264064332,1,1,0,0,0,-0.01,0.0,0.0,0.0,0.0,0.0,0.0,0.0,1
1770586498.18047905,264225101,0,6,77716200,2405,10,1.21,-35.3632622,149.1652374,584.09,0.0,228.36672973632812,0.0,0.0,0
1770586498.38039899,264425021,0,6,77716400,2405,10,1.21,-35.3632622,149.1652374,584.09,0.0,228.36672973632812,0.0,0.0,0
1770586498.58031917,264624941,0,6,77716600,2405,10,1.21,-35.3632622,149.1652374,584.09,0.0,228.36672973632812,0.0,0.0,0
1770586498.78023911,264824861,0,6,77716800,2405,10,1.21,-35.3632622,149.1652374,584.09,0.0,228.36672973632812,0.0,0.0,0
1770586499.00015116,265044773,0,6,77717000,2405,10,1.21,-35.3632622,149.1652374,584.09,0.0,228.36672973632812,0.0,0.0,0
1770586499.20007110,265244693,0,6,77717200,2405,10,1.21,-35.3632622,149.1652374,584.09,0.0,228.36672973632812,0.0,0.0,0
1770586499.39999104,265444613,0,6,77717400,2405,10,1.21,-35.3632622,149.1652374,584.09,0.0,228.36672973632812,0.0,0.0,0
1770586499.59991097,265644533,0,6,77717600,2405,10,1.21,-35.3632622,149.1652374,584.09,0.0,228.36672973632812,0.0,0.0,0
1770586499.79983115,265844453,0,6,77717800,2405,10,1.21,-35.3632622,149.1652374,584.09,0.0,228.36672973632812,0.0,0.0,0
1770586499.99975109,266044373,0,6,77718000,2405,10,1.21,-35.3632622,149.1652374,584.09,0.0,228.36672973632812,0.0,0.0,0
1770586500.18051195,266225134,0,6,77718200,2405,10,1.21,-35.3632622,149.1652374,584.09,0.0,228.36672973632812,0.0,0.0,0
1770586500.38043213,266425054,0,6,77718400,2405,10,1.21,-35.3632622,149.1652374,584.09,0.0,228.36672973632812,0.0,0.0,0
1770586500.58035207,266624974,0,6,77718600,2405,10,1.21,-35.3632622,149.1652374,584.09,0.0,228.36672973632812,0.0,0.0,0
1770586500.78027201,266824894,0,6,77718800,2405,10,1.21,-35.3632622,149.1652374,584.09,0.0,228.36672973632812,0.0,0.0,0
1770586501.00018406,267044806,0,6,77719000,2405,10,1.21,-35.3632622,149.1652374,584.09,0.0,228.36672973632812,0.0,0.0,0
1770586501.20010400,267244726,0,6,77719200,2405,10,1.21,-35.3632622,149.1652374,584.09,0.0,228.36672973632812,0.0,0.0,0
1770586501.40002394,267444646,0,6,77719400,2405,10,1.21,-35.3632622,149.1652374,584.09,0.0,228.36672973632812,0.0,0.0,0
1770586501.59994411,267644566,0,6,77719600,2405,10,1.21,-35.3632622,149.1652374,584.09,0.0,228.36672973632812,0.0,0.0,0
1770586501.79986405,267844486,0,6,77719800,2405,10,1.21,-35.3632622,149.1652374,584.09,0.0,228.36672973632812,0.0,0.0,0
1770586501.99978399,268044406,0,6,77720000,2405,10,1.21,-35.3632622,149.1652374,584.09,0.0,228.36672973632812,0.0,0.0,0
1770586502.03976798,268084390,1,1,0,0,0,-0.01,0.0,0.0,0.0,0.0,0.0,0.0,0.0,1
1770586502.19970417,268244326,0,6,77720200,2405,10,1.21,-35.3632622,149.1652374,584.09,0.0,228.36672973632812,0.0,0.0,0
1770586502.38046503,268425087,0,6,77720400,2405,10,1.21,-35.3632622,149.1652374,584.09,0.0,228.36672973632812,0.0,0.0,0
1770586502.58038497,268625007,0,6,77720600,2405,10,1.21,-35.3632622,149.1652374,584.09,0.0,228.36672973632812,0.0,0.0,0
1770586502.78030515,268824927,0,6,77720800,2405,10,1.21,-35.3632622,149.1652374,584.09,0.0,228.36672973632812,0.0,0.0,0
1770586502.98022509,269024847,0,6,77721000,2405,10,1.21,-35.3632622,149.1652374,584.09,0.0,228.36672973632812,0.0,0.0,0
1770586503.20013714,269244759,0,6,77721200,2405,10,1.21,-35.3632622,149.1652374,584.09,0.0,228.36672973632812,0.0,0.0,0
1770586503.40005708,269444679,0,6,77721400,2405,10,1.21,-35.3632622,149.1652374,584.09,0.0,228.36672973632812,0.0,0.0,0
1770586503.59997702,269644599,0,6,77721600,2405,10,1.21,-35.3632622,149.1652374,584.09,0.0,228.36672973632812,0.0,0.0,0
1770586503.79989696,269844519,0,6,77721800,2405,10,1.21,-35.3632622,149.1652374,584.09,0.0,228.36672973632812,0.0,0.0,0
1770586503.99981713,270044439,0,6,77722000,2405,10,1.21,-35.3632622,149.1652374,584.09,0.0,228.36672973632812,0.0,0.0,0
1770586504.19973707,270244359,0,6,77722200,2405,10,1.21,-35.3632622,149.1652374,584.09,0.0,228.36672973632812,0.0,0.0,0
1770586504.38049817,270425120,0,6,77722400,2405,10,1.21,-35.3632622,149.1652374,584.09,0.0,228.36672973632812,0.0,0.0,0
1770586504.58041811,270625040,0,6,77722600,2405,10,1.21,-35.3632622,149.1652374,584.09,0.0,228.36672973632812,0.0,0.0,0
1770586504.78033805,270824960,0,6,77722800,2405,10,1.21,-35.3632622,149.1652374,584.09,0.0,228.36672973632812,0.0,0.0,0
1770586504.98025799,271024880,0,6,77723000,2405,10,1.21,-35.3632622,149.1652374,584.09,0.0,228.36672973632812,0.0,0.0,0
1770586505.20017004,271244792,0,6,77723200,2405,10,1.21,-35.3632622,149.1652374,584.09,0.0,228.36672973632812,0.0,0.0,0
1770586505.40008998,271444712,0,6,77723400,2405,10,1.21,-35.3632622,149.1652374,584.09,0.0,228.36672973632812,0.0,0.0,0
1770586505.60001016,271644632,0,6,77723600,2405,10,1.21,-35.3632622,149.1652374,584.09,0.0,228.36672973632812,0.0,0.0,0
1770586505.79993010,271844552,0,6,77723800,2405,10,1.21,-35.3632622,149.1652374,584.09,0.0,228.36672973632812,0.0,0.0,0
1770586505.99985003,272044472,0,6,77724000,2405,10,1.21,-35.3632622,149.1652374,584.09,0.0,228.36672973632812,0.0,0.0,0
1770586506.05982614,272104448,1,1,0,0,0,-0.01,0.0,0.0,0.0,0.0,0.0,0.0,0.0,1
1770586506.19976997,272244392,0,6,77724200,2405,10,1.21,-35.3632622,149.1652374,584.09,0.0,228.36672973632812,0.0,0.0,0
1770586506.39969015,272444312,0,6,77724400,2405,10,1.21,-35.3632622,149.1652374,584.09,0.0,228.36672973632812,0.0,0.0,0
1770586506.58045101,272625073,0,6,77724600,2405,10,1.21,-35.3632622,149.1652374,584.09,0.0,228.36672973632812,0.0,0.0,0
1770586506.78037095,272824993,0,6,77724800,2405,10,1.21,-35.3632622,149.1652374,584.09,0.0,228.36672973632812,0.0,0.0,0
1770586506.98029113,273024913,0,6,77725000,2405,10,1.21,-35.3632622,149.1652374,584.09,0.0,228.36672973632812,0.0,0.0,0
1770586507.18021107,273224833,0,6,77725200,2405,10,1.21,-35.3632622,149.1652374,584.09,0.0,228.36672973632812,0.0,0.0,0
1770586507.40012312,273444745,0,6,77725400,2405,10,1.21,-35.3632622,149.1652374,584.09,0.0,228.36672973632812,0.0,0.0,0
1770586507.60004306,273644665,0,6,77725600,2405,10,1.21,-35.3632622,149.1652374,584.09,0.0,228.36672973632812,0.0,0.0,0
1770586507.79996300,273844585,0,6,77725800,2405,10,1.21,-35.3632622,149.1652374,584.09,0.0,228.36672973632812,0.0,0.0,0
1770586507.99988294,274044505,0,6,77726000,2405,10,1.21,-35.3632622,149.1652374,584.09,0.0,228.36672973632812,0.0,0.0,0
1770586508.19980311,274244425,0,6,77726200,2405,10,1.21,-35.3632622,149.1652374,584.09,0.0,228.36672973632812,0.0,0.0,0
1770586508.39972305,274444345,0,6,77726400,2405,10,1.21,-35.3632622,149.1652374,584.09,0.0,228.36672973632812,0.0,0.0,0
1770586508.58048415,274625106,0,6,77726600,2405,10,1.21,-35.3632622,149.1652374,584.09,0.0,228.36672973632812,0.0,0.0,0
1770586508.78040409,274825026,0,6,77726800,2405,10,1.21,-35.3632622,149.1652374,584.09,0.0,228.36672973632812,0.0,0.0,0
1770586508.98032403,275024946,0,6,77727000,2405,10,1.21,-35.3632622,149.1652374,584.09,0.0,228.36672973632812,0.0,0.0,0
1770586509.18024397,275224866,0,6,77727200,2405,10,1.21,-35.3632622,149.1652374,584.09,0.0,228.36672973632812,0.0,0.0,0
1770586509.40015602,275444778,0,6,77727400,2405,10,1.21,-35.3632622,149.1652374,584.09,0.0,228.36672973632812,0.0,0.0,0
1770586509.60007596,275644698,0,6,77727600,2405,10,1.21,-35.3632622,149.1652374,584.09,0.0,228.36672973632812,0.0,0.0,0
1770586509.79999614,275844618,0,6,77727800,2405,10,1.21,-35.3632622,149.1652374,584.09,0.0,228.36672973632812,0.0,0.0,0
1770586509.99991608,276044538,0,6,77728000,2405,10,1.21,-35.3632622,149.1652374,584.09,0.0,228.36672973632812,0.0,0.0,0
1770586510.07988405,276124506,1,1,0,0,0,-0.01,0.0,0.0,0.0,0.0,0.0,0.0,0.0,1
1770586510.19983602,276244458,0,6,77728200,2405,10,1.21,-35.3632622,149.1652374,584.09,0.0,228.36672973632812,0.0,0.0,0
1770586510.39975595,276444378,0,6,77728400,2405,10,1.21,-35.3632622,149.1652374,584.09,0.0,228.36672973632812,0.0,0.0,0
1770586510.58051705,276625139,0,6,77728600,2405,10,1.21,-35.3632622,149.1652374,584.09,0.0,228.36672973632812,0.0,0.0,0
1770586510.78043699,276825059,0,6,77728800,2405,10,1.21,-35.3632622,149.1652374,584.09,0.0,228.36672973632812,0.0,0.0,0
1770586510.98035717,277024979,0,6,77729000,2405,10,1.21,-35.3632622,149.1652374,584.09,0.0,228.36672973632812,0.0,0.0,0
1770586511.18027711,277224899,0,6,77729200,2405,10,1.21,-35.3632622,149.1652374,584.09,0.0,228.36672973632812,0.0,0.0,0
1770586511.40018916,277444811,0,6,77729400,2405,10,1.21,-35.3632622,149.1652374,584.09,0.0,228.36672973632812,0.0,0.0,0
1770586511.60010910,277644731,0,6,77729600,2405,10,1.21,-35.3632622,149.1652374,584.09,0.0,228.36672973632812,0.0,0.0,0
1770586511.80002904,277844651,0,6,77729800,2405,10,1.21,-35.3632622,149.1652374,584.09,0.0,228.36672973632812,0.0,0.0,0
1770586511.99994898,278044571,0,6,77730000,2405,10,1.21,-35.3632622,149.1652374,584.09,0.0,228.36672973632812,0.0,0.0,0
1770586512.19986916,278244491,0,6,77730200,2405,10,1.21,-35.3632622,149.1652374,584.09,0.0,228.36672973632812,0.0,0.0,0
1770586512.39978909,278444411,0,6,77730400,2405,10,1.21,-35.3632622,149.1652374,584.09,0.0,228.36672973632812,0.0,0.0,0
1770586512.59970903,278644331,0,6,77730600,2405,10,1.21,-35.3632622,149.1652374,584.09,0.0,228.36672973632812,0.0,0.0,0
1770586512.78047013,278825092,0,6,77730800,2405,10,1.21,-35.3632622,149.1652374,584.09,0.0,228.36672973632812,0.0,0.0,0
1770586512.98039007,279025012,0,6,77731000,2405,10,1.21,-35.3632622,149.1652374,584.09,0.0,228.36672973632812,0.0,0.0,0
1770586513.18031001,279224932,0,6,77731200,2405,10,1.21,-35.3632622,149.1652374,584.09,0.0,228.36672973632812,0.0,0.0,0
1770586513.38022995,279424852,0,6,77731400,2405,10,1.21,-35.3632622,149.1652374,584.09,0.0,228.36672973632812,0.0,0.0,0
1770586513.60014200,279644764,0,6,77731600,2405,10,1.21,-35.3632622,149.1652374,584.09,0.0,228.36672973632812,0.0,0.0,0
1770586513.80006194,279844684,0,6,77731800,2405,10,1.21,-35.3632622,149.1652374,584.09,0.0,228.36672973632812,0.0,0.0,0
1770586513.99998212,280044604,0,6,77732000,2405,10,1.21,-35.3632622,149.1652374,584.09,0.0,228.36672973632812,0.0,0.0,0
1770586514.09994197,280144564,1,1,0,0,0,-0.01,0.0,0.0,0.0,0.0,0.0,0.0,0.0,1
1770586514.19990206,280244524,0,6,77732200,2405,10,1.21,-35.3632622,149.1652374,584.09,0.0,228.36672973632812,0.0,0.0,0
1770586514.39982200,280444444,0,6,77732400,2405,10,1.21,-35.3632622,149.1652374,584.09,0.0,228.36672973632812,0.0,0.0,0
1770586514.59974217,280644364,0,6,77732600,2405,10,1.21,-35.3632622,149.1652374,584.09,0.0,228.36672973632812,0.0,0.0,0
1770586514.78050303,280825125,0,6,77732800,2405,10,1.21,-35.3632622,149.1652374,584.09,0.0,228.36672973632812,0.0,0.0,0
1770586514.98042297,281025045,0,6,77733000,2405,10,1.21,-35.3632622,149.1652374,584.09,0.0,228.36672973632812,0.0,0.0,0
1770586515.18034315,281224965,0,6,77733200,2405,10,1.21,-35.3632622,149.1652374,584.09,0.0,228.36672973632812,0.0,0.0,0
1770586515.38026309,281424885,0,6,77733400,2405,10,1.21,-35.3632622,149.1652374,584.09,0.0,228.36672973632812,0.0,0.0,0
1770586515.60017514,281644797,0,6,77733600,2405,10,1.21,-35.3632622,149.1652374,584.09,0.0,228.36672973632812,0.0,0.0,0
1770586515.80009508,281844717,0,6,77733800,2405,10,1.21,-35.3632622,149.1652374,584.09,0.0,228.36672973632812,0.0,0.0,0
1770586516.00001502,282044637,0,6,77734000,2405,10,1.21,-35.3632622,149.1652374,584.09,0.0,228.36672973632812,0.0,0.0,0
1770586516.19993496,282244557,0,6,77734200,2405,10,1.21,-35.3632622,149.1652374,584.09,0.0,228.36672973632812,0.0,0.0,0
1770586516.39985514,282444477,0,6,77734400,2405,10,1.21,-35.3632622,149.1652374,584.09,0.0,228.36672973632812,0.0,0.0,0
1770586516.59977508,282644397,0,6,77734600,2405,10,1.21,-35.3632622,149.1652374,584.09,0.0,228.36672973632812,0.0,0.0,0
1770586516.79969501,282844317,0,6,77734800,2405,10,1.21,-35.3632622,149.1652374,584.09,0.0,228.36672973632812,0.0,0.0,0
1770586516.98045611,283025078,0,6,77735000,2405,10,1.21,-35.3632622,149.1652374,584.09,0.0,228.36672973632812,0.0,0.0,0
1770586517.18037605,283224998,0,6,77735200,2405,10,1.21,-35.3632622,149.1652374,584.09,0.0,228.36672973632812,0.0,0.0,0
1770586517.38029599,283424918,0,6,77735400,2405,10,1.21,-35.3632622,149.1652374,584.09,0.0,228.36672973632812,0.0,0.0,0
1770586517.58021617,283624838,0,6,77735600,2405,10,1.21,-35.3632622,149.1652374,584.09,0.0,228.36672973632812,0.0,0.0,0
1770586517.80012798,283844750,0,6,77735800,2405,10,1.21,-35.3632622,149.1652374,584.09,0.0,228.36672973632812,0.0,0.0,0
1770586518.00004816,284044670,0,6,77736000,2405,10,1.21,-35.3632622,149.1652374,584.09,0.0,228.36672973632812,0.0,0.0,0
1770586518.12000012,284164622,1,1,0,0,0,-0.01,0.0,0.0,0.0,0.0,0.0,0.0,0.0,1
1770586518.19996810,284244590,0,6,77736200,2405,10,1.21,-35.3632622,149.1652374,584.09,0.0,228.36672973632812,0.0,0.0,0
1770586518.39988804,284444510,0,6,77736400,2405,10,1.21,-35.3632622,149.1652374,584.09,0.0,228.36672973632812,0.0,0.0,0
1770586518.59980798,284644430,0,6,77736600,2405,10,1.21,-35.3632622,149.1652374,584.09,0.0,228.36672973632812,0.0,0.0,0
1770586518.79972816,284844350,0,6,77736800,2405,10,1.21,-35.3632622,149.1652374,584.09,0.0,228.36672973632812,0.0,0.0,0
1770586518.98048902,285025111,0,6,77737000,2405,10,1.21,-35.3632622,149.1652374,584.09,0.0,228.36672973632812,0.0,0.0,0
1770586519.18040895,285225031,0,6,77737200,2405,10,1.21,-35.3632622,149.1652374,584.09,0.0,228.36672973632812,0.0,0.0,0
1770586519.38032913,285424951,0,6,77737400,2405,10,1.21,-35.3632622,149.1652374,584.09,0.0,228.36672973632812,0.0,0.0,0
1770586519.58024907,285624871,0,6,77737600,2405,10,1.21,-35.3632622,149.1652374,584.09,0.0,228.36672973632812,0.0,0.0,0
1770586519.80016112,285844783,0,6,77737800,2405,10,1.21,-35.3632622,149.1652374,584.09,0.0,228.36672973632812,0.0,0.0,0
1770586520.00008106,286044703,0,6,77738000,2405,10,1.21,-35.3632622,149.1652374,584.09,0.0,228.36672973632812,0.0,0.0,0
1770586520.20000100,286244623,0,6,77738200,2405,10,1.21,-35.3632622,149.1652374,584.09,0.0,228.36672973632812,0.0,0.0,0
1770586520.39992094,286444543,0,6,77738400,2405,10,1.21,-35.3632622,149.1652374,584.09,0.0,228.36672973632812,0.0,0.0,0
1770586520.59984112,286644463,0,6,77738600,2405,10,1.21,-35.3632622,149.1652374,584.09,0.0,228.36672973632812,0.0,0.0,0
1770586520.79976106,286844383,0,6,77738800,2405,10,1.21,-35.3632622,149.1652374,584.09,0.0,228.36672973632812,0.0,0.0,0
1770586521.00051403,287045136,0,6,77739000,2405,10,1.21,-35.3632622,149.1652374,584.09,0.0,228.36672973632812,0.0,0.0,0
1770586521.18044209,287225064,0,6,77739200,2405,10,1.21,-35.3632622,149.1652374,584.09,0.0,228.36672973632812,0.0,0.0,0
1770586521.38036203,287424984,0,6,77739400,2405,10,1.21,-35.3632622,149.1652374,584.09,0.0,228.36672973632812,0.0,0.0,0
1770586521.58028197,287624904,0,6,77739600,2405,10,1.21,-35.3632622,149.1652374,584.09,0.0,228.36672973632812,0.0,0.0,0
1770586521.80019403,287844816,0,6,77739800,2405,10,1.21,-35.3632622,149.1652374,584.09,0.0,228.36672973632812,0.0,0.0,0
1770586522.00011396,288044736,0,6,77740000,2405,10,1.21,-35.3632622,149.1652374,584.09,0.0,228.36672973632812,0.0,0.0,0
1770586522.14005804,288184680,1,1,0,0,0,-0.01,0.0,0.0,0.0,0.0,0.0,0.0,0.0,1
1770586522.20003414,288244656,0,6,77740200,2405,10,1.21,-35.3632622,149.1652374,584.09,0.0,228.36672973632812,0.0,0.0,0
1770586522.39995408,288444576,0,6,77740400,2405,10,1.21,-35.3632622,149.1652374,584.09,0.0,228.36672973632812,0.0,0.0,0
1770586522.59987402,288644496,0,6,77740600,2405,10,1.21,-35.3632622,149.1652374,584.09,0.0,228.36672973632812,0.0,0.0,0
1770586522.79979396,288844416,0,6,77740800,2405,10,1.21,-35.3632622,149.1652374,584.09,0.0,228.36672973632812,0.0,0.0,0
1770586522.99971414,289044336,0,6,77741000,2405,10,1.21,-35.3632622,149.1652374,584.09,0.0,228.36672973632812,0.0,0.0,0
1770586523.18047500,289225097,0,6,77741200,2405,10,1.21,-35.3632622,149.1652374,584.09,0.0,228.36672973632812,0.0,0.0,0
1770586523.38039517,289425017,0,6,77741400,2405,10,1.21,-35.3632622,149.1652374,584.09,0.0,228.36672973632812,0.0,0.0,0
1770586523.58031511,289624937,0,6,77741600,2405,10,1.21,-35.3632622,149.1652374,584.09,0.0,228.36672973632812,0.0,0.0,0
1770586523.78023505,289824857,0,6,77741800,2405,10,1.21,-35.3632622,149.1652374,584.09,0.0,228.36672973632812,0.0,0.0,0
1770586524.00014710,290044769,0,6,77742000,2405,10,1.21,-35.3632622,149.1652374,584.09,0.0,228.36672973632812,0.0,0.0,0
1770586524.20006704,290244689,0,6,77742200,2405,10,1.21,-35.3632622,149.1652374,584.09,0.0,228.36672973632812,0.0,0.0,0
1770586524.39998698,290444609,0,6,77742400,2405,10,1.21,-35.3632622,149.1652374,584.09,0.0,228.36672973632812,0.0,0.0,0
1770586524.59990716,290644529,0,6,77742600,2405,10,1.21,-35.3632622,149.1652374,584.09,0.0,228.36672973632812,0.0,0.0,0
1770586524.79982710,290844449,0,6,77742800,2405,10,1.21,-35.3632622,149.1652374,584.09,0.0,228.36672973632812,0.0,0.0,0
1770586524.99974704,291044369,0,6,77743000,2405,10,1.21,-35.3632622,149.1652374,584.09,0.0,228.36672973632812,0.0,0.0,0
1770586525.18050814,291225130,0,6,77743200,2405,10,1.21,-35.3632622,149.1652374,584.09,0.0,228.36672973632812,0.0,0.0,0
1770586525.38042808,291425050,0,6,77743400,2405,10,1.21,-35.3632622,149.1652374,584.09,0.0,228.36672973632812,0.0,0.0,0
1770586525.58034801,291624970,0,6,77743600,2405,10,1.21,-35.3632622,149.1652374,584.09,0.0,228.36672973632812,0.0,0.0,0
1770586525.78026795,291824890,0,6,77743800,2405,10,1.21,-35.3632622,149.1652374,584.09,0.0,228.36672973632812,0.0,0.0,0
1770586526.00018001,292044802,0,6,77744000,2405,10,1.21,-35.3632622,149.1652374,584.09,0.0,228.36672973632812,0.0,0.0,0
1770586526.16011596,292204738,1,1,0,0,0,-0.01,0.0,0.0,0.0,0.0,0.0,0.0,0.0,1
1770586526.20009995,292244722,0,6,77744200,2405,10,1.21,-35.3632622,149.1652374,584.09,0.0,228.36672973632812,0.0,0.0,0
1770586526.40002012,292444642,0,6,77744400,2405,10,1.21,-35.3632622,149.1652374,584.09,0.0,228.36672973632812,0.0,0.0,0
1770586526.59994006,292644562,0,6,77744600,2405,10,1.21,-35.3632622,149.1652374,584.09,0.0,228.36672973632812,0.0,0.0,0
1770586526.79986000,292844482,0,6,77744800,2405,10,1.21,-35.3632622,149.1652374,584.09,0.0,228.36672973632812,0.0,0.0,0
1770586526.99977994,293044402,0,6,77745000,2405,10,1.21,-35.3632622,149.1652374,584.09,0.0,228.36672973632812,0.0,0.0,0
1770586527.19970012,293244322,0,6,77745200,2405,10,1.21,-35.3632622,149.1652374,584.09,0.0,228.36672973632812,0.0,0.0,0
1770586527.38046098,293425083,0,6,77745400,2405,10,1.21,-35.3632622,149.1652374,584.09,0.0,228.36672973632812,0.0,0.0,0
1770586527.58038116,293625003,0,6,77745600,2405,10,1.21,-35.3632622,149.1652374,584.09,0.0,228.36672973632812,0.0,0.0,0
1770586527.78030109,293824923,0,6,77745800,2405,10,1.21,-35.3632622,149.1652374,584.09,0.0,228.36672973632812,0.0,0.0,0
1770586527.98022103,294024843,0,6,77746000,2405,10,1.21,-35.3632622,149.1652374,584.09,0.0,228.36672973632812,0.0,0.0,0
1770586528.20013309,294244755,0,6,77746200,2405,10,1.21,-35.3632622,149.1652374,584.09,0.0,228.36672973632812,0.0,0.0,0
1770586528.40005302,294444675,0,6,77746400,2405,10,1.21,-35.3632622,149.1652374,584.09,0.0,228.36672973632812,0.0,0.0,0
1770586528.59997296,294644595,0,6,77746600,2405,10,1.21,-35.3632622,149.1652374,584.09,0.0,228.36672973632812,0.0,0.0,0
1770586528.79989314,294844515,0,6,77746800,2405,10,1.21,-35.3632622,149.1652374,584.09,0.0,228.36672973632812,0.0,0.0,0
1770586528.99981308,295044435,0,6,77747000,2405,10,1.21,-35.3632622,149.1652374,584.09,0.0,228.36672973632812,0.0,0.0,0
1770586529.19973302,295244355,0,6,77747200,2405,10,1.21,-35.3632622,149.1652374,584.09,0.0,228.36672973632812,0.0,0.0,0
1770586529.38049412,295425116,0,6,77747400,2405,10,1.21,-35.3632622,149.1652374,584.09,0.0,228.36672973632812,0.0,0.0,0
1770586529.58041406,295625036,0,6,77747600,2405,10,1.21,-35.3632622,149.1652374,584.09,0.0,228.36672973632812,0.0,0.0,0
1770586529.78033400,295824956,0,6,77747800,2405,10,1.21,-35.3632622,149.1652374,584.09,0.0,228.36672973632812,0.0,0.0,0
1770586529.98025417,296024876,0,6,77748000,2405,10,1.21,-35.3632622,149.1652374,584.09,0.0,228.36672973632812,0.0,0.0,0
1770586530.18017411,296224796,1,1,0,0,0,-0.01,0.0,0.0,0.0,0.0,0.0,0.0,0.0,1
1770586530.20016599,296244788,0,6,77748200,2405,10,1.21,-35.3632622,149.1652374,584.09,0.0,228.36672973632812,0.0,0.0,0
1770586530.40008616,296444708,0,6,77748400,2405,10,1.21,-35.3632622,149.1652374,584.09,0.0,228.36672973632812,0.0,0.0,0
1770586530.60000610,296644628,0,6,77748600,2405,10,1.21,-35.3632622,149.1652374,584.09,0.0,228.36672973632812,0.0,0.0,0
1770586530.79992604,296844548,0,6,77748800,2405,10,1.21,-35.3632622,149.1652374,584.09,0.0,228.36672973632812,0.0,0.0,0
1770586530.99984598,297044468,0,6,77749000,2405,10,1.21,-35.3632622,149.1652374,584.09,0.0,228.36672973632812,0.0,0.0,0
1770586531.19976616,297244388,0,6,77749200,2405,10,1.21,-35.3632622,149.1652374,584.09,0.0,228.36672973632812,0.0,0.0,0
1770586531.40051913,297445141,0,6,77749400,2405,10,1.21,-35.3632622,149.1652374,584.09,0.0,228.36672973632812,0.0,0.0,0
1770586531.58044696,297625069,0,6,77749600,2405,10,1.21,-35.3632622,149.1652374,584.09,0.0,228.36672973632812,0.0,0.0,0
1770586531.78036714,297824989,0,6,77749800,2405,10,1.21,-35.3632622,149.1652374,584.09,0.0,228.36672973632812,0.0,0.0,0
1770586531.98028708,298024909,0,6,77750000,2405,10,1.21,-35.3632622,149.1652374,584.09,0.0,228.36672973632812,0.0,0.0,0
1770586532.20019913,298244821,0,6,77750200,2405,10,1.21,-35.3632622,149.1652374,584.09,0.0,228.36672973632812,0.0,0.0,0
1770586532.40011907,298444741,0,6,77750400,2405,10,1.21,-35.3632622,149.1652374,584.09,0.0,228.36672973632812,0.0,0.0,0
1770586532.60003901,298644661,0,6,77750600,2405,10,1.21,-35.3632622,149.1652374,584.09,0.0,228.36672973632812,0.0,0.0,0
1770586532.79995894,298844581,0,6,77750800,2405,10,1.21,-35.3632622,149.1652374,584.09,0.0,228.36672973632812,0.0,0.0,0
1770586532.99987912,299044501,0,6,77751000,2405,10,1.21,-35.3632622,149.1652374,584.09,0.0,228.36672973632812,0.0,0.0,0
1770586533.19979906,299244421,0,6,77751200,2405,10,1.21,-35.3632622,149.1652374,584.09,0.0,228.36672973632812,0.0,0.0,0
1770586533.39971900,299444341,0,6,77751400,2405,10,1.21,-35.3632622,149.1652374,584.09,0.0,228.36672973632812,0.0,0.0,0
1770586533.58048010,299625102,0,6,77751600,2405,10,1.21,-35.3632622,149.1652374,584.09,0.0,228.36672973632812,0.0,0.0,0
1770586533.78040004,299825022,0,6,77751800,2405,10,1.21,-35.3632622,149.1652374,584.09,0.0,228.36672973632812,0.0,0.0,0
1770586533.98031998,300024942,0,6,77752000,2405,10,1.21,-35.3632622,149.1652374,584.09,0.0,228.36672973632812,0.0,0.0,0
1770586534.18024015,300224862,0,6,77752200,2405,10,1.21,-35.3632622,149.1652374,584.09,0.0,228.36672973632812,0.0,0.0,0
1770586534.20023203,300244854,1,1,0,0,0,-0.01,0.0,0.0,0.0,0.0,0.0,0.0,0.0,1
1770586534.40015197,300444774,0,6,77752400,2405,10,1.21,-35.3632622,149.1652374,584.09,0.0,228.36672973632812,0.0,0.0,0
1770586534.60007215,300644694,0,6,77752600,2405,10,1.21,-35.3632622,149.1652374,584.09,0.0,228.36672973632812,0.0,0.0,0
1770586534.79999208,300844614,0,6,77752800,2405,10,1.21,-35.3632622,149.1652374,584.09,0.0,228.36672973632812,0.0,0.0,0
1770586534.99991202,301044534,0,6,77753000,2405,10,1.21,-35.3632622,149.1652374,584.09,0.0,228.36672973632812,0.0,0.0,0
1770586535.19983196,301244454,0,6,77753200,2405,10,1.21,-35.3632622,149.1652374,584.09,0.0,228.36672973632812,0.0,0.0,0
1770586535.39975214,301444374,0,6,77753400,2405,10,1.21,-35.3632622,149.1652374,584.09,0.0,228.36672973632812,0.0,0.0,0
1770586535.58051300,301625135,0,6,77753600,2405,10,1.21,-35.3632622,149.1652374,584.09,0.0,228.36672973632812,0.0,0.0,0
1770586535.78043294,301825055,0,6,77753800,2405,10,1.21,-35.3632622,149.1652374,584.09,0.0,228.36672973632812,0.0,0.0,0
1770586535.98035312,302024975,0,6,77754000,2405,10,1.21,-35.3632622,149.1652374,584.09,0.0,228.36672973632812,0.0,0.0,0
1770586536.18027306,302224895,0,6,77754200,2405,10,1.21,-35.3632622,149.1652374,584.09,0.0,228.36672973632812,0.0,0.0,0
1770586536.40018511,302444807,0,6,77754400,2405,10,1.21,-35.3632622,149.1652374,584.09,0.0,228.36672973632812,0.0,0.0,0
1770586536.60010505,302644727,0,6,77754600,2405,10,1.21,-35.3632622,149.1652374,584.09,0.0,228.36672973632812,0.0,0.0,0
1770586536.80002499,302844647,0,6,77754800,2405,10,1.21,-35.3632622,149.1652374,584.09,0.0,228.36672973632812,0.0,0.0,0
1770586536.99994516,303044567,0,6,77755000,2405,10,1.21,-35.3632622,149.1652374,584.09,0.0,228.36672973632812,0.0,0.0,0
1770586537.19986510,303244487,0,6,77755200,2405,10,1.21,-35.3632622,149.1652374,584.09,0.0,228.36672973632812,0.0,0.0,0
1770586537.39978504,303444407,0,6,77755400,2405,10,1.21,-35.3632622,149.1652374,584.09,0.0,228.36672973632812,0.0,0.0,0
1770586537.59970498,303644327,0,6,77755600,2405,10,1.21,-35.3632622,149.1652374,584.09,0.0,228.36672973632812,0.0,0.0,0
1770586537.78046608,303825088,0,6,77755800,2405,10,1.21,-35.3632622,149.1652374,584.09,0.0,228.36672973632812,0.0,0.0,0
1770586537.98038602,304025008,0,6,77756000,2405,10,1.21,-35.3632622,149.1652374,584.09,0.0,228.36672973632812,0.0,0.0,0
1770586538.18030596,304224928,0,6,77756200,2405,10,1.21,-35.3632622,149.1652374,584.09,0.0,228.36672973632812,0.0,0.0,0
1770586538.22028995,304264912,1,1,0,0,0,-0.01,0.0,0.0,0.0,0.0,0.0,0.0,0.0,1
1770586538.38022614,304424848,0,6,77756400,2405,10,1.21,-35.3632622,149.1652374,584.09,0.0,228.36672973632812,0.0,0.0,0
1770586538.60013795,304644760,0,6,77756600,2405,10,1.21,-35.3632622,149.1652374,584.09,0.0,228.36672973632812,0.0,0.0,0
1770586538.80005813,304844680,0,6,77756800,2405,10,1.21,-35.3632622,149.1652374,584.09,0.0,228.36672973632812,0.0,0.0,0
1770586538.99997807,305044600,0,6,77757000,2405,10,1.21,-35.3632622,149.1652374,584.09,0.0,228.36672973632812,0.0,0.0,0
1770586539.19989800,305244520,0,6,77757200,2405,10,1.21,-35.3632622,149.1652374,584.09,0.0,228.36672973632812,0.0,0.0,0
1770586539.39981794,305444440,0,6,77757400,2405,10,1.21,-35.3632622,149.1652374,584.09,0.0,228.36672973632812,0.0,0.0,0
1770586539.59973812,305644360,0,6,77757600,2405,10,1.21,-35.3632622,149.1652374,584.09,0.0,228.36672973632812,0.0,0.0,0
1770586539.78049898,305825121,0,6,77757800,2405,10,1.21,-35.3632622,149.1652374,584.09,0.0,228.36672973632812,0.0,0.0,0
1770586539.98041916,306025041,0,6,77758000,2405,10,1.21,-35.3632622,149.1652374,584.09,0.0,228.36672973632812,0.0,0.0,0
1770586540.18033910,306224961,0,6,77758200,2405,10,1.21,-35.3632622,149.1652374,584.09,0.0,228.36672973632812,0.0,0.0,0
1770586540.38025904,306424881,0,6,77758400,2405,10,1.21,-35.3632622,149.1652374,584.09,0.0,228.36672973632812,0.0,0.0,0
1770586540.60017109,306644793,0,6,77758600,2405,10,1.21,-35.3632622,149.1652374,584.09,0.0,228.36672973632812,0.0,0.0,0
1770586540.80009103,306844713,0,6,77758800,2405,10,1.21,-35.3632622,149.1652374,584.09,0.0,228.36672973632812,0.0,0.0,0
1770586541.00001097,307044633,0,6,77759000,2405,10,1.21,-35.3632622,149.1652374,584.09,0.0,228.36672973632812,0.0,0.0,0
1770586541.19993114,307244553,0,6,77759200,2405,10,1.21,-35.3632622,149.1652374,584.09,0.0,228.36672973632812,0.0,0.0,0
1770586541.39985108,307444473,0,6,77759400,2405,10,1.21,-35.3632622,149.1652374,584.09,0.0,228.36672973632812,0.0,0.0,0
1770586541.59977102,307644393,0,6,77759600,2405,10,1.21,-35.3632622,149.1652374,584.09,0.0,228.36672973632812,0.0,0.0,0
1770586541.79969096,307844313,0,6,77759800,2405,10,1.21,-35.3632622,149.1652374,584.09,0.0,228.36672973632812,0.0,0.0,0
1770586541.98045206,308025074,0,6,77760000,2405,10,1.21,-35.3632622,149.1652374,584.09,0.0,228.36672973632812,0.0,0.0,0
1770586542.18037200,308224994,0,6,77760200,2405,10,1.21,-35.3632622,149.1652374,584.09,0.0,228.36672973632812,0.0,0.0,0
1770586542.24034810,308284970,1,1,0,0,0,-0.01,0.0,0.0,0.0,0.0,0.0,0.0,0.0,1
1770586542.38029194,308424914,0,6,77760400,2405,10,1.21,-35.3632622,149.1652374,584.09,0.0,228.36672973632812,0.0,0.0,0
1770586542.58021212,308624834,0,6,77760600,2405,10,1.21,-35.3632622,149.1652374,584.09,0.0,228.36672973632812,0.0,0.0,0
1770586542.80012417,308844746,0,6,77760800,2405,10,1.21,-35.3632622,149.1652374,584.09,0.0,228.36672973632812,0.0,0.0,0
1770586543.00004411,309044666,0,6,77761000,2405,10,1.21,-35.3632622,149.1652374,584.09,0.0,228.36672973632812,0.0,0.0,0
1770586543.19996405,309244586,0,6,77761200,2405,10,1.21,-35.3632622,149.1652374,584.09,0.0,228.36672973632812,0.0,0.0,0
1770586543.39988399,309444506,0,6,77761400,2405,10,1.21,-35.3632622,149.1652374,584.09,0.0,228.36672973632812,0.0,0.0,0
1770586543.59980416,309644426,0,6,77761600,2405,10,1.21,-35.3632622,149.1652374,584.09,0.0,228.36672973632812,0.0,0.0,0
1770586543.79972410,309844346,0,6,77761800,2405,10,1.21,-35.3632622,149.1652374,584.09,0.0,228.36672973632812,0.0,0.0,0
1770586543.98048496,310025107,0,6,77762000,2405,10,1.21,-35.3632622,149.1652374,584.09,0.0,228.36672973632812,0.0,0.0,0
1770586544.18040514,310225027,0,6,77762200,2405,10,1.21,-35.3632622,149.1652374,584.09,0.0,228.36672973632812,0.0,0.0,0
1770586544.38032508,310424947,0,6,77762400,2405,10,1.21,-35.3632622,149.1652374,584.09,0.0,228.36672973632812,0.0,0.0,0
1770586544.58024502,310624867,0,6,77762600,2405,10,1.21,-35.3632622,149.1652374,584.09,0.0,228.36672973632812,0.0,0.0,0
1770586544.80015707,310844779,0,6,77762800,2405,10,1.21,-35.3632622,149.1652374,584.09,0.0,228.36672973632812,0.0,0.0,0
1770586545.00007701,311044699,0,6,77763000,2405,10,1.21,-35.3632622,149.1652374,584.09,0.0,228.36672973632812,0.0,0.0,0
1770586545.19999695,311244619,0,6,77763200,2405,10,1.21,-35.3632622,149.1652374,584.09,0.0,228.36672973632812,0.0,0.0,0
1770586545.39991713,311444539,0,6,77763400,2405,10,1.21,-35.3632622,149.1652374,584.09,0.0,228.36672973632812,0.0,0.0,0
1770586545.59983706,311644459,0,6,77763600,2405,10,1.21,-35.3632622,149.1652374,584.09,0.0,228.36672973632812,0.0,0.0,0
1770586545.79975700,311844379,0,6,77763800,2405,10,1.21,-35.3632622,149.1652374,584.09,0.0,228.36672973632812,0.0,0.0,0
1770586545.98051810,312025140,0,6,77764000,2405,10,1.21,-35.3632622,149.1652374,584.09,0.0,228.36672973632812,0.0,0.0,0
1770586546.18043804,312225060,0,6,77764200,2405,10,1.21,-35.3632622,149.1652374,584.09,0.0,228.36672973632812,0.0,0.0,0
1770586546.24041414,312285036,1,1,0,0,0,-0.01,0.0,0.0,0.0,0.0,0.0,0.0,0.0,1
1770586546.38035798,312424980,0,6,77764400,2405,10,1.21,-35.3632622,149.1652374,584.09,0.0,228.36672973632812,0.0,0.0,0
1770586546.58027816,312624900,0,6,77764600,2405,10,1.21,-35.3632622,149.1652374,584.09,0.0,228.36672973632812,0.0,0.0,0
1770586546.80018997,312844812,0,6,77764800,2405,10,1.21,-35.3632622,149.1652374,584.09,0.0,228.36672973632812,0.0,0.0,0
1770586547.00011015,313044732,0,6,77765000,2405,10,1.21,-35.3632622,149.1652374,584.09,0.0,228.36672973632812,0.0,0.0,0
1770586547.20003009,313244652,0,6,77765200,2405,10,1.21,-35.3632622,149.1652374,584.09,0.0,228.36672973632812,0.0,0.0,0
1770586547.39995003,313444572,0,6,77765400,2405,10,1.21,-35.3632622,149.1652374,584.09,0.0,228.36672973632812,0.0,0.0,0
1770586547.59986997,313644492,0,6,77765600,2405,10,1.21,-35.3632622,149.1652374,584.09,0.0,228.36672973632812,0.0,0.0,0
1770586547.79979014,313844412,0,6,77765800,2405,10,1.21,-35.3632622,149.1652374,584.09,0.0,228.36672973632812,0.0,0.0,0
1770586547.99971008,314044332,0,6,77766000,2405,10,1.21,-35.3632622,149.1652374,584.09,0.0,228.36672973632812,0.0,0.0,0
1770586548.18047094,314225093,0,6,77766200,2405,10,1.21,-35.3632622,149.1652374,584.09,0.0,228.36672973632812,0.0,0.0,0
1770586548.38039112,314425013,0,6,77766400,2405,10,1.21,-35.3632622,149.1652374,584.09,0.0,228.36672973632812,0.0,0.0,0
1770586548.58031106,314624933,0,6,77766600,2405,10,1.21,-35.3632622,149.1652374,584.09,0.0,228.36672973632812,0.0,0.0,0
1770586548.78023100,314824853,0,6,77766800,2405,10,1.21,-35.3632622,149.1652374,584.09,0.0,228.36672973632812,0.0,0.0,0
1770586549.00014305,315044765,0,6,77767000,2405,10,1.21,-35.3632622,149.1652374,584.09,0.0,228.36672973632812,0.0,0.0,0
1770586549.20006299,315244685,0,6,77767200,2405,10,1.21,-35.3632622,149.1652374,584.09,0.0,228.36672973632812,0.0,0.0,0
1770586549.39998317,315444605,0,6,77767400,2405,10,1.21,-35.3632622,149.1652374,584.09,0.0,228.36672973632812,0.0,0.0,0
1770586549.59990311,315644525,0,6,77767600,2405,10,1.21,-35.3632622,149.1652374,584.09,0.0,228.36672973632812,0.0,0.0,0
1770586549.79982305,315844445,0,6,77767800,2405,10,1.21,-35.3632622,149.1652374,584.09,0.0,228.36672973632812,0.0,0.0,0
1770586549.99974298,316044365,0,6,77768000,2405,10,1.21,-35.3632622,149.1652374,584.09,0.0,228.36672973632812,0.0,0.0,0
1770586550.18050408,316225126,0,6,77768200,2405,10,1.21,-35.3632622,149.1652374,584.09,0.0,228.36672973632812,0.0,0.0,0
1770586550.26047206,316305094,1,1,0,0,0,-0.01,0.0,0.0,0.0,0.0,0.0,0.0,0.0,1
1770586550.38042402,316425046,0,6,77768400,2405,10,1.21,-35.3632622,149.1652374,584.09,0.0,228.36672973632812,0.0,0.0,0
1770586550.58034396,316624966,0,6,77768600,2405,10,1.21,-35.3632622,149.1652374,584.09,0.0,228.36672973632812,0.0,0.0,0
1770586550.78026414,316824886,0,6,77768800,2405,10,1.21,-35.3632622,149.1652374,584.09,0.0,228.36672973632812,0.0,0.0,0
1770586551.00017595,317044798,0,6,77769000,2405,10,1.21,-35.3632622,149.1652374,584.09,0.0,228.36672973632812,0.0,0.0,0
1770586551.20009613,317244718,0,6,77769200,2405,10,1.21,-35.3632622,149.1652374,584.09,0.0,228.36672973632812,0.0,0.0,0
1770586551.40001607,317444638,0,6,77769400,2405,10,1.21,-35.3632622,149.1652374,584.09,0.0,228.36672973632812,0.0,0.0,0
1770586551.59993601,317644558,0,6,77769600,2405,10,1.21,-35.3632622,149.1652374,584.09,0.0,228.36672973632812,0.0,0.0,0
1770586551.79985595,317844478,0,6,77769800,2405,10,1.21,-35.3632622,149.1652374,584.09,0.0,228.36672973632812,0.0,0.0,0
1770586551.99977612,318044398,0,6,77770000,2405,10,1.21,-35.3632622,149.1652374,584.09,0.0,228.36672973632812,0.0,0.0,0
1770586552.19969606,318244318,0,6,77770200,2405,10,1.21,-35.3632622,149.1652374,584.09,0.0,228.36672973632812,0.0,0.0,0
1770586552.38045716,318425079,0,6,77770400,2405,10,1.21,-35.3632622,149.1652374,584.09,0.0,228.36672973632812,0.0,0.0,0
1770586552.58037710,318624999,0,6,77770600,2405,10,1.21,-35.3632622,149.1652374,584.09,0.0,228.36672973632812,0.0,0.0,0
1770586552.78029704,318824919,0,6,77770800,2405,10,1.21,-35.3632622,149.1652374,584.09,0.0,228.36672973632812,0.0,0.0,0
1770586552.98021698,319024839,0,6,77771000,2405,10,1.21,-35.3632622,149.1652374,584.09,0.0,228.36672973632812,0.0,0.0,0
1770586553.20012903,319244751,0,6,77771200,2405,10,1.21,-35.3632622,149.1652374,584.09,0.0,228.36672973632812,0.0,0.0,0
1770586553.40004897,319444671,0,6,77771400,2405,10,1.21,-35.3632622,149.1652374,584.09,0.0,228.36672973632812,0.0,0.0,0
1770586553.59996915,319644591,0,6,77771600,2405,10,1.21,-35.3632622,149.1652374,584.09,0.0,228.36672973632812,0.0,0.0,0
1770586553.79988909,319844511,0,6,77771800,2405,10,1.21,-35.3632622,149.1652374,584.09,0.0,228.36672973632812,0.0,0.0,0
1770586553.99980903,320044431,0,6,77772000,2405,10,1.21,-35.3632622,149.1652374,584.09,0.0,228.36672973632812,0.0,0.0,0
1770586554.19972897,320244351,0,6,77772200,2405,10,1.21,-35.3632622,149.1652374,584.09,0.0,228.36672973632812,0.0,0.0,0
1770586554.27969694,320324319,1,1,0,0,0,-0.01,0.0,0.0,0.0,0.0,0.0,0.0,0.0,1
1770586554.38049006,320425112,0,6,77772400,2405,10,1.21,-35.3632622,149.1652374,584.09,0.0,228.36672973632812,0.0,0.0,0
1770586554.58041000,320625032,0,6,77772600,2405,10,1.21,-35.3632622,149.1652374,584.09,0.0,228.36672973632812,0.0,0.0,0
1770586554.78032994,320824952,0,6,77772800,2405,10,1.21,-35.3632622,149.1652374,584.09,0.0,228.36672973632812,0.0,0.0,0
1770586554.98025012,321024872,0,6,77773000,2405,10,1.21,-35.3632622,149.1652374,584.09,0.0,228.36672973632812,0.0,0.0,0
1770586555.20016217,321244784,0,6,77773200,2405,10,1.21,-35.3632622,149.1652374,584.09,0.0,228.36672973632812,0.0,0.0,0
1770586555.40008211,321444704,0,6,77773400,2405,10,1.21,-35.3632622,149.1652374,584.09,0.0,228.36672973632812,0.0,0.0,0
1770586555.60000205,321644624,0,6,77773600,2405,10,1.21,-35.3632622,149.1652374,584.09,0.0,228.36672973632812,0.0,0.0,0
1770586555.79992199,321844544,0,6,77773800,2405,10,1.21,-35.3632622,149.1652374,584.09,0.0,228.36672973632812,0.0,0.0,0
1770586555.99984217,322044464,0,6,77774000,2405,10,1.21,-35.3632622,149.1652374,584.09,0.0,228.36672973632812,0.0,0.0,0
1770586556.19976211,322244384,0,6,77774200,2405,10,1.21,-35.3632622,149.1652374,584.09,0.0,228.36672973632812,0.0,0.0,0
1770586556.40051508,322445137,0,6,77774400,2405,10,1.21,-35.3632622,149.1652374,584.09,0.0,228.36672973632812,0.0,0.0,0
1770586556.58044314,322625065,0,6,77774600,2405,10,1.21,-35.3632622,149.1652374,584.09,0.0,228.36672973632812,0.0,0.0,0
1770586556.78036308,322824985,0,6,77774800,2405,10,1.21,-35.3632622,149.1652374,584.09,0.0,228.36672973632812,0.0,0.0,0
1770586556.98028302,323024905,0,6,77775000,2405,10,1.21,-35.3632622,149.1652374,584.09,0.0,228.36672973632812,0.0,0.0,0
1770586557.20019507,323244817,0,6,77775200,2405,10,1.21,-35.3632622,149.1652374,584.09,0.0,228.36672973632812,0.0,0.0,0
1770586557.40011501,323444737,0,6,77775400,2405,10,1.21,-35.3632622,149.1652374,584.09,0.0,228.36672973632812,0.0,0.0,0
1770586557.60003495,323644657,0,6,77775600,2405,10,1.21,-35.3632622,149.1652374,584.09,0.0,228.36672973632812,0.0,0.0,0
1770586557.79995513,323844577,0,6,77775800,2405,10,1.21,-35.3632622,149.1652374,584.09,0.0,228.36672973632812,0.0,0.0,0
1770586557.99987507,324044497,0,6,77776000,2405,10,1.21,-35.3632622,149.1652374,584.09,0.0,228.36672973632812,0.0,0.0,0
1770586558.19979501,324244417,0,6,77776200,2405,10,1.21,-35.3632622,149.1652374,584.09,0.0,228.36672973632812,0.0,0.0,0
1770586558.29975510,324344377,1,1,0,0,0,-0.01,0.0,0.0,0.0,0.0,0.0,0.0,0.0,1
1770586558.39971495,324444337,0,6,77776400,2405,10,1.21,-35.3632622,149.1652374,584.09,0.0,228.36672973632812,0.0,0.0,0
1770586558.58047605,324625098,0,6,77776600,2405,10,1.21,-35.3632622,149.1652374,584.09,0.0,228.36672973632812,0.0,0.0,0
1770586558.78039598,324825018,0,6,77776800,2405,10,1.21,-35.3632622,149.1652374,584.09,0.0,228.36672973632812,0.0,0.0,0
1770586558.98031616,325024938,0,6,77777000,2405,10,1.21,-35.3632622,149.1652374,584.09,0.0,228.36672973632812,0.0,0.0,0
1770586559.18023610,325224858,0,6,77777200,2405,10,1.21,-35.3632622,149.1652374,584.09,0.0,228.36672973632812,0.0,0.0,0
1770586559.40014815,325444770,0,6,77777400,2405,10,1.21,-35.3632622,149.1652374,584.09,0.0,228.36672973632812,0.0,0.0,0
1770586559.60006809,325644690,0,6,77777600,2405,10,1.21,-35.3632622,149.1652374,584.09,0.0,228.36672973632812,0.0,0.0,0
1770586559.79998803,325844610,0,6,77777800,2405,10,1.21,-35.3632622,149.1652374,584.09,0.0,228.36672973632812,0.0,0.0,0
1770586559.99990797,326044530,0,6,77778000,2405,10,1.21,-35.3632622,149.1652374,584.09,0.0,228.36672973632812,0.0,0.0,0
1770586560.19982815,326244450,0,6,77778200,2405,10,1.21,-35.3632622,149.1652374,584.09,0.0,228.36672973632812,0.0,0.0,0
1770586560.39974809,326444370,0,6,77778400,2405,10,1.21,-35.3632622,149.1652374,584.09,0.0,228.36672973632812,0.0,0.0,0
1770586560.58050895,326625131,0,6,77778600,2405,10,1.21,-35.3632622,149.1652374,584.09,0.0,228.36672973632812,0.0,0.0,0
1770586560.78042912,326825051,0,6,77778800,2405,10,1.21,-35.3632622,149.1652374,584.09,0.0,228.36672973632812,0.0,0.0,0
1770586560.98034906,327024971,0,6,77779000,2405,10,1.21,-35.3632622,149.1652374,584.09,0.0,228.36672973632812,0.0,0.0,0
1770586561.18026900,327224891,0,6,77779200,2405,10,1.21,-35.3632622,149.1652374,584.09,0.0,228.36672973632812,0.0,0.0,0
1770586561.40018106,327444803,0,6,77779400,2405,10,1.21,-35.3632622,149.1652374,584.09,0.0,228.36672973632812,0.0,0.0,0
1770586561.60010099,327644723,0,6,77779600,2405,10,1.21,-35.3632622,149.1652374,584.09,0.0,228.36672973632812,0.0,0.0,1
1770586561.80002117,327844643,0,6,77779800,2405,10,1.21,-35.3632622,149.1652374,584.09,0.0,228.36672973632812,0.0,0.0,1
1770586561.99994111,328044563,0,6,77780000,2405,10,1.21,-35.3632622,149.1652374,584.09,0.0,228.36672973632812,0.0,0.0,1
1770586562.19986105,328244483,0,6,77780200,2405,10,1.21,-35.3632622,149.1652374,584.09,0.0,228.36672973632812,0.0,0.0,1
1770586562.31981301,328364435,1,1,0,0,0,-0.01,0.0,0.0,0.0,0.0,0.0,0.0,0.0,0
1770586562.39978099,328444403,0,6,77780400,2405,10,1.21,-35.3632622,149.1652374,584.09,0.0,228.36672973632812,0.0,0.0,1
1770586562.59970117,328644323,0,6,77780600,2405,10,1.21,-35.3632622,149.1652374,584.09,0.0,228.36672973632812,0.0,0.0,1
1770586562.78046203,328825084,0,6,77780800,2405,10,1.21,-35.3632622,149.1652374,584.09,0.0,228.36672973632812,0.0,0.0,1
1770586562.98038197,329025004,0,6,77781000,2405,10,1.21,-35.3632622,149.1652374,584.09,0.0,228.36672973632812,0.0,0.0,1
1770586563.18030214,329224924,0,6,77781200,2405,10,1.21,-35.3632622,149.1652374,584.09,0.0,228.36672973632812,0.0,0.0,1
1770586563.38022208,329424844,0,6,77781400,2405,10,1.21,-35.3632622,149.1652374,584.09,0.0,228.36672973632812,0.0,0.0,1
1770586563.60013413,329644756,0,6,77781600,2405,10,1.21,-35.3632622,149.1652374,584.09,0.0,228.36672973632812,0.0,0.0,1
1770586563.80005407,329844676,0,6,77781800,2405,10,1.21,-35.3632622,149.1652374,584.09,0.0,228.36672973632812,0.0,0.0,1
1770586563.99997401,330044596,0,6,77782000,2405,10,1.21,-35.3632622,149.1652374,584.09,0.0,228.36672973632812,0.0,0.0,1
1770586564.19989395,330244516,0,6,77782200,2405,10,1.21,-35.3632622,149.1652374,584.09,0.0,228.36672973632812,0.0,0.0,1
1770586564.39981413,330444436,0,6,77782400,2405,10,1.21,-35.3632622,149.1652374,584.09,0.0,228.36672973632812,0.0,0.0,1
1770586564.59973407,330644356,0,6,77782600,2405,10,1.21,-35.3632622,149.1652374,584.09,0.0,228.36672973632812,0.0,0.0,1
1770586564.78049517,330825117,0,6,77782800,2405,10,1.21,-35.3632622,149.1652374,584.09,0.0,228.36672973632812,0.0,0.0,1
1770586564.98041511,331025037,0,6,77783000,2405,10,1.21,-35.3632622,149.1652374,584.09,0.0,228.36672973632812,0.0,0.0,1
1770586565.18033504,331224957,0,6,77783200,2405,10,1.21,-35.3632622,149.1652374,584.09,0.0,228.36672973632812,0.0,0.0,1
1770586565.38025498,331424877,0,6,77783400,2405,10,1.21,-35.3632622,149.1652374,584.09,0.0,228.36672973632812,0.0,0.0,1
1770586565.60016704,331644789,0,6,77783600,2405,10,1.21,-35.3632622,149.1652374,584.09,0.0,228.36672973632812,0.0,0.0,1
1770586565.80008698,331844709,0,6,77783800,2405,10,1.21,-35.3632622,149.1652374,584.09,0.0,228.36672973632812,0.0,0.0,1
1770586566.00000715,332044629,0,6,77784000,2405,10,1.21,-35.3632622,149.1652374,584.09,0.0,228.36672973632812,0.0,0.0,1
1770586566.19992709,332244549,0,6,77784200,2405,10,1.21,-35.3632622,149.1652374,584.09,0.0,228.36672973632812,0.0,0.0,1
1770586566.33987117,332384493,1,1,0,0,0,-0.01,0.0,0.0,0.0,0.0,0.0,0.0,0.0,0
1770586566.39984703,332444469,0,6,77784400,2405,10,1.21,-35.3632622,149.1652374,584.09,0.0,228.36672973632812,0.0,0.0,1
1770586566.59976697,332644389,0,6,77784600,2405,10,1.21,-35.3632622,149.1652374,584.09,0.0,228.36672973632812,0.0,0.0,1
1770586566.80051994,332845142,0,6,77784800,2405,10,1.21,-35.3632622,149.1652374,584.09,0.0,228.36672973632812,0.0,0.0,1
1770586566.98044801,333025070,0,6,77785000,2405,10,1.21,-35.3632622,149.1652374,584.09,0.0,228.36672973632812,0.0,0.0,1
1770586567.18036795,333224990,0,6,77785200,2405,10,1.21,-35.3632622,149.1652374,584.09,0.0,228.36672973632812,0.0,0.0,1
1770586567.38028812,333424910,0,6,77785400,2405,10,1.21,-35.3632622,149.1652374,584.09,0.0,228.36672973632812,0.0,0.0,1
1770586567.60019994,333644822,0,6,77785600,2405,10,1.21,-35.3632622,149.1652374,584.09,0.0,228.36672973632812,0.0,0.0,1
1770586567.80012012,333844742,0,6,77785800,2405,10,1.21,-35.3632622,149.1652374,584.09,0.0,228.36672973632812,0.0,0.0,1
1770586568.00004005,334044662,0,6,77786000,2405,10,1.21,-35.3632622,149.1652374,584.09,0.0,228.36672973632812,0.0,0.0,1
1770586568.19995999,334244582,0,6,77786200,2405,10,1.21,-35.3632622,149.1652374,584.09,0.0,228.36672973632812,0.0,0.0,1
1770586568.39988017,334444502,0,6,77786400,2405,10,1.21,-35.3632622,149.1652374,584.09,0.0,228.36672973632812,0.0,0.0,1
1770586568.59980011,334644422,0,6,77786600,2405,10,1.21,-35.3632622,149.1652374,584.09,0.0,228.36672973632812,0.0,0.0,1
1770586568.79972005,334844342,0,6,77786800,2405,10,1.21,-35.3632622,149.1652374,584.09,0.0,228.36672973632812,0.0,0.0,1
1770586568.98048115,335025103,0,6,77787000,2405,10,1.21,-35.3632622,149.1652374,584.09,0.0,228.36672973632812,0.0,0.0,1
1770586569.18040109,335225023,0,6,77787200,2405,10,1.21,-35.3632622,149.1652374,584.09,0.0,228.36672973632812,0.0,0.0,1
1770586569.38032103,335424943,0,6,77787400,2405,10,1.21,-35.3632622,149.1652374,584.09,0.0,228.36672973632812,0.0,0.0,1
1770586569.58024096,335624863,0,6,77787600,2405,10,1.21,-35.3632622,149.1652374,584.09,0.0,228.36672973632812,0.0,0.0,1
1770586569.80015302,335844775,0,6,77787800,2405,10,1.21,-35.3632622,149.1652374,584.09,0.0,228.36672973632812,0.0,0.0,1
1770586570.00007296,336044695,0,6,77788000,2405,10,1.21,-35.3632622,149.1652374,584.09,0.0,228.36672973632812,0.0,0.0,1
1770586570.19999313,336244615,0,6,77788200,2405,10,1.21,-35.3632622,149.1652374,584.09,0.0,228.36672973632812,0.0,0.0,1
1770586570.35992908,336404551,1,1,0,0,0,-0.01,0.0,0.0,0.0,0.0,0.0,0.0,0.0,0
1770586570.39991307,336444535,0,6,77788400,2405,10,1.21,-35.3632622,149.1652374,584.09,0.0,228.36672973632812,0.0,0.0,1
1770586570.59983301,336644455,0,6,77788600,2405,10,1.21,-35.3632622,149.1652374,584.09,0.0,228.36672973632812,0.0,0.0,1
1770586570.79975295,336844375,0,6,77788800,2405,10,1.21,-35.3632622,149.1652374,584.09,0.0,228.36672973632812,0.0,0.0,1
1770586570.98051405,337025136,0,6,77789000,2405,10,1.21,-35.3632622,149.1652374,584.09,0.0,228.36672973632812,0.0,0.0,1
1770586571.18043399,337225056,0,6,77789200,2405,10,1.21,-35.3632622,149.1652374,584.09,0.0,228.36672973632812,0.0,0.0,1
1770586571.38035417,337424976,0,6,77789400,2405,10,1.21,-35.3632622,149.1652374,584.09,0.0,228.36672973632812,0.0,0.0,1
1770586571.58027411,337624896,0,6,77789600,2405,10,1.21,-35.3632622,149.1652374,584.09,0.0,228.36672973632812,0.0,0.0,1
1770586571.80018616,337844808,0,6,77789800,2405,10,1.21,-35.3632622,149.1652374,584.09,0.0,228.36672973632812,0.0,0.0,1
1770586572.00010610,338044728,0,6,77790000,2405,10,1.21,-35.3632622,149.1652374,584.09,0.0,228.36672973632812,0.0,0.0,1
1770586572.20002604,338244648,0,6,77790200,2405,10,1.21,-35.3632622,149.1652374,584.09,0.0,228.36672973632812,0.0,0.0,1
1770586572.39994597,338444568,0,6,77790400,2405,10,1.21,-35.3632622,149.1652374,584.09,0.0,228.36672973632812,0.0,0.0,1
1770586572.59986615,338644488,0,6,77790600,2405,10,1.21,-35.3632622,149.1652374,584.09,0.0,228.36672973632812,0.0,0.0,1
1770586572.79978609,338844408,0,6,77790800,2405,10,1.21,-35.3632622,149.1652374,584.09,0.0,228.36672973632812,0.0,0.0,1
1770586572.99970603,339044328,0,6,77791000,2405,10,1.21,-35.3632622,149.1652374,584.09,0.0,228.36672973632812,0.0,0.0,1
1770586573.18046713,339225089,0,6,77791200,2405,10,1.21,-35.3632622,149.1652374,584.09,0.0,228.36672973632812,0.0,0.0,1
1770586573.38038707,339425009,0,6,77791400,2405,10,1.21,-35.3632622,149.1652374,584.09,0.0,228.36672973632812,0.0,0.0,1
1770586573.58030701,339624929,0,6,77791600,2405,10,1.21,-35.3632622,149.1652374,584.09,0.0,228.36672973632812,0.0,0.0,1
1770586573.78022695,339824849,0,6,77791800,2405,10,1.21,-35.3632622,149.1652374,584.09,0.0,228.36672973632812,0.0,0.0,1
1770586574.00013900,340044761,0,6,77792000,2405,10,1.21,-35.3632622,149.1652374,584.09,0.0,228.36672973632812,0.0,0.0,1
1770586574.20005894,340244681,0,6,77792200,2405,10,1.21,-35.3632622,149.1652374,584.09,0.0,228.36672973632812,0.0,0.0,1
1770586574.37998700,340424609,1,1,0,0,0,-0.01,0.0,0.0,0.0,0.0,0.0,0.0,0.0,0
1770586574.39997911,340444601,0,6,77792400,2405,10,1.21,-35.3632622,149.1652374,584.09,0.0,228.36672973632812,0.0,0.0,1
1770586574.59989905,340644521,0,6,77792600,2405,10,1.21,-35.3632622,149.1652374,584.09,0.0,228.36672973632812,0.0,0.0,1
1770586574.79981899,340844441,0,6,77792800,2405,10,1.21,-35.3632622,149.1652374,584.09,0.0,228.36672973632812,0.0,0.0,1
1770586574.99973917,341044361,0,6,77793000,2405,10,1.21,-35.3632622,149.1652374,584.09,0.0,228.36672973632812,0.0,0.0,1
1770586575.18050003,341225122,0,6,77793200,2405,10,1.21,-35.3632622,149.1652374,584.09,0.0,228.36672973632812,0.0,0.0,1
1770586575.38041997,341425042,0,6,77793400,2405,10,1.21,-35.3632622,149.1652374,584.09,0.0,228.36672973632812,0.0,0.0,1
1770586575.58034015,341624962,0,6,77793600,2405,10,1.21,-35.3632622,149.1652374,584.09,0.0,228.36672973632812,0.0,0.0,1
1770586575.78026009,341824882,0,6,77793800,2405,10,1.21,-35.3632622,149.1652374,584.09,0.0,228.36672973632812,0.0,0.0,1
1770586576.00017214,342044794,0,6,77794000,2405,10,1.21,-35.3632622,149.1652374,584.09,0.0,228.36672973632812,0.0,0.0,1
1770586576.20009208,342244714,0,6,77794200,2405,10,1.21,-35.3632622,149.1652374,584.09,0.0,228.36672973632812,0.0,0.0,1
1770586576.40001202,342444634,0,6,77794400,2405,10,1.21,-35.3632622,149.1652374,584.09,0.0,228.36672973632812,0.0,0.0,1
1770586576.59993196,342644554,0,6,77794600,2405,10,1.21,-35.3632622,149.1652374,584.09,0.0,228.36672973632812,0.0,0.0,1
1770586576.79985213,342844474,0,6,77794800,2405,10,1.21,-35.3632622,149.1652374,584.09,0.0,228.36672973632812,0.0,0.0,1
1770586576.99977207,343044394,0,6,77795000,2405,10,1.21,-35.3632622,149.1652374,584.09,0.0,228.36672973632812,0.0,0.0,1
1770586577.19969201,343244314,0,6,77795200,2405,10,1.21,-35.3632622,149.1652374,584.09,0.0,228.36672973632812,0.0,0.0,1
1770586577.38045311,343425075,0,6,77795400,2405,10,1.21,-35.3632622,149.1652374,584.09,0.0,228.36672973632812,0.0,0.0,1
1770586577.58037305,343624995,0,6,77795600,2405,10,1.21,-35.3632622,149.1652374,584.09,0.0,228.36672973632812,0.0,0.0,1
1770586577.78029299,343824915,0,6,77795800,2405,10,1.21,-35.3632622,149.1652374,584.09,0.0,228.36672973632812,0.0,0.0,1
1770586577.98021317,344024835,0,6,77796000,2405,10,1.21,-35.3632622,149.1652374,584.09,0.0,228.36672973632812,0.0,0.0,1
1770586578.20012498,344244747,0,6,77796200,2405,10,1.21,-35.3632622,149.1652374,584.09,0.0,228.36672973632812,0.0,0.0,1
1770586578.40004516,344444667,0,6,77796400,2405,10,1.21,-35.3632622,149.1652374,584.09,0.0,228.36672973632812,0.0,0.0,1
1770586578.40004516,344444667,1,1,0,0,0,-0.01,0.0,0.0,0.0,0.0,0.0,0.0,0.0,0
1770586578.59996510,344644587,0,6,77796600,2405,10,1.21,-35.3632622,149.1652374,584.09,0.0,228.36672973632812,0.0,0.0,1
1770586578.79988503,344844507,0,6,77796800,2405,10,1.21,-35.3632622,149.1652374,584.09,0.0,228.36672973632812,0.0,0.0,1
1770586578.99980497,345044427,0,6,77797000,2405,10,1.21,-35.3632622,149.1652374,584.09,0.0,228.36672973632812,0.0,0.0,1
1770586579.19972515,345244347,0,6,77797200,2405,10,1.21,-35.3632622,149.1652374,584.09,0.0,228.36672973632812,0.0,0.0,1
1770586579.38048601,345425108,0,6,77797400,2405,10,1.21,-35.3632622,149.1652374,584.09,0.0,228.36672973632812,0.0,0.0,1
1770586579.58040595,345625028,0,6,77797600,2405,10,1.21,-35.3632622,149.1652374,584.09,0.0,228.36672973632812,0.0,0.0,1
1770586579.78032613,345824948,0,6,77797800,2405,10,1.21,-35.3632622,149.1652374,584.09,0.0,228.36672973632812,0.0,0.0,1
1770586579.98024607,346024868,0,6,77798000,2405,10,1.21,-35.3632622,149.1652374,584.09,0.0,228.36672973632812,0.0,0.0,1
1770586580.20015812,346244780,0,6,77798200,2405,10,1.21,-35.3632622,149.1652374,584.09,0.0,228.36672973632812,0.0,0.0,1
1770586580.40007806,346444700,0,6,77798400,2405,10,1.21,-35.3632622,149.1652374,584.09,0.0,228.36672973632812,0.0,0.0,1
1770586580.59999800,346644620,0,6,77798600,2405,10,1.21,-35.3632622,149.1652374,584.09,0.0,228.36672973632812,0.0,0.0,1
1770586580.79991817,346844540,0,6,77798800,2405,10,1.21,-35.3632622,149.1652374,584.09,0.0,228.36672973632812,0.0,0.0,1
1770586580.99983811,347044460,0,6,77799000,2405,10,1.21,-35.3632622,149.1652374,584.09,0.0,228.36672973632812,0.0,0.0,1
1770586581.19975805,347244380,0,6,77799200,2405,10,1.21,-35.3632622,149.1652374,584.09,0.0,228.36672973632812,0.0,0.0,1
1770586581.38051915,347425141,0,6,77799400,2405,10,1.21,-35.3632622,149.1652374,584.09,0.0,228.36672973632812,0.0,0.0,1
1770586581.58043909,347625061,0,6,77799600,2405,10,1.21,-35.3632622,149.1652374,584.09,0.0,228.36672973632812,0.0,0.0,1
1770586581.78035903,347824981,0,6,77799800,2405,10,1.21,-35.3632622,149.1652374,584.09,0.0,228.36672973632812,0.0,0.0,1
1770586581.98027897,348024901,0,6,77800000,2405,10,1.21,-35.3632622,149.1652374,584.09,0.0,228.36672973632812,0.0,0.0,1
1770586582.20019102,348244813,0,6,77800200,2405,10,1.21,-35.3632622,149.1652374,584.09,0.0,228.36672973632812,0.0,0.0,1
1770586582.40011096,348444733,0,6,77800400,2405,10,1.21,-35.3632622,149.1652374,584.09,0.0,228.36672973632812,0.0,0.0,1
1770586582.42010307,348464725,1,1,0,0,0,-0.01,0.0,0.0,0.0,0.0,0.0,0.0,0.0,0
1770586582.60003114,348644653,0,6,77800600,2405,10,1.21,-35.3632622,149.1652374,584.09,0.0,228.36672973632812,0.0,0.0,1
1770586582.79995108,348844573,0,6,77800800,2405,10,1.21,-35.3632622,149.1652374,584.09,0.0,228.36672973632812,0.0,0.0,1
1770586582.99987102,349044493,0,6,77801000,2405,10,1.21,-35.3632622,149.1652374,584.09,0.0,228.36672973632812,0.0,0.0,1
1770586583.19979095,349244413,0,6,77801200,2405,10,1.21,-35.3632622,149.1652374,584.09,0.0,228.36672973632812,0.0,0.0,1
1770586583.39971113,349444333,0,6,77801400,2405,10,1.21,-35.3632622,149.1652374,584.09,0.0,228.36672973632812,0.0,0.0,1
1770586583.58047199,349625094,0,6,77801600,2405,10,1.21,-35.3632622,149.1652374,584.09,0.0,228.36672973632812,0.0,0.0,1
1770586583.78039217,349825014,0,6,77801800,2405,10,1.21,-35.3632622,149.1652374,584.09,0.0,228.36672973632812,0.0,0.0,1
1770586583.98031211,350024934,0,6,77802000,2405,10,1.21,-35.3632622,149.1652374,584.09,0.0,228.36672973632812,0.0,0.0,1
1770586584.18023205,350224854,0,6,77802200,2405,10,1.21,-35.3632622,149.1652374,584.09,0.0,228.36672973632812,0.0,0.0,1
1770586584.40014410,350444766,0,6,77802400,2405,10,1.21,-35.3632622,149.1652374,584.09,0.0,228.36672973632812,0.0,0.0,1
1770586584.60006404,350644686,0,6,77802600,2405,10,1.21,-35.3632622,149.1652374,584.09,0.0,228.36672973632812,0.0,0.0,1
1770586584.79998398,350844606,0,6,77802800,2405,10,1.21,-35.3632622,149.1652374,584.09,0.0,228.36672973632812,0.0,0.0,1
1770586584.99990416,351044526,0,6,77803000,2405,10,1.21,-35.3632622,149.1652374,584.09,0.0,228.36672973632812,0.0,0.0,1
1770586585.19982409,351244446,0,6,77803200,2405,10,1.21,-35.3632622,149.1652374,584.09,0.0,228.36672973632812,0.0,0.0,1
1770586585.39974403,351444366,0,6,77803400,2405,10,1.21,-35.3632622,149.1652374,584.09,0.0,228.36672973632812,0.0,0.0,1
1770586585.58050513,351625127,0,6,77803600,2405,10,1.21,-35.3632622,149.1652374,584.09,0.0,228.36672973632812,0.0,0.0,1
1770586585.78042507,351825047,0,6,77803800,2405,10,1.21,-35.3632622,149.1652374,584.09,0.0,228.36672973632812,0.0,0.0,1
1770586585.98034501,352024967,0,6,77804000,2405,10,1.21,-35.3632622,149.1652374,584.09,0.0,228.36672973632812,0.0,0.0,1
1770586586.18026495,352224887,0,6,77804200,2405,10,1.21,-35.3632622,149.1652374,584.09,0.0,228.36672973632812,0.0,0.0,1
1770586586.40017700,352444799,0,6,77804400,2405,10,1.21,-35.3632622,149.1652374,584.09,0.0,228.36672973632812,0.0,0.0,1
1770586586.44016099,352484783,1,1,0,0,0,-0.01,0.0,0.0,0.0,0.0,0.0,0.0,0.0,0
1770586586.60009694,352644719,0,6,77804600,2405,10,1.21,-35.3632622,149.1652374,584.09,0.0,228.36672973632812,0.0,0.0,1
1770586586.80001712,352844639,0,6,77804800,2405,10,1.21,-35.3632622,149.1652374,584.09,0.0,228.36672973632812,0.0,0.0,1
1770586586.99993706,353044559,0,6,77805000,2405,10,1.21,-35.3632622,149.1652374,584.09,0.0,228.36672973632812,0.0,0.0,1
1770586587.19985700,353244479,0,6,77805200,2405,10,1.21,-35.3632622,149.1652374,584.09,0.0,228.36672973632812,0.0,0.0,1
1770586587.39977717,353444399,0,6,77805400,2405,10,1.21,-35.3632622,149.1652374,584.09,0.0,228.36672973632812,0.0,0.0,1
1770586587.59969711,353644319,0,6,77805600,2405,10,1.21,-35.3632622,149.1652374,584.09,0.0,228.36672973632812,0.0,0.0,1
1770586587.78045797,353825080,0,6,77805800,2405,10,1.21,-35.3632622,149.1652374,584.09,0.0,228.36672973632812,0.0,0.0,1
1770586587.98037815,354025000,0,6,77806000,2405,10,1.21,-35.3632622,149.1652374,584.09,0.0,228.36672973632812,0.0,0.0,1
1770586588.18029809,354224920,0,6,77806200,2405,10,1.21,-35.3632622,149.1652374,584.09,0.0,228.36672973632812,0.0,0.0,1
1770586588.38021803,354424840,0,6,77806400,2405,10,1.21,-35.3632622,149.1652374,584.09,0.0,228.36672973632812,0.0,0.0,1
1770586588.60013008,354644752,0,6,77806600,2405,10,1.21,-35.3632622,149.1652374,584.09,0.0,228.36672973632812,0.0,0.0,1
1770586588.80005002,354844672,0,6,77806800,2405,10,1.21,-35.3632622,149.1652374,584.09,0.0,228.36672973632812,0.0,0.0,1
1770586588.99996996,355044592,0,6,77807000,2405,10,1.21,-35.3632622,149.1652374,584.09,0.0,228.36672973632812,0.0,0.0,1
1770586589.19989014,355244512,0,6,77807200,2405,10,1.21,-35.3632622,149.1652374,584.09,0.0,228.36672973632812,0.0,0.0,1
1770586589.39981008,355444432,0,6,77807400,2405,10,1.21,-35.3632622,149.1652374,584.09,0.0,228.36672973632812,0.0,0.0,1
1770586589.59973001,355644352,0,6,77807600,2405,10,1.21,-35.3632622,149.1652374,584.09,0.0,228.36672973632812,0.0,0.0,1
1770586589.78049111,355825113,0,6,77807800,2405,10,1.21,-35.3632622,149.1652374,584.09,0.0,228.36672973632812,0.0,0.0,1
1770586589.98041105,356025033,0,6,77808000,2405,10,1.21,-35.3632622,149.1652374,584.09,0.0,228.36672973632812,0.0,0.0,1
1770586590.18033099,356224953,0,6,77808200,2405,10,1.21,-35.3632622,149.1652374,584.09,0.0,228.36672973632812,0.0,0.0,1
1770586590.38025117,356424873,0,6,77808400,2405,10,1.21,-35.3632622,149.1652374,584.09,0.0,228.36672973632812,0.0,0.0,1
1770586590.46021914,356504841,1,1,0,0,0,-0.01,0.0,0.0,0.0,0.0,0.0,0.0,0.0,0
1770586590.60016298,356644785,0,6,77808600,2405,10,1.21,-35.3632622,149.1652374,584.09,0.0,228.36672973632812,0.0,0.0,1
1770586590.80008316,356844705,0,6,77808800,2405,10,1.21,-35.3632622,149.1652374,584.09,0.0,228.36672973632812,0.0,0.0,1
1770586591.00000310,357044625,0,6,77809000,2405,10,1.21,-35.3632622,149.1652374,584.09,0.0,228.36672973632812,0.0,0.0,1
1770586591.19992304,357244545,0,6,77809200,2405,10,1.21,-35.3632622,149.1652374,584.09,0.0,228.36672973632812,0.0,0.0,1
1770586591.39984298,357444465,0,6,77809400,2405,10,1.21,-35.3632622,149.1652374,584.09,0.0,228.36672973632812,0.0,0.0,1
1770586591.59976315,357644385,0,6,77809600,2405,10,1.21,-35.3632622,149.1652374,584.09,0.0,228.36672973632812,0.0,0.0,1
1770586591.80051613,357845138,0,6,77809800,2405,10,1.21,-35.3632622,149.1652374,584.09,0.0,228.36672973632812,0.0,0.0,1
1770586591.98044395,358025066,0,6,77810000,2405,10,1.21,-35.3632622,149.1652374,584.09,0.0,228.36672973632812,0.0,0.0,1
1770586592.18036413,358224986,0,6,77810200,2405,10,1.21,-35.3632622,149.1652374,584.09,0.0,228.36672973632812,0.0,0.0,1
1770586592.38028407,358424906,0,6,77810400,2405,10,1.21,-35.3632622,149.1652374,584.09,0.0,228.36672973632812,0.0,0.0,1
1770586592.60019612,358644818,0,6,77810600,2405,10,1.21,-35.3632622,149.1652374,584.09,0.0,228.36672973632812,0.0,0.0,1
1770586592.80011606,358844738,0,6,77810800,2405,10,1.21,-35.3632622,149.1652374,584.09,0.0,228.36672973632812,0.0,0.0,1
1770586593.00003600,359044658,0,6,77811000,2405,10,1.21,-35.3632622,149.1652374,584.09,0.0,228.36672973632812,0.0,0.0,1
1770586593.19995594,359244578,0,6,77811200,2405,10,1.21,-35.3632622,149.1652374,584.09,0.0,228.36672973632812,0.0,0.0,1
1770586593.39987612,359444498,0,6,77811400,2405,10,1.21,-35.3632622,149.1652374,584.09,0.0,228.36672973632812,0.0,0.0,1
1770586593.59979606,359644418,0,6,77811600,2405,10,1.21,-35.3632622,149.1652374,584.09,0.0,228.36672973632812,0.0,0.0,1
1770586593.79971600,359844338,0,6,77811800,2405,10,1.21,-35.3632622,149.1652374,584.09,0.0,228.36672973632812,0.0,0.0,1
1770586593.98047709,360025099,0,6,77812000,2405,10,1.21,-35.3632622,149.1652374,584.09,0.0,228.36672973632812,0.0,0.0,1
1770586594.18039703,360225019,0,6,77812200,2405,10,1.21,-35.3632622,149.1652374,584.09,0.0,228.36672973632812,0.0,0.0,1
1770586594.38031697,360424939,0,6,77812400,2405,10,1.21,-35.3632622,149.1652374,584.09,0.0,228.36672973632812,0.0,0.0,1
1770586594.48027706,360524899,1,1,0,0,0,-0.01,0.0,0.0,0.0,0.0,0.0,0.0,0.0,0
1770586594.58023715,360624859,0,6,77812600,2405,10,1.21,-35.3632622,149.1652374,584.09,0.0,228.36672973632812,0.0,0.0,1
1770586594.80014896,360844771,0,6,77812800,2405,10,1.21,-35.3632622,149.1652374,584.09,0.0,228.36672973632812,0.0,0.0,1
1770586595.00006914,361044691,0,6,77813000,2405,10,1.21,-35.3632622,149.1652374,584.09,0.0,228.36672973632812,0.0,0.0,1
1770586595.19998908,361244611,0,6,77813200,2405,10,1.21,-35.3632622,149.1652374,584.09,0.0,228.36672973632812,0.0,0.0,1
1770586595.39990902,361444531,0,6,77813400,2405,10,1.21,-35.3632622,149.1652374,584.09,0.0,228.36672973632812,0.0,0.0,1
1770586595.59982896,361644451,0,6,77813600,2405,10,1.21,-35.3632622,149.1652374,584.09,0.0,228.36672973632812,0.0,0.0,1
1770586595.79974914,361844371,0,6,77813800,2405,10,1.21,-35.3632622,149.1652374,584.09,0.0,228.36672973632812,0.0,0.0,1
1770586595.98051000,362025132,0,6,77814000,2405,10,1.21,-35.3632622,149.1652374,584.09,0.0,228.36672973632812,0.0,0.0,1
1770586596.18043017,362225052,0,6,77814200,2405,10,1.21,-35.3632622,149.1652374,584.09,0.0,228.36672973632812,0.0,0.0,1
1770586596.38035011,362424972,0,6,77814400,2405,10,1.21,-35.3632622,149.1652374,584.09,0.0,228.36672973632812,0.0,0.0,1
1770586596.58027005,362624892,0,6,77814600,2405,10,1.21,-35.3632622,149.1652374,584.09,0.0,228.36672973632812,0.0,0.0,1
1770586596.80018210,362844804,0,6,77814800,2405,10,1.21,-35.3632622,149.1652374,584.09,0.0,228.36672973632812,0.0,0.0,1
1770586597.00010204,363044724,0,6,77815000,2405,10,1.21,-35.3632622,149.1652374,584.09,0.0,228.36672973632812,0.0,0.0,1
1770586597.20002198,363244644,0,6,77815200,2405,10,1.21,-35.3632622,149.1652374,584.09,0.0,228.36672973632812,0.0,0.0,1
1770586597.39994216,363444564,0,6,77815400,2405,10,1.21,-35.3632622,149.1652374,584.09,0.0,228.36672973632812,0.0,0.0,1
1770586597.59986210,363644484,0,6,77815600,2405,10,1.21,-35.3632622,149.1652374,584.09,0.0,228.36672973632812,0.0,0.0,1
1770586597.79978204,363844404,0,6,77815800,2405,10,1.21,-35.3632622,149.1652374,584.09,0.0,228.36672973632812,0.0,0.0,1
1770586597.99970198,364044324,0,6,77816000,2405,10,1.21,-35.3632622,149.1652374,584.09,0.0,228.36672973632812,0.0,0.0,1
1770586598.18046308,364225085,0,6,77816200,2405,10,1.21,-35.3632622,149.1652374,584.09,0.0,228.36672973632812,0.0,0.0,1
1770586598.38038301,364425005,0,6,77816400,2405,10,1.21,-35.3632622,149.1652374,584.09,0.0,228.36672973632812,0.0,0.0,1
1770586598.50033498,364544957,1,1,0,0,0,-0.01,0.0,0.0,0.0,0.0,0.0,0.0,0.0,0
1770586598.58030295,364624925,0,6,77816600,2405,10,1.21,-35.3632622,149.1652374,584.09,0.0,228.36672973632812,0.0,0.0,1
1770586598.78022313,364824845,0,6,77816800,2405,10,1.21,-35.3632622,149.1652374,584.09,0.0,228.36672973632812,0.0,0.0,1
1770586599.00013494,365044757,0,6,77817000,2405,10,1.21,-35.3632622,149.1652374,584.09,0.0,228.36672973632812,0.0,0.0,1
1770586599.20005512,365244677,0,6,77817200,2405,10,1.21,-35.3632622,149.1652374,584.09,0.0,228.36672973632812,0.0,0.0,1
1770586599.39997506,365444597,0,6,77817400,2405,10,1.21,-35.3632622,149.1652374,584.09,0.0,228.36672973632812,0.0,0.0,1
1770586599.59989500,365644517,0,6,77817600,2405,10,1.21,-35.3632622,149.1652374,584.09,0.0,228.36672973632812,0.0,0.0,1
1770586599.79981494,365844437,0,6,77817800,2405,10,1.21,-35.3632622,149.1652374,584.09,0.0,228.36672973632812,0.0,0.0,1
1770586599.99973512,366044357,0,6,77818000,2405,10,1.21,-35.3632622,149.1652374,584.09,0.0,228.36672973632812,0.0,0.0,1
1770586600.18049598,366225118,0,6,77818200,2405,10,1.21,-35.3632622,149.1652374,584.09,0.0,228.36672973632812,0.0,0.0,1
1770586600.38041615,366425038,0,6,77818400,2405,10,1.21,-35.3632622,149.1652374,584.09,0.0,228.36672973632812,0.0,0.0,1
1770586600.58033609,366624958,0,6,77818600,2405,10,1.21,-35.3632622,149.1652374,584.09,0.0,228.36672973632812,0.0,0.0,1
1770586600.78025603,366824878,0,6,77818800,2405,10,1.21,-35.3632622,149.1652374,584.09,0.0,228.36672973632812,0.0,0.0,1
1770586601.00016809,367044790,0,6,77819000,2405,10,1.21,-35.3632622,149.1652374,584.09,0.0,228.36672973632812,0.0,0.0,1
1770586601.20008802,367244710,0,6,77819200,2405,10,1.21,-35.3632622,149.1652374,584.09,0.0,228.36672973632812,0.0,0.0,1
1770586601.40000796,367444630,0,6,77819400,2405,10,1.21,-35.3632622,149.1652374,584.09,0.0,228.36672973632812,0.0,0.0,1
1770586601.59992814,367644550,0,6,77819600,2405,10,1.21,-35.3632622,149.1652374,584.09,0.0,228.36672973632812,0.0,0.0,1
1770586601.79984808,367844470,0,6,77819800,2405,10,1.21,-35.3632622,149.1652374,584.09,0.0,228.36672973632812,0.0,0.0,1
1770586601.99976802,368044390,0,6,77820000,2405,10,1.21,-35.3632622,149.1652374,584.09,0.0,228.36672973632812,0.0,0.0,1
1770586602.19968796,368244310,0,6,77820200,2405,10,1.21,-35.3632622,149.1652374,584.09,0.0,228.36672973632812,0.0,0.0,1
1770586602.38044906,368425071,0,6,77820400,2405,10,1.21,-35.3632622,149.1652374,584.09,0.0,228.36672973632812,0.0,0.0,1
1770586602.50040102,368545023,1,1,0,0,0,-0.01,0.0,0.0,0.0,0.0,0.0,0.0,0.0,0
1770586602.58036900,368624991,0,6,77820600,2405,10,1.21,-35.3632622,149.1652374,584.09,0.0,228.36672973632812,0.0,0.0,1
1770586602.78028917,368824911,0,6,77820800,2405,10,1.21,-35.3632622,149.1652374,584.09,0.0,228.36672973632812,0.0,0.0,1
1770586603.00020099,369044823,0,6,77821000,2405,10,1.21,-35.3632622,149.1652374,584.09,0.0,228.36672973632812,0.0,0.0,1
1770586603.20012116,369244743,0,6,77821200,2405,10,1.21,-35.3632622,149.1652374,584.09,0.0,228.36672973632812,0.0,0.0,1
1770586603.40004110,369444663,0,6,77821400,2405,10,1.21,-35.3632622,149.1652374,584.09,0.0,228.36672973632812,0.0,0.0,1
1770586603.59996104,369644583,0,6,77821600,2405,10,1.21,-35.3632622,149.1652374,584.09,0.0,228.36672973632812,0.0,0.0,1
1770586603.79988098,369844503,0,6,77821800,2405,10,1.21,-35.3632622,149.1652374,584.09,0.0,228.36672973632812,0.0,0.0,1
1770586603.99980116,370044423,0,6,77822000,2405,10,1.21,-35.3632622,149.1652374,584.09,0.0,228.36672973632812,0.0,0.0,1
1770586604.19972110,370244343,0,6,77822200,2405,10,1.21,-35.3632622,149.1652374,584.09,0.0,228.36672973632812,0.0,0.0,1
1770586604.38048196,370425104,0,6,77822400,2405,10,1.21,-35.3632622,149.1652374,584.09,0.0,228.36672973632812,0.0,0.0,1
1770586604.58040214,370625024,0,6,77822600,2405,10,1.21,-35.3632622,149.1652374,584.09,0.0,228.36672973632812,0.0,0.0,1
1770586604.78032207,370824944,0,6,77822800,2405,10,1.21,-35.3632622,149.1652374,584.09,0.0,228.36672973632812,0.0,0.0,1
1770586604.98024201,371024864,0,6,77823000,2405,10,1.21,-35.3632622,149.1652374,584.09,0.0,228.36672973632812,0.0,0.0,1
1770586605.20015407,371244776,0,6,77823200,2405,10,1.21,-35.3632622,149.1652374,584.09,0.0,228.36672973632812,0.0,0.0,1
1770586605.40007401,371444696,0,6,77823400,2405,10,1.21,-35.3632622,149.1652374,584.09,0.0,228.36672973632812,0.0,0.0,1
1770586605.59999394,371644616,0,6,77823600,2405,10,1.21,-35.3632622,149.1652374,584.09,0.0,228.36672973632812,0.0,0.0,1
1770586605.79991412,371844536,0,6,77823800,2405,10,1.21,-35.3632622,149.1652374,584.09,0.0,228.36672973632812,0.0,0.0,1
1770586605.99983406,372044456,0,6,77824000,2405,10,1.21,-35.3632622,149.1652374,584.09,0.0,228.36672973632812,0.0,0.0,1
1770586606.19975400,372244376,0,6,77824200,2405,10,1.21,-35.3632622,149.1652374,584.09,0.0,228.36672973632812,0.0,0.0,1
1770586606.38051510,372425137,0,6,77824400,2405,10,1.21,-35.3632622,149.1652374,584.09,0.0,228.36672973632812,0.0,0.0,1
1770586606.52045894,372565081,1,1,0,0,0,-0.01,0.0,0.0,0.0,0.0,0.0,0.0,0.0,0
1770586606.58043504,372625057,0,6,77824600,2405,10,1.21,-35.3632622,149.1652374,584.09,0.0,228.36672973632812,0.0,0.0,1
1770586606.78035498,372824977,0,6,77824800,2405,10,1.21,-35.3632622,149.1652374,584.09,0.0,228.36672973632812,0.0,0.0,1
1770586606.98027515,373024897,0,6,77825000,2405,10,1.21,-35.3632622,149.1652374,584.09,0.0,228.36672973632812,0.0,0.0,1
1770586607.20018697,373244809,0,6,77825200,2405,10,1.21,-35.3632622,149.1652374,584.09,0.0,228.36672973632812,0.0,0.0,1
1770586607.40010715,373444729,0,6,77825400,2405,10,1.21,-35.3632622,149.1652374,584.09,0.0,228.36672973632812,0.0,0.0,1
1770586607.60002708,373644649,0,6,77825600,2405,10,1.21,-35.3632622,149.1652374,584.09,0.0,228.36672973632812,0.0,0.0,1
1770586607.79994702,373844569,0,6,77825800,2405,10,1.21,-35.3632622,149.1652374,584.09,0.0,228.36672973632812,0.0,0.0,1
1770586607.99986696,374044489,0,6,77826000,2405,10,1.21,-35.3632622,149.1652374,584.09,0.0,228.36672973632812,0.0,0.0,1
1770586608.19978714,374244409,0,6,77826200,2405,10,1.21,-35.3632622,149.1652374,584.09,0.0,228.36672973632812,0.0,0.0,1
1770586608.39970708,374444329,0,6,77826400,2405,10,1.21,-35.3632622,149.1652374,584.09,0.0,228.36672973632812,0.0,0.0,1
1770586608.58046794,374625090,0,6,77826600,2405,10,1.21,-35.3632622,149.1652374,584.09,0.0,228.36672973632812,0.0,0.0,1
1770586608.78038812,374825010,0,6,77826800,2405,10,1.21,-35.3632622,149.1652374,584.09,0.0,228.36672973632812,0.0,0.0,1
1770586608.98030806,375024930,0,6,77827000,2405,10,1.21,-35.3632622,149.1652374,584.09,0.0,228.36672973632812,0.0,0.0,1
1770586609.18022799,375224850,0,6,77827200,2405,10,1.21,-35.3632622,149.1652374,584.09,0.0,228.36672973632812,0.0,0.0,1
1770586609.40014005,375444762,0,6,77827400,2405,10,1.21,-35.3632622,149.1652374,584.09,0.0,228.36672973632812,0.0,0.0,1
1770586609.60005999,375644682,0,6,77827600,2405,10,1.21,-35.3632622,149.1652374,584.09,0.0,228.36672973632812,0.0,0.0,1
1770586609.79998016,375844602,0,6,77827800,2405,10,1.21,-35.3632622,149.1652374,584.09,0.0,228.36672973632812,0.0,0.0,1
1770586609.99990010,376044522,0,6,77828000,2405,10,1.21,-35.3632622,149.1652374,584.09,0.0,228.36672973632812,0.0,0.0,1
1770586610.19982004,376244442,0,6,77828200,2405,10,1.21,-35.3632622,149.1652374,584.09,0.0,228.36672973632812,0.0,0.0,1
1770586610.39973998,376444362,0,6,77828400,2405,10,1.21,-35.3632622,149.1652374,584.09,0.0,228.36672973632812,0.0,0.0,1
1770586610.54051709,376585139,1,1,0,0,0,-0.01,0.0,0.0,0.0,0.0,0.0,0.0,0.0,0
1770586610.58050108,376625123,0,6,77828600,2405,10,1.21,-35.3632622,149.1652374,584.09,0.0,228.36672973632812,0.0,0.0,1
1770586610.78042102,376825043,0,6,77828800,2405,10,1.21,-35.3632622,149.1652374,584.09,0.0,228.36672973632812,0.0,0.0,1
1770586610.98034096,377024963,0,6,77829000,2405,10,1.21,-35.3632622,149.1652374,584.09,0.0,228.36672973632812,0.0,0.0,1
1770586611.18026114,377224883,0,6,77829200,2405,10,1.21,-35.3632622,149.1652374,584.09,0.0,228.36672973632812,0.0,0.0,1
1770586611.40017295,377444795,0,6,77829400,2405,10,1.21,-35.3632622,149.1652374,584.09,0.0,228.36672973632812,0.0,0.0,1
1770586611.60009313,377644715,0,6,77829600,2405,10,1.21,-35.3632622,149.1652374,584.09,0.0,228.36672973632812,0.0,0.0,1
1770586611.80001307,377844635,0,6,77829800,2405,10,1.21,-35.3632622,149.1652374,584.09,0.0,228.36672973632812,0.0,0.0,1
1770586611.99993300,378044555,0,6,77830000,2405,10,1.21,-35.3632622,149.1652374,584.09,0.0,228.36672973632812,0.0,0.0,1
1770586612.19985294,378244475,0,6,77830200,2405,10,1.21,-35.3632622,149.1652374,584.09,0.0,228.36672973632812,0.0,0.0,1
1770586612.39977312,378444395,0,6,77830400,2405,10,1.21,-35.3632622,149.1652374,584.09,0.0,228.36672973632812,0.0,0.0,1
1770586612.59969306,378644315,0,6,77830600,2405,10,1.21,-35.3632622,149.1652374,584.09,0.0,228.36672973632812,0.0,0.0,1
1770586612.78045416,378825076,0,6,77830800,2405,10,1.21,-35.3632622,149.1652374,584.09,0.0,228.36672973632812,0.0,0.0,1
1770586612.98037410,379024996,0,6,77831000,2405,10,1.21,-35.3632622,149.1652374,584.09,0.0,228.36672973632812,0.0,0.0,1
1770586613.18029404,379224916,0,6,77831200,2405,10,1.21,-35.3632622,149.1652374,584.09,0.0,228.36672973632812,0.0,0.0,1
1770586613.38021398,379424836,0,6,77831400,2405,10,1.21,-35.3632622,149.1652374,584.09,0.0,228.36672973632812,0.0,0.0,1
1770586613.60012603,379644748,0,6,77831600,2405,10,1.21,-35.3632622,149.1652374,584.09,0.0,228.36672973632812,0.0,0.0,1
1770586613.80004597,379844668,0,6,77831800,2405,10,1.21,-35.3632622,149.1652374,584.09,0.0,228.36672973632812,0.0,0.0,1
1770586613.99996614,380044588,0,6,77832000,2405,10,1.21,-35.3632622,149.1652374,584.09,0.0,228.36672973632812,0.0,0.0,1
1770586614.19988608,380244508,0,6,77832200,2405,10,1.21,-35.3632622,149.1652374,584.09,0.0,228.36672973632812,0.0,0.0,1
1770586614.39980602,380444428,0,6,77832400,2405,10,1.21,-35.3632622,149.1652374,584.09,0.0,228.36672973632812,0.0,0.0,1
1770586614.55974197,380604364,1,1,0,0,0,-0.01,0.0,0.0,0.0,0.0,0.0,0.0,0.0,0
1770586614.59972596,380644348,0,6,77832600,2405,10,1.21,-35.3632622,149.1652374,584.09,0.0,228.36672973632812,0.0,0.0,1
1770586614.78048706,380825109,0,6,77832800,2405,10,1.21,-35.3632622,149.1652374,584.09,0.0,228.36672973632812,0.0,0.0,1
1770586614.98040700,381025029,0,6,77833000,2405,10,1.21,-35.3632622,149.1652374,584.09,0.0,228.36672973632812,0.0,0.0,1
1770586615.18032694,381224949,0,6,77833200,2405,10,1.21,-35.3632622,149.1652374,584.09,0.0,228.36672973632812,0.0,0.0,1
1770586615.38024712,381424869,0,6,77833400,2405,10,1.21,-35.3632622,149.1652374,584.09,0.0,228.36672973632812,0.0,0.0,1
1770586615.60015917,381644781,0,6,77833600,2405,10,1.21,-35.3632622,149.1652374,584.09,0.0,228.36672973632812,0.0,0.0,1
1770586615.80007911,381844701,0,6,77833800,2405,10,1.21,-35.3632622,149.1652374,584.09,0.0,228.36672973632812,0.0,0.0,1
1770586615.99999905,382044621,0,6,77834000,2405,10,1.21,-35.3632622,149.1652374,584.09,0.0,228.36672973632812,0.0,0.0,1
1770586616.19991899,382244541,0,6,77834200,2405,10,1.21,-35.3632622,149.1652374,584.09,0.0,228.36672973632812,0.0,0.0,1
1770586616.39983916,382444461,0,6,77834400,2405,10,1.21,-35.3632622,149.1652374,584.09,0.0,228.36672973632812,0.0,0.0,1
1770586616.59975910,382644381,0,6,77834600,2405,10,1.21,-35.3632622,149.1652374,584.09,0.0,228.36672973632812,0.0,0.0,1
1770586616.78051996,382825142,0,6,77834800,2405,10,1.21,-35.3632622,149.1652374,584.09,0.0,228.36672973632812,0.0,0.0,1
1770586616.98044014,383025062,0,6,77835000,2405,10,1.21,-35.3632622,149.1652374,584.09,0.0,228.36672973632812,0.0,0.0,1
1770586617.18036008,383224982,0,6,77835200,2405,10,1.21,-35.3632622,149.1652374,584.09,0.0,228.36672973632812,0.0,0.0,1
1770586617.38028002,383424902,0,6,77835400,2405,10,1.21,-35.3632622,149.1652374,584.09,0.0,228.36672973632812,0.0,0.0,1
1770586617.60019207,383644814,0,6,77835600,2405,10,1.21,-35.3632622,149.1652374,584.09,0.0,228.36672973632812,0.0,0.0,1
1770586617.80011201,383844734,0,6,77835800,2405,10,1.21,-35.3632622,149.1652374,584.09,0.0,228.36672973632812,0.0,0.0,1
1770586618.00003195,384044654,0,6,77836000,2405,10,1.21,-35.3632622,149.1652374,584.09,0.0,228.36672973632812,0.0,0.0,1
1770586618.19995213,384244574,0,6,77836200,2405,10,1.21,-35.3632622,149.1652374,584.09,0.0,228.36672973632812,0.0,0.0,1
1770586618.39987206,384444494,0,6,77836400,2405,10,1.21,-35.3632622,149.1652374,584.09,0.0,228.36672973632812,0.0,0.0,1
1770586618.57980013,384624422,1,1,0,0,0,-0.01,0.0,0.0,0.0,0.0,0.0,0.0,0.0,0
1770586618.59979200,384644414,0,6,77836600,2405,10,1.21,-35.3632622,149.1652374,584.09,0.0,228.36672973632812,0.0,0.0,1
1770586618.79971194,384844334,0,6,77836800,2405,10,1.21,-35.3632622,149.1652374,584.09,0.0,228.36672973632812,0.0,0.0,1
1770586618.98047304,385025095,0,6,77837000,2405,10,1.21,-35.3632622,149.1652374,584.09,0.0,228.36672973632812,0.0,0.0,1
1770586619.18039298,385225015,0,6,77837200,2405,10,1.21,-35.3632622,149.1652374,584.09,0.0,228.36672973632812,0.0,0.0,1
1770586619.38031316,385424935,0,6,77837400,2405,10,1.21,-35.3632622,149.1652374,584.09,0.0,228.36672973632812,0.0,0.0,1
1770586619.58023310,385624855,0,6,77837600,2405,10,1.21,-35.3632622,149.1652374,584.09,0.0,228.36672973632812,0.0,0.0,1
1770586619.80014515,385844767,0,6,77837800,2405,10,1.21,-35.3632622,149.1652374,584.09,0.0,228.36672973632812,0.0,0.0,1
1770586620.00006509,386044687,0,6,77838000,2405,10,1.21,-35.3632622,149.1652374,584.09,0.0,228.36672973632812,0.0,0.0,1
1770586620.19998503,386244607,0,6,77838200,2405,10,1.21,-35.3632622,149.1652374,584.09,0.0,228.36672973632812,0.0,0.0,1
1770586620.39990497,386444527,0,6,77838400,2405,10,1.21,-35.3632622,149.1652374,584.09,0.0,228.36672973632812,0.0,0.0,1
1770586620.59982514,386644447,0,6,77838600,2405,10,1.21,-35.3632622,149.1652374,584.09,0.0,228.36672973632812,0.0,0.0,1
1770586620.79974508,386844367,0,6,77838800,2405,10,1.21,-35.3632622,149.1652374,584.09,0.0,228.36672973632812,0.0,0.0,1
1770586620.98050594,387025128,0,6,77839000,2405,10,1.21,-35.3632622,149.1652374,584.09,0.0,228.36672973632812,0.0,0.0,1
1770586621.18042612,387225048,0,6,77839200,2405,10,1.21,-35.3632622,149.1652374,584.09,0.0,228.36672973632812,0.0,0.0,1
1770586621.38034606,387424968,0,6,77839400,2405,10,1.21,-35.3632622,149.1652374,584.09,0.0,228.36672973632812,0.0,0.0,1
1770586621.58026600,387624888,0,6,77839600,2405,10,1.21,-35.3632622,149.1652374,584.09,0.0,228.36672973632812,0.0,0.0,1
1770586621.80017805,387844800,0,6,77839800,2405,10,1.21,-35.3632622,149.1652374,584.09,0.0,228.36672973632812,0.0,0.0,1
1770586622.00009799,388044720,0,6,77840000,2405,10,1.21,-35.3632622,149.1652374,584.09,0.0,228.36672973632812,0.0,0.0,1
1770586622.20001817,388244640,0,6,77840200,2405,10,1.21,-35.3632622,149.1652374,584.09,0.0,228.36672973632812,0.0,0.0,1
1770586622.39993811,388444560,0,6,77840400,2405,10,1.21,-35.3632622,149.1652374,584.09,0.0,228.36672973632812,0.0,0.0,1
1770586622.59985805,388644480,0,6,77840600,2405,10,1.21,-35.3632622,149.1652374,584.09,0.0,228.36672973632812,0.0,0.0,1
1770586622.59985805,388644480,1,1,0,0,0,-0.01,0.0,0.0,0.0,0.0,0.0,0.0,0.0,0
1770586622.79977798,388844400,0,6,77840800,2405,10,1.21,-35.3632622,149.1652374,584.09,0.0,228.36672973632812,0.0,0.0,1
1770586622.99969816,389044320,0,6,77841000,2405,10,1.21,-35.3632622,149.1652374,584.09,0.0,228.36672973632812,0.0,0.0,1
1770586623.18045902,389225081,0,6,77841200,2405,10,1.21,-35.3632622,149.1652374,584.09,0.0,228.36672973632812,0.0,0.0,1
1770586623.38037896,389425001,0,6,77841400,2405,10,1.21,-35.3632622,149.1652374,584.09,0.0,228.36672973632812,0.0,0.0,1
1770586623.58029914,389624921,0,6,77841600,2405,10,1.21,-35.3632622,149.1652374,584.09,0.0,228.36672973632812,0.0,0.0,1
1770586623.78021908,389824841,0,6,77841800,2405,10,1.21,-35.3632622,149.1652374,584.09,0.0,228.36672973632812,0.0,0.0,1
1770586624.00013113,390044753,0,6,77842000,2405,10,1.21,-35.3632622,149.1652374,584.09,0.0,228.36672973632812,0.0,0.0,1
1770586624.20005107,390244673,0,6,77842200,2405,10,1.21,-35.3632622,149.1652374,584.09,0.0,228.36672973632812,0.0,0.0,1
1770586624.39997101,390444593,0,6,77842400,2405,10,1.21,-35.3632622,149.1652374,584.09,0.0,228.36672973632812,0.0,0.0,1
1770586624.59989095,390644513,0,6,77842600,2405,10,1.21,-35.3632622,149.1652374,584.09,0.0,228.36672973632812,0.0,0.0,1
1770586624.79981112,390844433,0,6,77842800,2405,10,1.21,-35.3632622,149.1652374,584.09,0.0,228.36672973632812,0.0,0.0,1
1770586624.99973106,391044353,0,6,77843000,2405,10,1.21,-35.3632622,149.1652374,584.09,0.0,228.36672973632812,0.0,0.0,1
1770586625.18049216,391225114,0,6,77843200,2405,10,1.21,-35.3632622,149.1652374,584.09,0.0,228.36672973632812,0.0,0.0,1
1770586625.38041210,391425034,0,6,77843400,2405,10,1.21,-35.3632622,149.1652374,584.09,0.0,228.36672973632812,0.0,0.0,1
1770586625.58033204,391624954,0,6,77843600,2405,10,1.21,-35.3632622,149.1652374,584.09,0.0,228.36672973632812,0.0,0.0,1
1770586625.78025198,391824874,0,6,77843800,2405,10,1.21,-35.3632622,149.1652374,584.09,0.0,228.36672973632812,0.0,0.0,1
1770586626.00016403,392044786,0,6,77844000,2405,10,1.21,-35.3632622,149.1652374,584.09,0.0,228.36672973632812,0.0,0.0,1
1770586626.20008397,392244706,0,6,77844200,2405,10,1.21,-35.3632622,149.1652374,584.09,0.0,228.36672973632812,0.0,0.0,1
1770586626.40000415,392444626,0,6,77844400,2405,10,1.21,-35.3632622,149.1652374,584.09,0.0,228.36672973632812,0.0,0.0,1
1770586626.59992409,392644546,0,6,77844600,2405,10,1.21,-35.3632622,149.1652374,584.09,0.0,228.36672973632812,0.0,0.0,1
1770586626.61991596,392664538,1,1,0,0,0,-0.01,0.0,0.0,0.0,0.0,0.0,0.0,0.0,0
1770586626.79984403,392844466,0,6,77844800,2405,10,1.21,-35.3632622,149.1652374,584.09,0.0,228.36672973632812,0.0,0.0,1
1770586626.99976397,393044386,0,6,77845000,2405,10,1.21,-35.3632622,149.1652374,584.09,0.0,228.36672973632812,0.0,0.0,1
1770586627.20051694,393245139,0,6,77845200,2405,10,1.21,-35.3632622,149.1652374,584.09,0.0,228.36672973632812,0.0,0.0,1
1770586627.38044500,393425067,0,6,77845400,2405,10,1.21,-35.3632622,149.1652374,584.09,0.0,228.36672973632812,0.0,0.0,1
1770586627.58036494,393624987,0,6,77845600,2405,10,1.21,-35.3632622,149.1652374,584.09,0.0,228.36672973632812,0.0,0.0,1
1770586627.78028512,393824907,0,6,77845800,2405,10,1.21,-35.3632622,149.1652374,584.09,0.0,228.36672973632812,0.0,0.0,1
1770586628.00019717,394044819,0,6,77846000,2405,10,1.21,-35.3632622,149.1652374,584.09,0.0,228.36672973632812,0.0,0.0,1
1770586628.20011711,394244739,0,6,77846200,2405,10,1.21,-35.3632622,149.1652374,584.09,0.0,228.36672973632812,0.0,0.0,1
1770586628.40003705,394444659,0,6,77846400,2405,10,1.21,-35.3632622,149.1652374,584.09,0.0,228.36672973632812,0.0,0.0,1
1770586628.59995699,394644579,0,6,77846600,2405,10,1.21,-35.3632622,149.1652374,584.09,0.0,228.36672973632812,0.0,0.0,1
1770586628.79987717,394844499,0,6,77846800,2405,10,1.21,-35.3632622,149.1652374,584.09,0.0,228.36672973632812,0.0,0.0,1
1770586628.99979711,395044419,0,6,77847000,2405,10,1.21,-35.3632622,149.1652374,584.09,0.0,228.36672973632812,0.0,0.0,1
1770586629.19971704,395244339,0,6,77847200,2405,10,1.21,-35.3632622,149.1652374,584.09,0.0,228.36672973632812,0.0,0.0,1
1770586629.38047814,395425100,0,6,77847400,2405,10,1.21,-35.3632622,149.1652374,584.09,0.0,228.36672973632812,0.0,0.0,1
1770586629.58039808,395625020,0,6,77847600,2405,10,1.21,-35.3632622,149.1652374,584.09,0.0,228.36672973632812,0.0,0.0,1
1770586629.78031802,395824940,0,6,77847800,2405,10,1.21,-35.3632622,149.1652374,584.09,0.0,228.36672973632812,0.0,0.0,1
1770586629.98023796,396024860,0,6,77848000,2405,10,1.21,-35.3632622,149.1652374,584.09,0.0,228.36672973632812,0.0,0.0,1
1770586630.20015001,396244772,0,6,77848200,2405,10,1.21,-35.3632622,149.1652374,584.09,0.0,228.36672973632812,0.0,0.0,1
1770586630.40006995,396444692,0,6,77848400,2405,10,1.21,-35.3632622,149.1652374,584.09,0.0,228.36672973632812,0.0,0.0,1
1770586630.59999013,396644612,0,6,77848600,2405,10,1.21,-35.3632622,149.1652374,584.09,0.0,228.36672973632812,0.0,0.0,1
1770586630.63997412,396684596,1,1,0,0,0,-0.01,0.0,0.0,0.0,0.0,0.0,0.0,0.0,0
1770586630.79991007,396844532,0,6,77848800,2405,10,1.21,-35.3632622,149.1652374,584.09,0.0,228.36672973632812,0.0,0.0,1
1770586630.99983001,397044452,0,6,77849000,2405,10,1.21,-35.3632622,149.1652374,584.09,0.0,228.36672973632812,0.0,0.0,1
1770586631.19974995,397244372,0,6,77849200,2405,10,1.21,-35.3632622,149.1652374,584.09,0.0,228.36672973632812,0.0,0.0,1
1770586631.38051105,397425133,0,6,77849400,2405,10,1.21,-35.3632622,149.1652374,584.09,0.0,228.36672973632812,0.0,0.0,1
1770586631.58043098,397625053,0,6,77849600,2405,10,1.21,-35.3632622,149.1652374,584.09,0.0,228.36672973632812,0.0,0.0,1
1770586631.78035116,397824973,0,6,77849800,2405,10,1.21,-35.3632622,149.1652374,584.09,0.0,228.36672973632812,0.0,0.0,1
1770586631.98027110,398024893,0,6,77850000,2405,10,1.21,-35.3632622,149.1652374,584.09,0.0,228.36672973632812,0.0,0.0,1
1770586632.20018315,398244805,0,6,77850200,2405,10,1.21,-35.3632622,149.1652374,584.09,0.0,228.36672973632812,0.0,0.0,1
1770586632.40010309,398444725,0,6,77850400,2405,10,1.21,-35.3632622,149.1652374,584.09,0.0,228.36672973632812,0.0,0.0,1
1770586632.60002303,398644645,0,6,77850600,2405,10,1.21,-35.3632622,149.1652374,584.09,0.0,228.36672973632812,0.0,0.0,1
1770586632.79994297,398844565,0,6,77850800,2405,10,1.21,-35.3632622,149.1652374,584.09,0.0,228.36672973632812,0.0,0.0,1
1770586632.99986315,399044485,0,6,77851000,2405,10,1.21,-35.3632622,149.1652374,584.09,0.0,228.36672973632812,0.0,0.0,1
1770586633.19978309,399244405,0,6,77851200,2405,10,1.21,-35.3632622,149.1652374,584.09,0.0,228.36672973632812,0.0,0.0,1
1770586633.39970303,399444325,0,6,77851400,2405,10,1.21,-35.3632622,149.1652374,584.09,0.0,228.36672973632812,0.0,0.0,1
1770586633.58046412,399625086,0,6,77851600,2405,10,1.21,-35.3632622,149.1652374,584.09,0.0,228.36672973632812,0.0,0.0,1
1770586633.78038406,399825006,0,6,77851800,2405,10,1.21,-35.3632622,149.1652374,584.09,0.0,228.36672973632812,0.0,0.0,1
1770586633.98030400,400024926,0,6,77852000,2405,10,1.21,-35.3632622,149.1652374,584.09,0.0,228.36672973632812,0.0,0.0,1
1770586634.18022394,400224846,0,6,77852200,2405,10,1.21,-35.3632622,149.1652374,584.09,0.0,228.36672973632812,0.0,0.0,1
1770586634.40013599,400444758,0,6,77852400,2405,10,1.21,-35.3632622,149.1652374,584.09,0.0,228.36672973632812,0.0,0.0,1
1770586634.60005617,400644678,0,6,77852600,2405,10,1.21,-35.3632622,149.1652374,584.09,0.0,228.36672973632812,0.0,0.0,1
1770586634.66003203,400704654,1,1,0,0,0,-0.01,0.0,0.0,0.0,0.0,0.0,0.0,0.0,0
1770586634.79997611,400844598,0,6,77852800,2405,10,1.21,-35.3632622,149.1652374,584.09,0.0,228.36672973632812,0.0,0.0,1
1770586634.99989605,401044518,0,6,77853000,2405,10,1.21,-35.3632622,149.1652374,584.09,0.0,228.36672973632812,0.0,0.0,1
1770586635.19981599,401244438,0,6,77853200,2405,10,1.21,-35.3632622,149.1652374,584.09,0.0,228.36672973632812,0.0,0.0,1
1770586635.39973617,401444358,0,6,77853400,2405,10,1.21,-35.3632622,149.1652374,584.09,0.0,228.36672973632812,0.0,0.0,1
1770586635.58049703,401625119,0,6,77853600,2405,10,1.21,-35.3632622,149.1652374,584.09,0.0,228.36672973632812,0.0,0.0,1
1770586635.78041697,401825039,0,6,77853800,2405,10,1.21,-35.3632622,149.1652374,584.09,0.0,228.36672973632812,0.0,0.0,1
1770586635.98033714,402024959,0,6,77854000,2405,10,1.21,-35.3632622,149.1652374,584.09,0.0,228.36672973632812,0.0,0.0,1
1770586636.18025708,402224879,0,6,77854200,2405,10,1.21,-35.3632622,149.1652374,584.09,0.0,228.36672973632812,0.0,0.0,1
1770586636.40016913,402444791,0,6,77854400,2405,10,1.21,-35.3632622,149.1652374,584.09,0.0,228.36672973632812,0.0,0.0,1
1770586636.60008907,402644711,0,6,77854600,2405,10,1.21,-35.3632622,149.1652374,584.09,0.0,228.36672973632812,0.0,0.0,1
1770586636.80000901,402844631,0,6,77854800,2405,10,1.21,-35.3632622,149.1652374,584.09,0.0,228.36672973632812,0.0,0.0,1
1770586636.99992895,403044551,0,6,77855000,2405,10,1.21,-35.3632622,149.1652374,584.09,0.0,228.36672973632812,0.0,0.0,1
1770586637.19984913,403244471,0,6,77855200,2405,10,1.21,-35.3632622,149.1652374,584.09,0.0,228.36672973632812,0.0,0.0,1
1770586637.39976907,403444391,0,6,77855400,2405,10,1.21,-35.3632622,149.1652374,584.09,0.0,228.36672973632812,0.0,0.0,1
1770586637.59968901,403644311,0,6,77855600,2405,10,1.21,-35.3632622,149.1652374,584.09,0.0,228.36672973632812,0.0,0.0,1
1770586637.78045011,403825072,0,6,77855800,2405,10,1.21,-35.3632622,149.1652374,584.09,0.0,228.36672973632812,0.0,0.0,1
1770586637.98037004,404024992,0,6,77856000,2405,10,1.21,-35.3632622,149.1652374,584.09,0.0,228.36672973632812,0.0,0.0,1
1770586638.18028998,404224912,0,6,77856200,2405,10,1.21,-35.3632622,149.1652374,584.09,0.0,228.36672973632812,0.0,0.0,1
1770586638.40020204,404444824,0,6,77856400,2405,10,1.21,-35.3632622,149.1652374,584.09,0.0,228.36672973632812,0.0,0.0,1
1770586638.60012197,404644744,0,6,77856600,2405,10,1.21,-35.3632622,149.1652374,584.09,0.0,228.36672973632812,0.0,0.0,1
1770586638.68008995,404724712,1,1,0,0,0,-0.01,0.0,0.0,0.0,0.0,0.0,0.0,0.0,0
1770586638.80004215,404844664,0,6,77856800,2405,10,1.21,-35.3632622,149.1652374,584.09,0.0,228.36672973632812,0.0,0.0,1
1770586638.99996209,405044584,0,6,77857000,2405,10,1.21,-35.3632622,149.1652374,584.09,0.0,228.36672973632812,0.0,0.0,1
1770586639.19988203,405244504,0,6,77857200,2405,10,1.21,-35.3632622,149.1652374,584.09,0.0,228.36672973632812,0.0,0.0,1
1770586639.39980197,405444424,0,6,77857400,2405,10,1.21,-35.3632622,149.1652374,584.09,0.0,228.36672973632812,0.0,0.0,1
1770586639.59972215,405644344,0,6,77857600,2405,10,1.21,-35.3632622,149.1652374,584.09,0.0,228.36672973632812,0.0,0.0,1
1770586639.78048301,405825105,0,6,77857800,2405,10,1.21,-35.3632622,149.1652374,584.09,0.0,228.36672973632812,0.0,0.0,1
1770586639.98040295,406025025,0,6,77858000,2405,10,1.21,-35.3632622,149.1652374,584.09,0.0,228.36672973632812,0.0,0.0,1
1770586640.18032312,406224945,0,6,77858200,2405,10,1.21,-35.3632622,149.1652374,584.09,0.0,228.36672973632812,0.0,0.0,1
1770586640.38024306,406424865,0,6,77858400,2405,10,1.21,-35.3632622,149.1652374,584.09,0.0,228.36672973632812,0.0,0.0,1
1770586640.60015512,406644777,0,6,77858600,2405,10,1.21,-35.3632622,149.1652374,584.09,0.0,228.36672973632812,0.0,0.0,1
1770586640.80007505,406844697,0,6,77858800,2405,10,1.21,-35.3632622,149.1652374,584.09,0.0,228.36672973632812,0.0,0.0,1
1770586640.99999499,407044617,0,6,77859000,2405,10,1.21,-35.3632622,149.1652374,584.09,0.0,228.36672973632812,0.0,0.0,1
1770586641.19991517,407244537,0,6,77859200,2405,10,1.21,-35.3632622,149.1652374,584.09,0.0,228.36672973632812,0.0,0.0,1
1770586641.39983511,407444457,0,6,77859400,2405,10,1.21,-35.3632622,149.1652374,584.09,0.0,228.36672973632812,0.0,0.0,1
1770586641.59975505,407644377,0,6,77859600,2405,10,1.21,-35.3632622,149.1652374,584.09,0.0,228.36672973632812,0.0,0.0,1
1770586641.78051615,407825138,0,6,77859800,2405,10,1.21,-35.3632622,149.1652374,584.09,0.0,228.36672973632812,0.0,0.0,1
1770586641.98043609,408025058,0,6,77860000,2405,10,1.21,-35.3632622,149.1652374,584.09,0.0,228.36672973632812,0.0,0.0,1
1770586642.18035603,408224978,0,6,77860200,2405,10,1.21,-35.3632622,149.1652374,584.09,0.0,228.36672973632812,0.0,0.0,1
1770586642.38027596,408424898,0,6,77860400,2405,10,1.21,-35.3632622,149.1652374,584.09,0.0,228.36672973632812,0.0,0.0,1
1770586642.60018802,408644810,0,6,77860600,2405,10,1.21,-35.3632622,149.1652374,584.09,0.0,228.36672973632812,0.0,0.0,1
1770586642.70014811,408744770,1,1,0,0,0,-0.01,0.0,0.0,0.0,0.0,0.0,0.0,0.0,0
1770586642.80010796,408844730,0,6,77860800,2405,10,1.21,-35.3632622,149.1652374,584.09,0.0,228.36672973632812,0.0,0.0,1
1770586643.00002813,409044650,0,6,77861000,2405,10,1.21,-35.3632622,149.1652374,584.09,0.0,228.36672973632812,0.0,0.0,1
1770586643.19994807,409244570,0,6,77861200,2405,10,1.21,-35.3632622,149.1652374,584.09,0.0,228.36672973632812,0.0,0.0,1
1770586643.39986801,409444490,0,6,77861400,2405,10,1.21,-35.3632622,149.1652374,584.09,0.0,228.36672973632812,0.0,0.0,1
1770586643.59978795,409644410,0,6,77861600,2405,10,1.21,-35.3632622,149.1652374,584.09,0.0,228.36672973632812,0.0,0.0,1
1770586643.79970813,409844330,0,6,77861800,2405,10,1.21,-35.3632622,149.1652374,584.09,0.0,228.36672973632812,0.0,0.0,1
1770586643.98046899,410025091,0,6,77862000,2405,10,1.21,-35.3632622,149.1652374,584.09,0.0,228.36672973632812,0.0,0.0,1
1770586644.18038917,410225011,0,6,77862200,2405,10,1.21,-35.3632622,149.1652374,584.09,0.0,228.36672973632812,0.0,0.0,1
1770586644.38030910,410424931,0,6,77862400,2405,10,1.21,-35.3632622,149.1652374,584.09,0.0,228.36672973632812,0.0,0.0,1
1770586644.58022904,410624851,0,6,77862600,2405,10,1.21,-35.3632622,149.1652374,584.09,0.0,228.36672973632812,0.0,0.0,1
1770586644.80014110,410844763,0,6,77862800,2405,10,1.21,-35.3632622,149.1652374,584.09,0.0,228.36672973632812,0.0,0.0,1
1770586645.00006104,411044683,0,6,77863000,2405,10,1.21,-35.3632622,149.1652374,584.09,0.0,228.36672973632812,0.0,0.0,1
1770586645.19998097,411244603,0,6,77863200,2405,10,1.21,-35.3632622,149.1652374,584.09,0.0,228.36672973632812,0.0,0.0,1
1770586645.39990115,411444523,0,6,77863400,2405,10,1.21,-35.3632622,149.1652374,584.09,0.0,228.36672973632812,0.0,0.0,1
1770586645.59982109,411644443,0,6,77863600,2405,10,1.21,-35.3632622,149.1652374,584.09,0.0,228.36672973632812,0.0,0.0,1
1770586645.79974103,411844363,0,6,77863800,2405,10,1.21,-35.3632622,149.1652374,584.09,0.0,228.36672973632812,0.0,0.0,1
1770586645.98050213,412025124,0,6,77864000,2405,10,1.21,-35.3632622,149.1652374,584.09,0.0,228.36672973632812,0.0,0.0,1
1770586646.18042207,412225044,0,6,77864200,2405,10,1.21,-35.3632622,149.1652374,584.09,0.0,228.36672973632812,0.0,0.0,1
1770586646.38034201,412424964,0,6,77864400,2405,10,1.21,-35.3632622,149.1652374,584.09,0.0,228.36672973632812,0.0,0.0,1
1770586646.58026195,412624884,0,6,77864600,2405,10,1.21,-35.3632622,149.1652374,584.09,0.0,228.36672973632812,0.0,0.0,1
1770586646.72020602,412764828,1,1,0,0,0,-0.01,0.0,0.0,0.0,0.0,0.0,0.0,0.0,0
1770586646.80017400,412844796,0,6,77864800,2405,10,1.21,-35.3632622,149.1652374,584.09,0.0,228.36672973632812,0.0,0.0,1
1770586647.00009394,413044716,0,6,77865000,2405,10,1.21,-35.3632622,149.1652374,584.09,0.0,228.36672973632812,0.0,0.0,1
1770586647.20001411,413244636,0,6,77865200,2405,10,1.21,-35.3632622,149.1652374,584.09,0.0,228.36672973632812,0.0,0.0,1
1770586647.39993405,413444556,0,6,77865400,2405,10,1.21,-35.3632622,149.1652374,584.09,0.0,228.36672973632812,0.0,0.0,1
1770586647.59985399,413644476,0,6,77865600,2405,10,1.21,-35.3632622,149.1652374,584.09,0.0,228.36672973632812,0.0,0.0,1
1770586647.79977417,413844396,0,6,77865800,2405,10,1.21,-35.3632622,149.1652374,584.09,0.0,228.36672973632812,0.0,0.0,1
1770586647.99969411,414044316,0,6,77866000,2405,10,1.21,-35.3632622,149.1652374,584.09,0.0,228.36672973632812,0.0,0.0,1
1770586648.18045497,414225077,0,6,77866200,2405,10,1.21,-35.3632622,149.1652374,584.09,0.0,228.36672973632812,0.0,0.0,1
1770586648.38037515,414424997,0,6,77866400,2405,10,1.21,-35.3632622,149.1652374,584.09,0.0,228.36672973632812,0.0,0.0,1
1770586648.58029509,414624917,0,6,77866600,2405,10,1.21,-35.3632622,149.1652374,584.09,0.0,228.36672973632812,0.0,0.0,1
1770586648.78021502,414824837,0,6,77866800,2405,10,1.21,-35.3632622,149.1652374,584.09,0.0,228.36672973632812,0.0,0.0,1
1770586649.00012708,415044749,0,6,77867000,2405,10,1.21,-35.3632622,149.1652374,584.09,0.0,228.36672973632812,0.0,0.0,1
1770586649.20004702,415244669,0,6,77867200,2405,10,1.21,-35.3632622,149.1652374,584.09,0.0,228.36672973632812,0.0,0.0,1
1770586649.39996696,415444589,0,6,77867400,2405,10,1.21,-35.3632622,149.1652374,584.09,0.0,228.36672973632812,0.0,0.0,1
1770586649.59988713,415644509,0,6,77867600,2405,10,1.21,-35.3632622,149.1652374,584.09,0.0,228.36672973632812,0.0,0.0,1
1770586649.79980707,415844429,0,6,77867800,2405,10,1.21,-35.3632622,149.1652374,584.09,0.0,228.36672973632812,0.0,0.0,1
1770586649.99972701,416044349,0,6,77868000,2405,10,1.21,-35.3632622,149.1652374,584.09,0.0,228.36672973632812,0.0,0.0,1
1770586650.18048811,416225110,0,6,77868200,2405,10,1.21,-35.3632622,149.1652374,584.09,0.0,228.36672973632812,0.0,0.0,1
1770586650.38040805,416425030,0,6,77868400,2405,10,1.21,-35.3632622,149.1652374,584.09,0.0,228.36672973632812,0.0,0.0,1
1770586650.58032799,416624950,0,6,77868600,2405,10,1.21,-35.3632622,149.1652374,584.09,0.0,228.36672973632812,0.0,0.0,1
1770586650.74026394,416784886,1,1,0,0,0,-0.01,0.0,0.0,0.0,0.0,0.0,0.0,0.0,0
1770586650.78024817,416824870,0,6,77868800,2405,10,1.21,-35.3632622,149.1652374,584.09,0.0,228.36672973632812,0.0,0.0,1
1770586651.00015998,417044782,0,6,77869000,2405,10,1.21,-35.3632622,149.1652374,584.09,0.0,228.36672973632812,0.0,0.0,1
1770586651.20008016,417244702,0,6,77869200,2405,10,1.21,-35.3632622,149.1652374,584.09,0.0,228.36672973632812,0.0,0.0,1
1770586651.40000010,417444622,0,6,77869400,2405,10,1.21,-35.3632622,149.1652374,584.09,0.0,228.36672973632812,0.0,0.0,1
1770586651.59992003,417644542,0,6,77869600,2405,10,1.21,-35.3632622,149.1652374,584.09,0.0,228.36672973632812,0.0,0.0,1
1770586651.79983997,417844462,0,6,77869800,2405,10,1.21,-35.3632622,149.1652374,584.09,0.0,228.36672973632812,0.0,0.0,1
1770586651.99976015,418044382,0,6,77870000,2405,10,1.21,-35.3632622,149.1652374,584.09,0.0,228.36672973632812,0.0,0.0,1
1770586652.20051312,418245135,0,6,77870200,2405,10,1.21,-35.3632622,149.1652374,584.09,0.0,228.36672973632812,0.0,0.0,1
1770586652.38044095,418425063,0,6,77870400,2405,10,1.21,-35.3632622,149.1652374,584.09,0.0,228.36672973632812,0.0,0.0,1
1770586652.58036113,418624983,0,6,77870600,2405,10,1.21,-35.3632622,149.1652374,584.09,0.0,228.36672973632812,0.0,0.0,1
1770586652.78028107,418824903,0,6,77870800,2405,10,1.21,-35.3632622,149.1652374,584.09,0.0,228.36672973632812,0.0,0.0,1
1770586653.00019312,419044815,0,6,77871000,2405,10,1.21,-35.3632622,149.1652374,584.09,0.0,228.36672973632812,0.0,0.0,1
1770586653.20011306,419244735,0,6,77871200,2405,10,1.21,-35.3632622,149.1652374,584.09,0.0,228.36672973632812,0.0,0.0,1
1770586653.40003300,419444655,0,6,77871400,2405,10,1.21,-35.3632622,149.1652374,584.09,0.0,228.36672973632812,0.0,0.0,1
1770586653.59995317,419644575,0,6,77871600,2405,10,1.21,-35.3632622,149.1652374,584.09,0.0,228.36672973632812,0.0,0.0,1
1770586653.79987311,419844495,0,6,77871800,2405,10,1.21,-35.3632622,149.1652374,584.09,0.0,228.36672973632812,0.0,0.0,1
1770586653.99979305,420044415,0,6,77872000,2405,10,1.21,-35.3632622,149.1652374,584.09,0.0,228.36672973632812,0.0,0.0,1
1770586654.19971299,420244335,0,6,77872200,2405,10,1.21,-35.3632622,149.1652374,584.09,0.0,228.36672973632812,0.0,0.0,1
1770586654.38047409,420425096,0,6,77872400,2405,10,1.21,-35.3632622,149.1652374,584.09,0.0,228.36672973632812,0.0,0.0,1
1770586654.58039403,420625016,0,6,77872600,2405,10,1.21,-35.3632622,149.1652374,584.09,0.0,228.36672973632812,0.0,0.0,1
1770586654.76032209,420804944,1,1,0,0,0,-0.01,0.0,0.0,0.0,0.0,0.0,0.0,0.0,0
1770586654.78031397,420824936,0,6,77872800,2405,10,1.21,-35.3632622,149.1652374,584.09,0.0,228.36672973632812,0.0,0.0,1
1770586654.98023415,421024856,0,6,77873000,2405,10,1.21,-35.3632622,149.1652374,584.09,0.0,228.36672973632812,0.0,0.0,1
1770586655.20014596,421244768,0,6,77873200,2405,10,1.21,-35.3632622,149.1652374,584.09,0.0,228.36672973632812,0.0,0.0,1
1770586655.40006614,421444688,0,6,77873400,2405,10,1.21,-35.3632622,149.1652374,584.09,0.0,228.36672973632812,0.0,0.0,1
1770586655.59998608,421644608,0,6,77873600,2405,10,1.21,-35.3632622,149.1652374,584.09,0.0,228.36672973632812,0.0,0.0,1
1770586655.79990602,421844528,0,6,77873800,2405,10,1.21,-35.3632622,149.1652374,584.09,0.0,228.36672973632812,0.0,0.0,1
1770586655.99982595,422044448,0,6,77874000,2405,10,1.21,-35.3632622,149.1652374,584.09,0.0,228.36672973632812,0.0,0.0,1
1770586656.19974613,422244368,0,6,77874200,2405,10,1.21,-35.3632622,149.1652374,584.09,0.0,228.36672973632812,0.0,0.0,1
1770586656.38050699,422425129,0,6,77874400,2405,10,1.21,-35.3632622,149.1652374,584.09,0.0,228.36672973632812,0.0,0.0,1
1770586656.58042717,422625049,0,6,77874600,2405,10,1.21,-35.3632622,149.1652374,584.09,0.0,228.36672973632812,0.0,0.0,1
1770586656.78034711,422824969,0,6,77874800,2405,10,1.21,-35.3632622,149.1652374,584.09,0.0,228.36672973632812,0.0,0.0,1
1770586656.98026705,423024889,0,6,77875000,2405,10,1.21,-35.3632622,149.1652374,584.09,0.0,228.36672973632812,0.0,0.0,1
1770586657.20017910,423244801,0,6,77875200,2405,10,1.21,-35.3632622,149.1652374,584.09,0.0,228.36672973632812,0.0,0.0,1
1770586657.40009904,423444721,0,6,77875400,2405,10,1.21,-35.3632622,149.1652374,584.09,0.0,228.36672973632812,0.0,0.0,1
1770586657.60001898,423644641,0,6,77875600,2405,10,1.21,-35.3632622,149.1652374,584.09,0.0,228.36672973632812,0.0,0.0,1
1770586657.79993916,423844561,0,6,77875800,2405,10,1.21,-35.3632622,149.1652374,584.09,0.0,228.36672973632812,0.0,0.0,1
1770586657.99985909,424044481,0,6,77876000,2405,10,1.21,-35.3632622,149.1652374,584.09,0.0,228.36672973632812,0.0,0.0,1
1770586658.19977903,424244401,0,6,77876200,2405,10,1.21,-35.3632622,149.1652374,584.09,0.0,228.36672973632812,0.0,0.0,1
1770586658.39969897,424444321,0,6,77876400,2405,10,1.21,-35.3632622,149.1652374,584.09,0.0,228.36672973632812,0.0,0.0,1
1770586658.58046007,424625082,0,6,77876600,2405,10,1.21,-35.3632622,149.1652374,584.09,0.0,228.36672973632812,0.0,0.0,1
1770586658.76038814,424805010,1,1,0,0,0,-0.01,0.0,0.0,0.0,0.0,0.0,0.0,0.0,0
1770586658.78038001,424825002,0,6,77876800,2405,10,1.21,-35.3632622,149.1652374,584.09,0.0,228.36672973632812,0.0,0.0,1
1770586658.98029995,425024922,0,6,77877000,2405,10,1.21,-35.3632622,149.1652374,584.09,0.0,228.36672973632812,0.0,0.0,1
1770586659.18022013,425224842,0,6,77877200,2405,10,1.21,-35.3632622,149.1652374,584.09,0.0,228.36672973632812,0.0,0.0,1
1770586659.40013194,425444754,0,6,77877400,2405,10,1.21,-35.3632622,149.1652374,584.09,0.0,228.36672973632812,0.0,0.0,1
1770586659.60005212,425644674,0,6,77877600,2405,10,1.21,-35.3632622,149.1652374,584.09,0.0,228.36672973632812,0.0,0.0,1
1770586659.79997206,425844594,0,6,77877800,2405,10,1.21,-35.3632622,149.1652374,584.09,0.0,228.36672973632812,0.0,0.0,1
1770586659.99989200,426044514,0,6,77878000,2405,10,1.21,-35.3632622,149.1652374,584.09,0.0,228.36672973632812,0.0,0.0,1
1770586660.19981217,426244434,0,6,77878200,2405,10,1.21,-35.3632622,149.1652374,584.09,0.0,228.36672973632812,0.0,0.0,1
1770586660.39973211,426444354,0,6,77878400,2405,10,1.21,-35.3632622,149.1652374,584.09,0.0,228.36672973632812,0.0,0.0,1
1770586660.58049297,426625115,0,6,77878600,2405,10,1.21,-35.3632622,149.1652374,584.09,0.0,228.36672973632812,0.0,0.0,1
1770586660.78041315,426825035,0,6,77878800,2405,10,1.21,-35.3632622,149.1652374,584.09,0.0,228.36672973632812,0.0,0.0,1
1770586660.98033309,427024955,0,6,77879000,2405,10,1.21,-35.3632622,149.1652374,584.09,0.0,228.36672973632812,0.0,0.0,1
1770586661.18025303,427224875,0,6,77879200,2405,10,1.21,-35.3632622,149.1652374,584.09,0.0,228.36672973632812,0.0,0.0,1
1770586661.40016508,427444787,0,6,77879400,2405,10,1.21,-35.3632622,149.1652374,584.09,0.0,228.36672973632812,0.0,0.0,1
1770586661.60008502,427644707,0,6,77879600,2405,10,1.21,-35.3632622,149.1652374,584.09,0.0,228.36672973632812,0.0,0.0,1
1770586661.80000496,427844627,0,6,77879800,2405,10,1.21,-35.3632622,149.1652374,584.09,0.0,228.36672973632812,0.0,0.0,1
1770586661.99992514,428044547,0,6,77880000,2405,10,1.21,-35.3632622,149.1652374,584.09,0.0,228.36672973632812,0.0,0.0,1
1770586662.19984508,428244467,0,6,77880200,2405,10,1.21,-35.3632622,149.1652374,584.09,0.0,228.36672973632812,0.0,0.0,1
1770586662.39976501,428444387,0,6,77880400,2405,10,1.21,-35.3632622,149.1652374,584.09,0.0,228.36672973632812,0.0,0.0,1
1770586662.60051799,428645140,0,6,77880600,2405,10,1.21,-35.3632622,149.1652374,584.09,0.0,228.36672973632812,0.0,0.0,1
1770586662.78044605,428825068,0,6,77880800,2405,10,1.21,-35.3632622,149.1652374,584.09,0.0,228.36672973632812,0.0,0.0,1
1770586662.78044605,428825068,1,1,0,0,0,-0.01,0.0,0.0,0.0,0.0,0.0,0.0,0.0,0
1770586662.98036599,429024988,0,6,77881000,2405,10,1.21,-35.3632622,149.1652374,584.09,0.0,228.36672973632812,0.0,0.0,1
1770586663.18028617,429224908,0,6,77881200,2405,10,1.21,-35.3632622,149.1652374,584.09,0.0,228.36672973632812,0.0,0.0,1
1770586663.40019798,429444820,0,6,77881400,2405,10,1.21,-35.3632622,149.1652374,584.09,0.0,228.36672973632812,0.0,0.0,1
1770586663.60011816,429644740,0,6,77881600,2405,10,1.21,-35.3632622,149.1652374,584.09,0.0,228.36672973632812,0.0,0.0,1
1770586663.80003810,429844660,0,6,77881800,2405,10,1.21,-35.3632622,149.1652374,584.09,0.0,228.36672973632812,0.0,0.0,1
1770586663.99995804,430044580,0,6,77882000,2405,10,1.21,-35.3632622,149.1652374,584.09,0.0,228.36672973632812,0.0,0.0,1
1770586664.19987798,430244500,0,6,77882200,2405,10,1.21,-35.3632622,149.1652374,584.09,0.0,228.36672973632812,0.0,0.0,1
1770586664.39979815,430444420,0,6,77882400,2405,10,1.21,-35.3632622,149.1652374,584.09,0.0,228.36672973632812,0.0,0.0,1
1770586664.59971809,430644340,0,6,77882600,2405,10,1.21,-35.3632622,149.1652374,584.09,0.0,228.36672973632812,0.0,0.0,1
1770586664.78047895,430825101,0,6,77882800,2405,10,1.21,-35.3632622,149.1652374,584.09,0.0,228.36672973632812,0.0,0.0,1
1770586664.98039913,431025021,0,6,77883000,2405,10,1.21,-35.3632622,149.1652374,584.09,0.0,228.36672973632812,0.0,0.0,1
1770586665.18031907,431224941,0,6,77883200,2405,10,1.21,-35.3632622,149.1652374,584.09,0.0,228.36672973632812,0.0,0.0,1
1770586665.38023901,431424861,0,6,77883400,2405,10,1.21,-35.3632622,149.1652374,584.09,0.0,228.36672973632812,0.0,0.0,1
1770586665.60015106,431644773,0,6,77883600,2405,10,1.21,-35.3632622,149.1652374,584.09,0.0,228.36672973632812,0.0,0.0,1
1770586665.80007100,431844693,0,6,77883800,2405,10,1.21,-35.3632622,149.1652374,584.09,0.0,228.36672973632812,0.0,0.0,1
1770586665.99999094,432044613,0,6,77884000,2405,10,1.21,-35.3632622,149.1652374,584.09,0.0,228.36672973632812,0.0,0.0,1
1770586666.19991112,432244533,0,6,77884200,2405,10,1.21,-35.3632622,149.1652374,584.09,0.0,228.36672973632812,0.0,0.0,1
1770586666.39983106,432444453,0,6,77884400,2405,10,1.21,-35.3632622,149.1652374,584.09,0.0,228.36672973632812,0.0,0.0,1
1770586666.59975100,432644373,0,6,77884600,2405,10,1.21,-35.3632622,149.1652374,584.09,0.0,228.36672973632812,0.0,0.0,1
1770586666.78051209,432825134,0,6,77884800,2405,10,1.21,-35.3632622,149.1652374,584.09,0.0,228.36672973632812,0.0,0.0,1
1770586666.80050397,432845126,1,1,0,0,0,-0.01,0.0,0.0,0.0,0.0,0.0,0.0,0.0,0
1770586666.98043203,433025054,0,6,77885000,2405,10,1.21,-35.3632622,149.1652374,584.09,0.0,228.36672973632812,0.0,0.0,1
1770586667.18035197,433224974,0,6,77885200,2405,10,1.21,-35.3632622,149.1652374,584.09,0.0,228.36672973632812,0.0,0.0,1
1770586667.38027215,433424894,0,6,77885400,2405,10,1.21,-35.3632622,149.1652374,584.09,0.0,228.36672973632812,0.0,0.0,1
1770586667.60018396,433644806,0,6,77885600,2405,10,1.21,-35.3632622,149.1652374,584.09,0.0,228.36672973632812,0.0,0.0,1
1770586667.80010414,433844726,0,6,77885800,2405,10,1.21,-35.3632622,149.1652374,584.09,0.0,228.36672973632812,0.0,0.0,1
1770586668.00002408,434044646,0,6,77886000,2405,10,1.21,-35.3632622,149.1652374,584.09,0.0,228.36672973632812,0.0,0.0,1
1770586668.19994402,434244566,0,6,77886200,2405,10,1.21,-35.3632622,149.1652374,584.09,0.0,228.36672973632812,0.0,0.0,1
1770586668.39986396,434444486,0,6,77886400,2405,10,1.21,-35.3632622,149.1652374,584.09,0.0,228.36672973632812,0.0,0.0,1
1770586668.59978414,434644406,0,6,77886600,2405,10,1.21,-35.3632622,149.1652374,584.09,0.0,228.36672973632812,0.0,0.0,1
1770586668.79970407,434844326,0,6,77886800,2405,10,1.21,-35.3632622,149.1652374,584.09,0.0,228.36672973632812,0.0,0.0,1
1770586668.98046517,435025087,0,6,77887000,2405,10,1.21,-35.3632622,149.1652374,584.09,0.0,228.36672973632812,0.0,0.0,1
1770586669.18038511,435225007,0,6,77887200,2405,10,1.21,-35.3632622,149.1652374,584.09,0.0,228.36672973632812,0.0,0.0,1
1770586669.38030505,435424927,0,6,77887400,2405,10,1.21,-35.3632622,149.1652374,584.09,0.0,228.36672973632812,0.0,0.0,1
1770586669.58022499,435624847,0,6,77887600,2405,10,1.21,-35.3632622,149.1652374,584.09,0.0,228.36672973632812,0.0,0.0,1
1770586669.80013704,435844759,0,6,77887800,2405,10,1.21,-35.3632622,149.1652374,584.09,0.0,228.36672973632812,0.0,0.0,1
1770586670.00005698,436044679,0,6,77888000,2405,10,1.21,-35.3632622,149.1652374,584.09,0.0,228.36672973632812,0.0,0.0,1
1770586670.19997716,436244599,0,6,77888200,2405,10,1.21,-35.3632622,149.1652374,584.09,0.0,228.36672973632812,0.0,0.0,1
1770586670.39989710,436444519,0,6,77888400,2405,10,1.21,-35.3632622,149.1652374,584.09,0.0,228.36672973632812,0.0,0.0,1
1770586670.59981704,436644439,0,6,77888600,2405,10,1.21,-35.3632622,149.1652374,584.09,0.0,228.36672973632812,0.0,0.0,1
1770586670.79973698,436844359,0,6,77888800,2405,10,1.21,-35.3632622,149.1652374,584.09,0.0,228.36672973632812,0.0,0.0,1
1770586670.81972909,436864351,1,1,0,0,0,-0.01,0.0,0.0,0.0,0.0,0.0,0.0,0.0,0
1770586670.98049808,437025120,0,6,77889000,2405,10,1.21,-35.3632622,149.1652374,584.09,0.0,228.36672973632812,0.0,0.0,1
1770586671.18041801,437225040,0,6,77889200,2405,10,1.21,-35.3632622,149.1652374,584.09,0.0,228.36672973632812,0.0,0.0,1
1770586671.38033795,437424960,0,6,77889400,2405,10,1.21,-35.3632622,149.1652374,584.09,0.0,228.36672973632812,0.0,0.0,1
1770586671.58025813,437624880,0,6,77889600,2405,10,1.21,-35.3632622,149.1652374,584.09,0.0,228.36672973632812,0.0,0.0,1
1770586671.80016994,437844792,0,6,77889800,2405,10,1.21,-35.3632622,149.1652374,584.09,0.0,228.36672973632812,0.0,0.0,1
1770586672.00009012,438044712,0,6,77890000,2405,10,1.21,-35.3632622,149.1652374,584.09,0.0,228.36672973632812,0.0,0.0,1
1770586672.20001006,438244632,0,6,77890200,2405,10,1.21,-35.3632622,149.1652374,584.09,0.0,228.36672973632812,0.0,0.0,1
1770586672.39993000,438444552,0,6,77890400,2405,10,1.21,-35.3632622,149.1652374,584.09,0.0,228.36672973632812,0.0,0.0,1
1770586672.59984994,438644472,0,6,77890600,2405,10,1.21,-35.3632622,149.1652374,584.09,0.0,228.36672973632812,0.0,0.0,1
1770586672.79977012,438844392,0,6,77890800,2405,10,1.21,-35.3632622,149.1652374,584.09,0.0,228.36672973632812,0.0,0.0,1
1770586672.99969006,439044312,0,6,77891000,2405,10,1.21,-35.3632622,149.1652374,584.09,0.0,228.36672973632812,0.0,0.0,1
1770586673.18045115,439225073,0,6,77891200,2405,10,1.21,-35.3632622,149.1652374,584.09,0.0,228.36672973632812,0.0,0.0,1
1770586673.38037109,439424993,0,6,77891400,2405,10,1.21,-35.3632622,149.1652374,584.09,0.0,228.36672973632812,0.0,0.0,1
1770586673.58029103,439624913,0,6,77891600,2405,10,1.21,-35.3632622,149.1652374,584.09,0.0,228.36672973632812,0.0,0.0,1
1770586673.78021097,439824833,0,6,77891800,2405,10,1.21,-35.3632622,149.1652374,584.09,0.0,228.36672973632812,0.0,0.0,1
1770586674.00012302,440044745,0,6,77892000,2405,10,1.21,-35.3632622,149.1652374,584.09,0.0,228.36672973632812,0.0,0.0,1
1770586674.20004296,440244665,0,6,77892200,2405,10,1.21,-35.3632622,149.1652374,584.09,0.0,228.36672973632812,0.0,0.0,1
1770586674.39996314,440444585,0,6,77892400,2405,10,1.21,-35.3632622,149.1652374,584.09,0.0,228.36672973632812,0.0,0.0,1
1770586674.59988308,440644505,0,6,77892600,2405,10,1.21,-35.3632622,149.1652374,584.09,0.0,228.36672973632812,0.0,0.0,1
1770586674.79980302,440844425,0,6,77892800,2405,10,1.21,-35.3632622,149.1652374,584.09,0.0,228.36672973632812,0.0,0.0,1
1770586674.83978701,440884409,1,1,0,0,0,-0.01,0.0,0.0,0.0,0.0,0.0,0.0,0.0,0
1770586674.99972296,441044345,0,6,77893000,2405,10,1.21,-35.3632622,149.1652374,584.09,0.0,228.36672973632812,0.0,0.0,1
1770586675.18048406,441225106,0,6,77893200,2405,10,1.21,-35.3632622,149.1652374,584.09,0.0,228.36672973632812,0.0,0.0,1
1770586675.38040400,441425026,0,6,77893400,2405,10,1.21,-35.3632622,149.1652374,584.09,0.0,228.36672973632812,0.0,0.0,1
1770586675.58032417,441624946,0,6,77893600,2405,10,1.21,-35.3632622,149.1652374,584.09,0.0,228.36672973632812,0.0,0.0,1
1770586675.78024411,441824866,0,6,77893800,2405,10,1.21,-35.3632622,149.1652374,584.09,0.0,228.36672973632812,0.0,0.0,1
1770586676.00015616,442044778,0,6,77894000,2405,10,1.21,-35.3632622,149.1652374,584.09,0.0,228.36672973632812,0.0,0.0,1
1770586676.20007610,442244698,0,6,77894200,2405,10,1.21,-35.3632622,149.1652374,584.09,0.0,228.36672973632812,0.0,0.0,1
1770586676.39999604,442444618,0,6,77894400,2405,10,1.21,-35.3632622,149.1652374,584.09,0.0,228.36672973632812,0.0,0.0,1
1770586676.59991598,442644538,0,6,77894600,2405,10,1.21,-35.3632622,149.1652374,584.09,0.0,228.36672973632812,0.0,0.0,1
1770586676.79983616,442844458,0,6,77894800,2405,10,1.21,-35.3632622,149.1652374,584.09,0.0,228.36672973632812,0.0,0.0,1
1770586676.99975610,443044378,0,6,77895000,2405,10,1.21,-35.3632622,149.1652374,584.09,0.0,228.36672973632812,0.0,0.0,1
1770586677.18051696,443225139,0,6,77895200,2405,10,1.21,-35.3632622,149.1652374,584.09,0.0,228.36672973632812,0.0,0.0,1
1770586677.38043714,443425059,0,6,77895400,2405,10,1.21,-35.3632622,149.1652374,584.09,0.0,228.36672973632812,0.0,0.0,1
1770586677.58035707,443624979,0,6,77895600,2405,10,1.21,-35.3632622,149.1652374,584.09,0.0,228.36672973632812,0.0,0.0,1
1770586677.78027701,443824899,0,6,77895800,2405,10,1.21,-35.3632622,149.1652374,584.09,0.0,228.36672973632812,0.0,0.0,1
1770586678.00018907,444044811,0,6,77896000,2405,10,1.21,-35.3632622,149.1652374,584.09,0.0,228.36672973632812,0.0,0.0,1
1770586678.20010900,444244731,0,6,77896200,2405,10,1.21,-35.3632622,149.1652374,584.09,0.0,228.36672973632812,0.0,0.0,1
1770586678.40002894,444444651,0,6,77896400,2405,10,1.21,-35.3632622,149.1652374,584.09,0.0,228.36672973632812,0.0,0.0,1
1770586678.59994912,444644571,0,6,77896600,2405,10,1.21,-35.3632622,149.1652374,584.09,0.0,228.36672973632812,0.0,0.0,1
1770586678.79986906,444844491,0,6,77896800,2405,10,1.21,-35.3632622,149.1652374,584.09,0.0,228.36672973632812,0.0,0.0,1
1770586678.85984516,444904467,1,1,0,0,0,-0.01,0.0,0.0,0.0,0.0,0.0,0.0,0.0,0
1770586678.99978900,445044411,0,6,77897000,2405,10,1.21,-35.3632622,149.1652374,584.09,0.0,228.36672973632812,0.0,0.0,1
1770586679.19970894,445244331,0,6,77897200,2405,10,1.21,-35.3632622,149.1652374,584.09,0.0,228.36672973632812,0.0,0.0,1
1770586679.38047004,445425092,0,6,77897400,2405,10,1.21,-35.3632622,149.1652374,584.09,0.0,228.36672973632812,0.0,0.0,1
1770586679.58038998,445625012,0,6,77897600,2405,10,1.21,-35.3632622,149.1652374,584.09,0.0,228.36672973632812,0.0,0.0,1
1770586679.78031015,445824932,0,6,77897800,2405,10,1.21,-35.3632622,149.1652374,584.09,0.0,228.36672973632812,0.0,0.0,1
1770586679.98023009,446024852,0,6,77898000,2405,10,1.21,-35.3632622,149.1652374,584.09,0.0,228.36672973632812,0.0,0.0,1
1770586680.20014215,446244764,0,6,77898200,2405,10,1.21,-35.3632622,149.1652374,584.09,0.0,228.36672973632812,0.0,0.0,1
1770586680.40006208,446444684,0,6,77898400,2405,10,1.21,-35.3632622,149.1652374,584.09,0.0,228.36672973632812,0.0,0.0,1
1770586680.59998202,446644604,0,6,77898600,2405,10,1.21,-35.3632622,149.1652374,584.09,0.0,228.36672973632812,0.0,0.0,1
1770586680.79990196,446844524,0,6,77898800,2405,10,1.21,-35.3632622,149.1652374,584.09,0.0,228.36672973632812,0.0,0.0,1
1770586680.99982214,447044444,0,6,77899000,2405,10,1.21,-35.3632622,149.1652374,584.09,0.0,228.36672973632812,0.0,0.0,1
1770586681.19974208,447244364,0,6,77899200,2405,10,1.21,-35.3632622,149.1652374,584.09,0.0,228.36672973632812,0.0,0.0,1
1770586681.38050294,447425125,0,6,77899400,2405,10,1.21,-35.3632622,149.1652374,584.09,0.0,228.36672973632812,0.0,0.0,1
1770586681.58042312,447625045,0,6,77899600,2405,10,1.21,-35.3632622,149.1652374,584.09,0.0,228.36672973632812,0.0,0.0,1
1770586681.78034306,447824965,0,6,77899800,2405,10,1.21,-35.3632622,149.1652374,584.09,0.0,228.36672973632812,0.0,0.0,1
1770586681.98026299,448024885,0,6,77900000,2405,10,1.21,-35.3632622,149.1652374,584.09,0.0,228.36672973632812,0.0,0.0,1
1770586682.20017505,448244797,0,6,77900200,2405,10,1.21,-35.3632622,149.1652374,584.09,0.0,228.36672973632812,0.0,0.0,1
1770586682.40009499,448444717,0,6,77900400,2405,10,1.21,-35.3632622,149.1652374,584.09,0.0,228.36672973632812,0.0,0.0,1
1770586682.60001516,448644637,0,6,77900600,2405,10,1.21,-35.3632622,149.1652374,584.09,0.0,228.36672973632812,0.0,0.0,1
1770586682.79993510,448844557,0,6,77900800,2405,10,1.21,-35.3632622,149.1652374,584.09,0.0,228.36672973632812,0.0,0.0,1
1770586682.87990308,448924525,1,1,0,0,0,-0.01,0.0,0.0,0.0,0.0,0.0,0.0,0.0,0
1770586682.99985504,449044477,0,6,77901000,2405,10,1.21,-35.3632622,149.1652374,584.09,0.0,228.36672973632812,0.0,0.0,1
1770586683.19977498,449244397,0,6,77901200,2405,10,1.21,-35.3632622,149.1652374,584.09,0.0,228.36672973632812,0.0,0.0,1
1770586683.39969516,449444317,0,6,77901400,2405,10,1.21,-35.3632622,149.1652374,584.09,0.0,228.36672973632812,0.0,0.0,1
1770586683.58045602,449625078,0,6,77901600,2405,10,1.21,-35.3632622,149.1652374,584.09,0.0,228.36672973632812,0.0,0.0,1
1770586683.78037596,449824998,0,6,77901800,2405,10,1.21,-35.3632622,149.1652374,584.09,0.0,228.36672973632812,0.0,0.0,1
1770586683.98029613,450024918,0,6,77902000,2405,10,1.21,-35.3632622,149.1652374,584.09,0.0,228.36672973632812,0.0,0.0,1
1770586684.18021607,450224838,0,6,77902200,2405,10,1.21,-35.3632622,149.1652374,584.09,0.0,228.36672973632812,0.0,0.0,1
1770586684.40012813,450444750,0,6,77902400,2405,10,1.21,-35.3632622,149.1652374,584.09,0.0,228.36672973632812,0.0,0.0,1
1770586684.60004807,450644670,0,6,77902600,2405,10,1.21,-35.3632622,149.1652374,584.09,0.0,228.36672973632812,0.0,0.0,1
1770586684.79996800,450844590,0,6,77902800,2405,10,1.21,-35.3632622,149.1652374,584.09,0.0,228.36672973632812,0.0,0.0,1
1770586684.99988794,451044510,0,6,77903000,2405,10,1.21,-35.3632622,149.1652374,584.09,0.0,228.36672973632812,0.0,0.0,1
1770586685.19980812,451244430,0,6,77903200,2405,10,1.21,-35.3632622,149.1652374,584.09,0.0,228.36672973632812,0.0,0.0,1
1770586685.39972806,451444350,0,6,77903400,2405,10,1.21,-35.3632622,149.1652374,584.09,0.0,228.36672973632812,0.0,0.0,1
1770586685.58048916,451625111,0,6,77903600,2405,10,1.21,-35.3632622,149.1652374,584.09,0.0,228.36672973632812,0.0,0.0,1
1770586685.78040910,451825031,0,6,77903800,2405,10,1.21,-35.3632622,149.1652374,584.09,0.0,228.36672973632812,0.0,0.0,1
1770586685.98032904,452024951,0,6,77904000,2405,10,1.21,-35.3632622,149.1652374,584.09,0.0,228.36672973632812,0.0,0.0,1
1770586686.18024898,452224871,0,6,77904200,2405,10,1.21,-35.3632622,149.1652374,584.09,0.0,228.36672973632812,0.0,0.0,1
1770586686.40016103,452444783,0,6,77904400,2405,10,1.21,-35.3632622,149.1652374,584.09,0.0,228.36672973632812,0.0,0.0,1
1770586686.60008097,452644703,0,6,77904600,2405,10,1.21,-35.3632622,149.1652374,584.09,0.0,228.36672973632812,0.0,0.0,1
1770586686.80000114,452844623,0,6,77904800,2405,10,1.21,-35.3632622,149.1652374,584.09,0.0,228.36672973632812,0.0,0.0,1
1770586686.89996099,452944583,1,1,0,0,0,-0.01,0.0,0.0,0.0,0.0,0.0,0.0,0.0,0
1770586686.99992108,453044543,0,6,77905000,2405,10,1.21,-35.3632622,149.1652374,584.09,0.0,228.36672973632812,0.0,0.0,1
1770586687.19984102,453244463,0,6,77905200,2405,10,1.21,-35.3632622,149.1652374,584.09,0.0,228.36672973632812,0.0,0.0,1
1770586687.39976096,453444383,0,6,77905400,2405,10,1.21,-35.3632622,149.1652374,584.09,0.0,228.36672973632812,0.0,0.0,1
1770586687.60051417,453645136,0,6,77905600,2405,10,1.21,-35.3632622,149.1652374,584.09,0.0,228.36672973632812,0.0,0.0,1
1770586687.78044200,453825064,0,6,77905800,2405,10,1.21,-35.3632622,149.1652374,584.09,0.0,228.36672973632812,0.0,0.0,1
1770586687.98036194,454024984,0,6,77906000,2405,10,1.21,-35.3632622,149.1652374,584.09,0.0,228.36672973632812,0.0,0.0,1
1770586688.18028212,454224904,0,6,77906200,2405,10,1.21,-35.3632622,149.1652374,584.09,0.0,228.36672973632812,0.0,0.0,1
1770586688.40019417,454444816,0,6,77906400,2405,10,1.21,-35.3632622,149.1652374,584.09,0.0,228.36672973632812,0.0,0.0,1
1770586688.60011411,454644736,0,6,77906600,2405,10,1.21,-35.3632622,149.1652374,584.09,0.0,228.36672973632812,0.0,0.0,1
1770586688.80003405,454844656,0,6,77906800,2405,10,1.21,-35.3632622,149.1652374,584.09,0.0,228.36672973632812,0.0,0.0,1
1770586688.99995399,455044576,0,6,77907000,2405,10,1.21,-35.3632622,149.1652374,584.09,0.0,228.36672973632812,0.0,0.0,1
1770586689.19987416,455244496,0,6,77907200,2405,10,1.21,-35.3632622,149.1652374,584.09,0.0,228.36672973632812,0.0,0.0,1
1770586689.39979410,455444416,0,6,77907400,2405,10,1.21,-35.3632622,149.1652374,584.09,0.0,228.36672973632812,0.0,0.0,1
1770586689.59971404,455644336,0,6,77907600,2405,10,1.21,-35.3632622,149.1652374,584.09,0.0,228.36672973632812,0.0,0.0,1
1770586689.78047514,455825097,0,6,77907800,2405,10,1.21,-35.3632622,149.1652374,584.09,0.0,228.36672973632812,0.0,0.0,1
1770586689.98039508,456025017,0,6,77908000,2405,10,1.21,-35.3632622,149.1652374,584.09,0.0,228.36672973632812,0.0,0.0,1
1770586690.18031502,456224937,0,6,77908200,2405,10,1.21,-35.3632622,149.1652374,584.09,0.0,228.36672973632812,0.0,0.0,1
1770586690.38023496,456424857,0,6,77908400,2405,10,1.21,-35.3632622,149.1652374,584.09,0.0,228.36672973632812,0.0,0.0,1
1770586690.60014701,456644769,0,6,77908600,2405,10,1.21,-35.3632622,149.1652374,584.09,0.0,228.36672973632812,0.0,0.0,1
1770586690.80006695,456844689,0,6,77908800,2405,10,1.21,-35.3632622,149.1652374,584.09,0.0,228.36672973632812,0.0,0.0,1
1770586690.92001915,456964641,1,1,0,0,0,-0.01,0.0,0.0,0.0,0.0,0.0,0.0,0.0,0
1770586690.99998713,457044609,0,6,77909000,2405,10,1.21,-35.3632622,149.1652374,584.09,0.0,228.36672973632812,0.0,0.0,1
1770586691.19990706,457244529,0,6,77909200,2405,10,1.21,-35.3632622,149.1652374,584.09,0.0,228.36672973632812,0.0,0.0,1
1770586691.39982700,457444449,0,6,77909400,2405,10,1.21,-35.3632622,149.1652374,584.09,0.0,228.36672973632812,0.0,0.0,1
1770586691.59974694,457644369,0,6,77909600,2405,10,1.21,-35.3632622,149.1652374,584.09,0.0,228.36672973632812,0.0,0.0,1
1770586691.78050804,457825130,0,6,77909800,2405,10,1.21,-35.3632622,149.1652374,584.09,0.0,228.36672973632812,0.0,0.0,1
1770586691.98042798,458025050,0,6,77910000,2405,10,1.21,-35.3632622,149.1652374,584.09,0.0,228.36672973632812,0.0,0.0,1
1770586692.18034816,458224970,0,6,77910200,2405,10,1.21,-35.3632622,149.1652374,584.09,0.0,228.36672973632812,0.0,0.0,1
1770586692.38026810,458424890,0,6,77910400,2405,10,1.21,-35.3632622,149.1652374,584.09,0.0,228.36672973632812,0.0,0.0,1
1770586692.60018015,458644802,0,6,77910600,2405,10,1.21,-35.3632622,149.1652374,584.09,0.0,228.36672973632812,0.0,0.0,1
1770586692.80010009,458844722,0,6,77910800,2405,10,1.21,-35.3632622,149.1652374,584.09,0.0,228.36672973632812,0.0,0.0,1
1770586693.00002003,459044642,0,6,77911000,2405,10,1.21,-35.3632622,149.1652374,584.09,0.0,228.36672973632812,0.0,0.0,1
1770586693.19993997,459244562,0,6,77911200,2405,10,1.21,-35.3632622,149.1652374,584.09,0.0,228.36672973632812,0.0,0.0,1
1770586693.39986014,459444482,0,6,77911400,2405,10,1.21,-35.3632622,149.1652374,584.09,0.0,228.36672973632812,0.0,0.0,1
1770586693.59978008,459644402,0,6,77911600,2405,10,1.21,-35.3632622,149.1652374,584.09,0.0,228.36672973632812,0.0,0.0,1
1770586693.79970002,459844322,0,6,77911800,2405,10,1.21,-35.3632622,149.1652374,584.09,0.0,228.36672973632812,0.0,0.0,1
1770586693.98046112,460025083,0,6,77912000,2405,10,1.21,-35.3632622,149.1652374,584.09,0.0,228.36672973632812,0.0,0.0,1
1770586694.18038106,460225003,0,6,77912200,2405,10,1.21,-35.3632622,149.1652374,584.09,0.0,228.36672973632812,0.0,0.0,1
1770586694.38030100,460424923,0,6,77912400,2405,10,1.21,-35.3632622,149.1652374,584.09,0.0,228.36672973632812,0.0,0.0,1
1770586694.58022094,460624843,0,6,77912600,2405,10,1.21,-35.3632622,149.1652374,584.09,0.0,228.36672973632812,0.0,0.0,1
1770586694.80013299,460844755,0,6,77912800,2405,10,1.21,-35.3632622,149.1652374,584.09,0.0,228.36672973632812,0.0,0.0,1
1770586694.94007707,460984699,1,1,0,0,0,-0.01,0.0,0.0,0.0,0.0,0.0,0.0,0.0,0
1770586695.00005317,461044675,0,6,77913000,2405,10,1.21,-35.3632622,149.1652374,584.09,0.0,228.36672973632812,0.0,0.0,1
1770586695.19997311,461244595,0,6,77913200,2405,10,1.21,-35.3632622,149.1652374,584.09,0.0,228.36672973632812,0.0,0.0,1
1770586695.39989305,461444515,0,6,77913400,2405,10,1.21,-35.3632622,149.1652374,584.09,0.0,228.36672973632812,0.0,0.0,1
1770586695.59981298,461644435,0,6,77913600,2405,10,1.21,-35.3632622,149.1652374,584.09,0.0,228.36672973632812,0.0,0.0,1
1770586695.79973316,461844355,0,6,77913800,2405,10,1.21,-35.3632622,149.1652374,584.09,0.0,228.36672973632812,0.0,0.0,1
1770586695.98049402,462025116,0,6,77914000,2405,10,1.21,-35.3632622,149.1652374,584.09,0.0,228.36672973632812,0.0,0.0,1
1770586696.18041396,462225036,0,6,77914200,2405,10,1.21,-35.3632622,149.1652374,584.09,0.0,228.36672973632812,0.0,0.0,1
1770586696.38033414,462424956,0,6,77914400,2405,10,1.21,-35.3632622,149.1652374,584.09,0.0,228.36672973632812,0.0,0.0,1
1770586696.58025408,462624876,0,6,77914600,2405,10,1.21,-35.3632622,149.1652374,584.09,0.0,228.36672973632812,0.0,0.0,1
1770586696.80016613,462844788,0,6,77914800,2405,10,1.21,-35.3632622,149.1652374,584.09,0.0,228.36672973632812,0.0,0.0,1
1770586697.00008607,463044708,0,6,77915000,2405,10,1.21,-35.3632622,149.1652374,584.09,0.0,228.36672973632812,0.0,0.0,1
1770586697.20000601,463244628,0,6,77915200,2405,10,1.21,-35.3632622,149.1652374,584.09,0.0,228.36672973632812,0.0,0.0,1
1770586697.39992595,463444548,0,6,77915400,2405,10,1.21,-35.3632622,149.1652374,584.09,0.0,228.36672973632812,0.0,0.0,1
1770586697.59984612,463644468,0,6,77915600,2405,10,1.21,-35.3632622,149.1652374,584.09,0.0,228.36672973632812,0.0,0.0,1
1770586697.79976606,463844388,0,6,77915800,2405,10,1.21,-35.3632622,149.1652374,584.09,0.0,228.36672973632812,0.0,0.0,1
1770586698.00051904,464045141,0,6,77916000,2405,10,1.21,-35.3632622,149.1652374,584.09,0.0,228.36672973632812,0.0,0.0,1
1770586698.18044710,464225069,0,6,77916200,2405,10,1.21,-35.3632622,149.1652374,584.09,0.0,228.36672973632812,0.0,0.0,1
1770586698.38036704,464424989,0,6,77916400,2405,10,1.21,-35.3632622,149.1652374,584.09,0.0,228.36672973632812,0.0,0.0,1
1770586698.58028698,464624909,0,6,77916600,2405,10,1.21,-35.3632622,149.1652374,584.09,0.0,228.36672973632812,0.0,0.0,1
1770586698.80019903,464844821,0,6,77916800,2405,10,1.21,-35.3632622,149.1652374,584.09,0.0,228.36672973632812,0.0,0.0,1
1770586698.96013498,465004757,1,1,0,0,0,-0.01,0.0,0.0,0.0,0.0,0.0,0.0,0.0,0
1770586699.00011897,465044741,0,6,77917000,2405,10,1.21,-35.3632622,149.1652374,584.09,0.0,228.36672973632812,0.0,0.0,1
1770586699.20003915,465244661,0,6,77917200,2405,10,1.21,-35.3632622,149.1652374,584.09,0.0,228.36672973632812,0.0,0.0,1
1770586699.39995909,465444581,0,6,77917400,2405,10,1.21,-35.3632622,149.1652374,584.09,0.0,228.36672973632812,0.0,0.0,1
1770586699.59987903,465644501,0,6,77917600,2405,10,1.21,-35.3632622,149.1652374,584.09,0.0,228.36672973632812,0.0,0.0,1
1770586699.79979897,465844421,0,6,77917800,2405,10,1.21,-35.3632622,149.1652374,584.09,0.0,228.36672973632812,0.0,0.0,1
1770586699.99971914,466044341,0,6,77918000,2405,10,1.21,-35.3632622,149.1652374,584.09,0.0,228.36672973632812,0.0,0.0,1
1770586700.18048000,466225102,0,6,77918200,2405,10,1.21,-35.3632622,149.1652374,584.09,0.0,228.36672973632812,0.0,0.0,1
1770586700.38039994,466425022,0,6,77918400,2405,10,1.21,-35.3632622,149.1652374,584.09,0.0,228.36672973632812,0.0,0.0,1
1770586700.58032012,466624942,0,6,77918600,2405,10,1.21,-35.3632622,149.1652374,584.09,0.0,228.36672973632812,0.0,0.0,1
1770586700.78024006,466824862,0,6,77918800,2405,10,1.21,-35.3632622,149.1652374,584.09,0.0,228.36672973632812,0.0,0.0,1
1770586701.00015211,467044774,0,6,77919000,2405,10,1.21,-35.3632622,149.1652374,584.09,0.0,228.36672973632812,0.0,0.0,1
1770586701.20007205,467244694,0,6,77919200,2405,10,1.21,-35.3632622,149.1652374,584.09,0.0,228.36672973632812,0.0,0.0,1
1770586701.39999199,467444614,0,6,77919400,2405,10,1.21,-35.3632622,149.1652374,584.09,0.0,228.36672973632812,0.0,0.0,1
1770586701.59991217,467644534,0,6,77919600,2405,10,1.21,-35.3632622,149.1652374,584.09,0.0,228.36672973632812,0.0,0.0,1
1770586701.79983211,467844454,0,6,77919800,2405,10,1.21,-35.3632622,149.1652374,584.09,0.0,228.36672973632812,0.0,0.0,1
1770586701.99975204,468044374,0,6,77920000,2405,10,1.21,-35.3632622,149.1652374,584.09,0.0,228.36672973632812,0.0,0.0,1
1770586702.18051314,468225135,0,6,77920200,2405,10,1.21,-35.3632622,149.1652374,584.09,0.0,228.36672973632812,0.0,0.0,1
1770586702.38043308,468425055,0,6,77920400,2405,10,1.21,-35.3632622,149.1652374,584.09,0.0,228.36672973632812,0.0,0.0,1
1770586702.58035302,468624975,0,6,77920600,2405,10,1.21,-35.3632622,149.1652374,584.09,0.0,228.36672973632812,0.0,0.0,1
1770586702.78027296,468824895,0,6,77920800,2405,10,1.21,-35.3632622,149.1652374,584.09,0.0,228.36672973632812,0.0,0.0,1
1770586702.98019314,469024815,1,1,0,0,0,-0.01,0.0,0.0,0.0,0.0,0.0,0.0,0.0,0
1770586703.00018501,469044807,0,6,77921000,2405,10,1.21,-35.3632622,149.1652374,584.09,0.0,228.36672973632812,0.0,0.0,1
1770586703.20010495,469244727,0,6,77921200,2405,10,1.21,-35.3632622,149.1652374,584.09,0.0,228.36672973632812,0.0,0.0,1
1770586703.40002513,469444647,0,6,77921400,2405,10,1.21,-35.3632622,149.1652374,584.09,0.0,228.36672973632812,0.0,0.0,1
1770586703.59994507,469644567,0,6,77921600,2405,10,1.21,-35.3632622,149.1652374,584.09,0.0,228.36672973632812,0.0,0.0,1
1770586703.79986501,469844487,0,6,77921800,2405,10,1.21,-35.3632622,149.1652374,584.09,0.0,228.36672973632812,0.0,0.0,1
1770586703.99978495,470044407,0,6,77922000,2405,10,1.21,-35.3632622,149.1652374,584.09,0.0,228.36672973632812,0.0,0.0,1
1770586704.19970512,470244327,0,6,77922200,2405,10,1.21,-35.3632622,149.1652374,584.09,0.0,228.36672973632812,0.0,0.0,1
1770586704.38046598,470425088,0,6,77922400,2405,10,1.21,-35.3632622,149.1652374,584.09,0.0,228.36672973632812,0.0,0.0,1
1770586704.58038616,470625008,0,6,77922600,2405,10,1.21,-35.3632622,149.1652374,584.09,0.0,228.36672973632812,0.0,0.0,1
1770586704.78030610,470824928,0,6,77922800,2405,10,1.21,-35.3632622,149.1652374,584.09,0.0,228.36672973632812,0.0,0.0,1
1770586704.98022604,471024848,0,6,77923000,2405,10,1.21,-35.3632622,149.1652374,584.09,0.0,228.36672973632812,0.0,0.0,1
1770586705.20013809,471244760,0,6,77923200,2405,10,1.21,-35.3632622,149.1652374,584.09,0.0,228.36672973632812,0.0,0.0,1
1770586705.40005803,471444680,0,6,77923400,2405,10,1.21,-35.3632622,149.1652374,584.09,0.0,228.36672973632812,0.0,0.0,1
1770586705.59997797,471644600,0,6,77923600,2405,10,1.21,-35.3632622,149.1652374,584.09,0.0,228.36672973632812,0.0,0.0,1
1770586705.79989815,471844520,0,6,77923800,2405,10,1.21,-35.3632622,149.1652374,584.09,0.0,228.36672973632812,0.0,0.0,1
1770586705.99981809,472044440,0,6,77924000,2405,10,1.21,-35.3632622,149.1652374,584.09,0.0,228.36672973632812,0.0,0.0,1
1770586706.19973803,472244360,0,6,77924200,2405,10,1.21,-35.3632622,149.1652374,584.09,0.0,228.36672973632812,0.0,0.0,1
1770586706.38049912,472425121,0,6,77924400,2405,10,1.21,-35.3632622,149.1652374,584.09,0.0,228.36672973632812,0.0,0.0,1
1770586706.58041906,472625041,0,6,77924600,2405,10,1.21,-35.3632622,149.1652374,584.09,0.0,228.36672973632812,0.0,0.0,1
1770586706.78033900,472824961,0,6,77924800,2405,10,1.21,-35.3632622,149.1652374,584.09,0.0,228.36672973632812,0.0,0.0,1
1770586706.98025894,473024881,0,6,77925000,2405,10,1.21,-35.3632622,149.1652374,584.09,0.0,228.36672973632812,0.0,0.0,1
1770586707.00025105,473044873,1,1,0,0,0,-0.01,0.0,0.0,0.0,0.0,0.0,0.0,0.0,0
1770586707.20017099,473244793,0,6,77925200,2405,10,1.21,-35.3632622,149.1652374,584.09,0.0,228.36672973632812,0.0,0.0,1
1770586707.40009117,473444713,0,6,77925400,2405,10,1.21,-35.3632622,149.1652374,584.09,0.0,228.36672973632812,0.0,0.0,1
1770586707.60001111,473644633,0,6,77925600,2405,10,1.21,-35.3632622,149.1652374,584.09,0.0,228.36672973632812,0.0,0.0,1
1770586707.79993105,473844553,0,6,77925800,2405,10,1.21,-35.3632622,149.1652374,584.09,0.0,228.36672973632812,0.0,0.0,1
1770586707.99985099,474044473,0,6,77926000,2405,10,1.21,-35.3632622,149.1652374,584.09,0.0,228.36672973632812,0.0,0.0,1
1770586708.19977117,474244393,0,6,77926200,2405,10,1.21,-35.3632622,149.1652374,584.09,0.0,228.36672973632812,0.0,0.0,1
1770586708.39969110,474444313,0,6,77926400,2405,10,1.21,-35.3632622,149.1652374,584.09,0.0,228.36672973632812,0.0,0.0,1
1770586708.58045197,474625074,0,6,77926600,2405,10,1.21,-35.3632622,149.1652374,584.09,0.0,228.36672973632812,0.0,0.0,1
1770586708.78037214,474824994,0,6,77926800,2405,10,1.21,-35.3632622,149.1652374,584.09,0.0,228.36672973632812,0.0,0.0,1
1770586708.98029208,475024914,0,6,77927000,2405,10,1.21,-35.3632622,149.1652374,584.09,0.0,228.36672973632812,0.0,0.0,1
1770586709.18021202,475224834,0,6,77927200,2405,10,1.21,-35.3632622,149.1652374,584.09,0.0,228.36672973632812,0.0,0.0,1
1770586709.40012407,475444746,0,6,77927400,2405,10,1.21,-35.3632622,149.1652374,584.09,0.0,228.36672973632812,0.0,0.0,1
1770586709.60004401,475644666,0,6,77927600,2405,10,1.21,-35.3632622,149.1652374,584.09,0.0,228.36672973632812,0.0,0.0,1
1770586709.79996395,475844586,0,6,77927800,2405,10,1.21,-35.3632622,149.1652374,584.09,0.0,228.36672973632812,0.0,0.0,1
1770586709.99988413,476044506,0,6,77928000,2405,10,1.21,-35.3632622,149.1652374,584.09,0.0,228.36672973632812,0.0,0.0,1
1770586710.19980407,476244426,0,6,77928200,2405,10,1.21,-35.3632622,149.1652374,584.09,0.0,228.36672973632812,0.0,0.0,1
1770586710.39972401,476444346,0,6,77928400,2405,10,1.21,-35.3632622,149.1652374,584.09,0.0,228.36672973632812,0.0,0.0,1
1770586710.58048511,476625107,0,6,77928600,2405,10,1.21,-35.3632622,149.1652374,584.09,0.0,228.36672973632812,0.0,0.0,1
1770586710.78040504,476825027,0,6,77928800,2405,10,1.21,-35.3632622,149.1652374,584.09,0.0,228.36672973632812,0.0,0.0,1
1770586710.98032498,477024947,0,6,77929000,2405,10,1.21,-35.3632622,149.1652374,584.09,0.0,228.36672973632812,0.0,0.0,1
1770586711.02030897,477064931,1,1,0,0,0,-0.01,0.0,0.0,0.0,0.0,0.0,0.0,0.0,0
1770586711.18024516,477224867,0,6,77929200,2405,10,1.21,-35.3632622,149.1652374,584.09,0.0,228.36672973632812,0.0,0.0,1
1770586711.40015697,477444779,0,6,77929400,2405,10,1.21,-35.3632622,149.1652374,584.09,0.0,228.36672973632812,0.0,0.0,1
1770586711.60007715,477644699,0,6,77929600,2405,10,1.21,-35.3632622,149.1652374,584.09,0.0,228.36672973632812,0.0,0.0,1
1770586711.79999709,477844619,0,6,77929800,2405,10,1.21,-35.3632622,149.1652374,584.09,0.0,228.36672973632812,0.0,0.0,1
1770586711.99991703,478044539,0,6,77930000,2405,10,1.21,-35.3632622,149.1652374,584.09,0.0,228.36672973632812,0.0,0.0,1
1770586712.19983697,478244459,0,6,77930200,2405,10,1.21,-35.3632622,149.1652374,584.09,0.0,228.36672973632812,0.0,0.0,1
1770586712.39975715,478444379,0,6,77930400,2405,10,1.21,-35.3632622,149.1652374,584.09,0.0,228.36672973632812,0.0,0.0,1
1770586712.58051801,478625140,0,6,77930600,2405,10,1.21,-35.3632622,149.1652374,584.09,0.0,228.36672973632812,0.0,0.0,1
1770586712.78043795,478825060,0,6,77930800,2405,10,1.21,-35.3632622,149.1652374,584.09,0.0,228.36672973632812,0.0,0.0,1
1770586712.98035812,479024980,0,6,77931000,2405,10,1.21,-35.3632622,149.1652374,584.09,0.0,228.36672973632812,0.0,0.0,1
1770586713.18027806,479224900,0,6,77931200,2405,10,1.21,-35.3632622,149.1652374,584.09,0.0,228.36672973632812,0.0,0.0,1
1770586713.40019011,479444812,0,6,77931400,2405,10,1.21,-35.3632622,149.1652374,584.09,0.0,228.36672973632812,0.0,0.0,1
1770586713.60011005,479644732,0,6,77931600,2405,10,1.21,-35.3632622,149.1652374,584.09,0.0,228.36672973632812,0.0,0.0,1
1770586713.80002999,479844652,0,6,77931800,2405,10,1.21,-35.3632622,149.1652374,584.09,0.0,228.36672973632812,0.0,0.0,1
1770586713.99995017,480044572,0,6,77932000,2405,10,1.21,-35.3632622,149.1652374,584.09,0.0,228.36672973632812,0.0,0.0,1
1770586714.19987011,480244492,0,6,77932200,2405,10,1.21,-35.3632622,149.1652374,584.09,0.0,228.36672973632812,0.0,0.0,1
1770586714.39979005,480444412,0,6,77932400,2405,10,1.21,-35.3632622,149.1652374,584.09,0.0,228.36672973632812,0.0,0.0,1
1770586714.59970999,480644332,0,6,77932600,2405,10,1.21,-35.3632622,149.1652374,584.09,0.0,228.36672973632812,0.0,0.0,1
1770586714.78047109,480825093,0,6,77932800,2405,10,1.21,-35.3632622,149.1652374,584.09,0.0,228.36672973632812,0.0,0.0,1
1770586714.98039103,481025013,0,6,77933000,2405,10,1.21,-35.3632622,149.1652374,584.09,0.0,228.36672973632812,0.0,0.0,1
1770586715.04036713,481084989,1,1,0,0,0,-0.01,0.0,0.0,0.0,0.0,0.0,0.0,0.0,0
1770586715.18031096,481224933,0,6,77933200,2405,10,1.21,-35.3632622,149.1652374,584.09,0.0,228.36672973632812,0.0,0.0,1
1770586715.38023114,481424853,0,6,77933400,2405,10,1.21,-35.3632622,149.1652374,584.09,0.0,228.36672973632812,0.0,0.0,1
1770586715.60014296,481644765,0,6,77933600,2405,10,1.21,-35.3632622,149.1652374,584.09,0.0,228.36672973632812,0.0,0.0,1
1770586715.80006313,481844685,0,6,77933800,2405,10,1.21,-35.3632622,149.1652374,584.09,0.0,228.36672973632812,0.0,0.0,1
1770586715.99998307,482044605,0,6,77934000,2405,10,1.21,-35.3632622,149.1652374,584.09,0.0,228.36672973632812,0.0,0.0,1
1770586716.19990301,482244525,0,6,77934200,2405,10,1.21,-35.3632622,149.1652374,584.09,0.0,228.36672973632812,0.0,0.0,1
1770586716.39982295,482444445,0,6,77934400,2405,10,1.21,-35.3632622,149.1652374,584.09,0.0,228.36672973632812,0.0,0.0,1
1770586716.59974313,482644365,0,6,77934600,2405,10,1.21,-35.3632622,149.1652374,584.09,0.0,228.36672973632812,0.0,0.0,1
1770586716.78050399,482825126,0,6,77934800,2405,10,1.21,-35.3632622,149.1652374,584.09,0.0,228.36672973632812,0.0,0.0,1
1770586716.98042417,483025046,0,6,77935000,2405,10,1.21,-35.3632622,149.1652374,584.09,0.0,228.36672973632812,0.0,0.0,1
1770586717.18034410,483224966,0,6,77935200,2405,10,1.21,-35.3632622,149.1652374,584.09,0.0,228.36672973632812,0.0,0.0,1
1770586717.38026404,483424886,0,6,77935400,2405,10,1.21,-35.3632622,149.1652374,584.09,0.0,228.36672973632812,0.0,0.0,1
1770586717.60017610,483644798,0,6,77935600,2405,10,1.21,-35.3632622,149.1652374,584.09,0.0,228.36672973632812,0.0,0.0,1
1770586717.80009604,483844718,0,6,77935800,2405,10,1.21,-35.3632622,149.1652374,584.09,0.0,228.36672973632812,0.0,0.0,1
1770586718.00001597,484044638,0,6,77936000,2405,10,1.21,-35.3632622,149.1652374,584.09,0.0,228.36672973632812,0.0,0.0,1
1770586718.19993615,484244558,0,6,77936200,2405,10,1.21,-35.3632622,149.1652374,584.09,0.0,228.36672973632812,0.0,0.0,1
1770586718.39985609,484444478,0,6,77936400,2405,10,1.21,-35.3632622,149.1652374,584.09,0.0,228.36672973632812,0.0,0.0,1
1770586718.59977603,484644398,0,6,77936600,2405,10,1.21,-35.3632622,149.1652374,584.09,0.0,228.36672973632812,0.0,0.0,1
1770586718.79969597,484844318,0,6,77936800,2405,10,1.21,-35.3632622,149.1652374,584.09,0.0,228.36672973632812,0.0,0.0,1
1770586718.98045707,485025079,0,6,77937000,2405,10,1.21,-35.3632622,149.1652374,584.09,0.0,228.36672973632812,0.0,0.0,1
1770586719.04043317,485085055,1,1,0,0,0,-0.01,0.0,0.0,0.0,0.0,0.0,0.0,0.0,0
1770586719.18037701,485224999,0,6,77937200,2405,10,1.21,-35.3632622,149.1652374,584.09,0.0,228.36672973632812,0.0,0.0,1
1770586719.38029695,485424919,0,6,77937400,2405,10,1.21,-35.3632622,149.1652374,584.09,0.0,228.36672973632812,0.0,0.0,1
1770586719.58021712,485624839,0,6,77937600,2405,10,1.21,-35.3632622,149.1652374,584.09,0.0,228.36672973632812,0.0,0.0,1
1770586719.80012894,485844751,0,6,77937800,2405,10,1.21,-35.3632622,149.1652374,584.09,0.0,228.36672973632812,0.0,0.0,1
1770586720.00004911,486044671,0,6,77938000,2405,10,1.21,-35.3632622,149.1652374,584.09,0.0,228.36672973632812,0.0,0.0,1
1770586720.19996905,486244591,0,6,77938200,2405,10,1.21,-35.3632622,149.1652374,584.09,0.0,228.36672973632812,0.0,0.0,1
1770586720.39988899,486444511,0,6,77938400,2405,10,1.21,-35.3632622,149.1652374,584.09,0.0,228.36672973632812,0.0,0.0,1
1770586720.59980917,486644431,0,6,77938600,2405,10,1.21,-35.3632622,149.1652374,584.09,0.0,228.36672973632812,0.0,0.0,1
1770586720.79972911,486844351,0,6,77938800,2405,10,1.21,-35.3632622,149.1652374,584.09,0.0,228.36672973632812,0.0,0.0,1
1770586720.98048997,487025112,0,6,77939000,2405,10,1.21,-35.3632622,149.1652374,584.09,0.0,228.36672973632812,0.0,0.0,1
1770586721.18041015,487225032,0,6,77939200,2405,10,1.21,-35.3632622,149.1652374,584.09,0.0,228.36672973632812,0.0,0.0,1
1770586721.38033009,487424952,0,6,77939400,2405,10,1.21,-35.3632622,149.1652374,584.09,0.0,228.36672973632812,0.0,0.0,1
1770586721.58025002,487624872,0,6,77939600,2405,10,1.21,-35.3632622,149.1652374,584.09,0.0,228.36672973632812,0.0,0.0,1
1770586721.80016208,487844784,0,6,77939800,2405,10,1.21,-35.3632622,149.1652374,584.09,0.0,228.36672973632812,0.0,0.0,1
1770586722.00008202,488044704,0,6,77940000,2405,10,1.21,-35.3632622,149.1652374,584.09,0.0,228.36672973632812,0.0,0.0,1
1770586722.20000196,488244624,0,6,77940200,2405,10,1.21,-35.3632622,149.1652374,584.09,0.0,228.36672973632812,0.0,0.0,1
1770586722.39992213,488444544,0,6,77940400,2405,10,1.21,-35.3632622,149.1652374,584.09,0.0,228.36672973632812,0.0,0.0,1
1770586722.59984207,488644464,0,6,77940600,2405,10,1.21,-35.3632622,149.1652374,584.09,0.0,228.36672973632812,0.0,0.0,1
1770586722.79976201,488844384,0,6,77940800,2405,10,1.21,-35.3632622,149.1652374,584.09,0.0,228.36672973632812,0.0,0.0,1
1770586723.00051498,489045137,0,6,77941000,2405,10,1.21,-35.3632622,149.1652374,584.09,0.0,228.36672973632812,0.0,0.0,1
1770586723.06049109,489105113,1,1,0,0,0,-0.01,0.0,0.0,0.0,0.0,0.0,0.0,0.0,0
1770586723.18044305,489225065,0,6,77941200,2405,10,1.21,-35.3632622,149.1652374,584.09,0.0,228.36672973632812,0.0,0.0,1
1770586723.38036299,489424985,0,6,77941400,2405,10,1.21,-35.3632622,149.1652374,584.09,0.0,228.36672973632812,0.0,0.0,1
1770586723.58028316,489624905,0,6,77941600,2405,10,1.21,-35.3632622,149.1652374,584.09,0.0,228.36672973632812,0.0,0.0,1
1770586723.80019498,489844817,0,6,77941800,2405,10,1.21,-35.3632622,149.1652374,584.09,0.0,228.36672973632812,0.0,0.0,1
1770586724.00011516,490044737,0,6,77942000,2405,10,1.21,-35.3632622,149.1652374,584.09,0.0,228.36672973632812,0.0,0.0,1
1770586724.20003510,490244657,0,6,77942200,2405,10,1.21,-35.3632622,149.1652374,584.09,0.0,228.36672973632812,0.0,0.0,1
1770586724.39995503,490444577,0,6,77942400,2405,10,1.21,-35.3632622,149.1652374,584.09,0.0,228.36672973632812,0.0,0.0,1
1770586724.59987497,490644497,0,6,77942600,2405,10,1.21,-35.3632622,149.1652374,584.09,0.0,228.36672973632812,0.0,0.0,1
1770586724.79979515,490844417,0,6,77942800,2405,10,1.21,-35.3632622,149.1652374,584.09,0.0,228.36672973632812,0.0,0.0,1
1770586724.99971509,491044337,0,6,77943000,2405,10,1.21,-35.3632622,149.1652374,584.09,0.0,228.36672973632812,0.0,0.0,1
1770586725.18047595,491225098,0,6,77943200,2405,10,1.21,-35.3632622,149.1652374,584.09,0.0,228.36672973632812,0.0,0.0,1
1770586725.38039613,491425018,0,6,77943400,2405,10,1.21,-35.3632622,149.1652374,584.09,0.0,228.36672973632812,0.0,0.0,1
1770586725.58031607,491624938,0,6,77943600,2405,10,1.21,-35.3632622,149.1652374,584.09,0.0,228.36672973632812,0.0,0.0,1
1770586725.78023601,491824858,0,6,77943800,2405,10,1.21,-35.3632622,149.1652374,584.09,0.0,228.36672973632812,0.0,0.0,1
1770586726.00014806,492044770,0,6,77944000,2405,10,1.21,-35.3632622,149.1652374,584.09,0.0,228.36672973632812,0.0,0.0,1
1770586726.20006800,492244690,0,6,77944200,2405,10,1.21,-35.3632622,149.1652374,584.09,0.0,228.36672973632812,0.0,0.0,1
1770586726.39998817,492444610,0,6,77944400,2405,10,1.21,-35.3632622,149.1652374,584.09,0.0,228.36672973632812,0.0,0.0,1
1770586726.59990811,492644530,0,6,77944600,2405,10,1.21,-35.3632622,149.1652374,584.09,0.0,228.36672973632812,0.0,0.0,1
1770586726.79982805,492844450,0,6,77944800,2405,10,1.21,-35.3632622,149.1652374,584.09,0.0,228.36672973632812,0.0,0.0,1
1770586726.99974799,493044370,0,6,77945000,2405,10,1.21,-35.3632622,149.1652374,584.09,0.0,228.36672973632812,0.0,0.0,1
1770586727.07971597,493124338,1,1,0,0,0,-0.01,0.0,0.0,0.0,0.0,0.0,0.0,0.0,0
1770586727.18050909,493225131,0,6,77945200,2405,10,1.21,-35.3632622,149.1652374,584.09,0.0,228.36672973632812,0.0,0.0,1
1770586727.38042903,493425051,0,6,77945400,2405,10,1.21,-35.3632622,149.1652374,584.09,0.0,228.36672973632812,0.0,0.0,1
1770586727.58034897,493624971,0,6,77945600,2405,10,1.21,-35.3632622,149.1652374,584.09,0.0,228.36672973632812,0.0,0.0,1
1770586727.78026915,493824891,0,6,77945800,2405,10,1.21,-35.3632622,149.1652374,584.09,0.0,228.36672973632812,0.0,0.0,1
1770586728.00018096,494044803,0,6,77946000,2405,10,1.21,-35.3632622,149.1652374,584.09,0.0,228.36672973632812,0.0,0.0,1
1770586728.20010114,494244723,0,6,77946200,2405,10,1.21,-35.3632622,149.1652374,584.09,0.0,228.36672973632812,0.0,0.0,1
1770586728.40002108,494444643,0,6,77946400,2405,10,1.21,-35.3632622,149.1652374,584.09,0.0,228.36672973632812,0.0,0.0,1
1770586728.59994102,494644563,0,6,77946600,2405,10,1.21,-35.3632622,149.1652374,584.09,0.0,228.36672973632812,0.0,0.0,1
1770586728.79986095,494844483,0,6,77946800,2405,10,1.21,-35.3632622,149.1652374,584.09,0.0,228.36672973632812,0.0,0.0,1
1770586728.99978113,495044403,0,6,77947000,2405,10,1.21,-35.3632622,149.1652374,584.09,0.0,228.36672973632812,0.0,0.0,1
1770586729.19970107,495244323,0,6,77947200,2405,10,1.21,-35.3632622,149.1652374,584.09,0.0,228.36672973632812,0.0,0.0,1
1770586729.38046217,495425084,0,6,77947400,2405,10,1.21,-35.3632622,149.1652374,584.09,0.0,228.36672973632812,0.0,0.0,1
1770586729.58038211,495625004,0,6,77947600,2405,10,1.21,-35.3632622,149.1652374,584.09,0.0,228.36672973632812,0.0,0.0,1
1770586729.78030205,495824924,0,6,77947800,2405,10,1.21,-35.3632622,149.1652374,584.09,0.0,228.36672973632812,0.0,0.0,1
1770586729.98022199,496024844,0,6,77948000,2405,10,1.21,-35.3632622,149.1652374,584.09,0.0,228.36672973632812,0.0,0.0,1
1770586730.20013404,496244756,0,6,77948200,2405,10,1.21,-35.3632622,149.1652374,584.09,0.0,228.36672973632812,0.0,0.0,1
1770586730.40005398,496444676,0,6,77948400,2405,10,1.21,-35.3632622,149.1652374,584.09,0.0,228.36672973632812,0.0,0.0,1
1770586730.59997416,496644596,0,6,77948600,2405,10,1.21,-35.3632622,149.1652374,584.09,0.0,228.36672973632812,0.0,0.0,1
1770586730.79989409,496844516,0,6,77948800,2405,10,1.21,-35.3632622,149.1652374,584.09,0.0,228.36672973632812,0.0,0.0,1
1770586730.99981403,497044436,0,6,77949000,2405,10,1.21,-35.3632622,149.1652374,584.09,0.0,228.36672973632812,0.0,0.0,1
1770586731.09977412,497144396,1,1,0,0,0,-0.01,0.0,0.0,0.0,0.0,0.0,0.0,0.0,0
1770586731.19973397,497244356,0,6,77949200,2405,10,1.21,-35.3632622,149.1652374,584.09,0.0,228.36672973632812,0.0,0.0,1
1770586731.38049507,497425117,0,6,77949400,2405,10,1.21,-35.3632622,149.1652374,584.09,0.0,228.36672973632812,0.0,0.0,1
1770586731.58041501,497625037,0,6,77949600,2405,10,1.21,-35.3632622,149.1652374,584.09,0.0,228.36672973632812,0.0,0.0,1
1770586731.78033495,497824957,0,6,77949800,2405,10,1.21,-35.3632622,149.1652374,584.09,0.0,228.36672973632812,0.0,0.0,1
1770586731.98025513,498024877,0,6,77950000,2405,10,1.21,-35.3632622,149.1652374,584.09,0.0,228.36672973632812,0.0,0.0,1
1770586732.20016694,498244789,0,6,77950200,2405,10,1.21,-35.3632622,149.1652374,584.09,0.0,228.36672973632812,0.0,0.0,1
1770586732.40008712,498444709,0,6,77950400,2405,10,1.21,-35.3632622,149.1652374,584.09,0.0,228.36672973632812,0.0,0.0,1
1770586732.60000706,498644629,0,6,77950600,2405,10,1.21,-35.3632622,149.1652374,584.09,0.0,228.36672973632812,0.0,0.0,1
1770586732.79992700,498844549,0,6,77950800,2405,10,1.21,-35.3632622,149.1652374,584.09,0.0,228.36672973632812,0.0,0.0,1
1770586732.99984717,499044469,0,6,77951000,2405,10,1.21,-35.3632622,149.1652374,584.09,0.0,228.36672973632812,0.0,0.0,1
1770586733.19976711,499244389,0,6,77951200,2405,10,1.21,-35.3632622,149.1652374,584.09,0.0,228.36672973632812,0.0,0.0,1
1770586733.40052009,499445142,0,6,77951400,2405,10,1.21,-35.3632622,149.1652374,584.09,0.0,228.36672973632812,0.0,0.0,1
1770586733.58044815,499625070,0,6,77951600,2405,10,1.21,-35.3632622,149.1652374,584.09,0.0,228.36672973632812,0.0,0.0,1
1770586733.78036809,499824990,0,6,77951800,2405,10,1.21,-35.3632622,149.1652374,584.09,0.0,228.36672973632812,0.0,0.0,1
1770586733.98028803,500024910,0,6,77952000,2405,10,1.21,-35.3632622,149.1652374,584.09,0.0,228.36672973632812,0.0,0.0,1
1770586734.20020008,500244822,0,6,77952200,2405,10,1.21,-35.3632622,149.1652374,584.09,0.0,228.36672973632812,0.0,0.0,1
1770586734.40012002,500444742,0,6,77952400,2405,10,1.21,-35.3632622,149.1652374,584.09,0.0,228.36672973632812,0.0,0.0,1
1770586734.60003996,500644662,0,6,77952600,2405,10,1.21,-35.3632622,149.1652374,584.09,0.0,228.36672973632812,0.0,0.0,1
1770586734.79996014,500844582,0,6,77952800,2405,10,1.21,-35.3632622,149.1652374,584.09,0.0,228.36672973632812,0.0,0.0,1
1770586734.99988008,501044502,0,6,77953000,2405,10,1.21,-35.3632622,149.1652374,584.09,0.0,228.36672973632812,0.0,0.0,1
1770586735.11983204,501164454,1,1,0,0,0,-0.01,0.0,0.0,0.0,0.0,0.0,0.0,0.0,0
1770586735.19980001,501244422,0,6,77953200,2405,10,1.21,-35.3632622,149.1652374,584.09,0.0,228.36672973632812,0.0,0.0,1
1770586735.39971995,501444342,0,6,77953400,2405,10,1.21,-35.3632622,149.1652374,584.09,0.0,228.36672973632812,0.0,0.0,1
1770586735.58048105,501625103,0,6,77953600,2405,10,1.21,-35.3632622,149.1652374,584.09,0.0,228.36672973632812,0.0,0.0,1
1770586735.78040099,501825023,0,6,77953800,2405,10,1.21,-35.3632622,149.1652374,584.09,0.0,228.36672973632812,0.0,0.0,1
1770586735.98032117,502024943,0,6,77954000,2405,10,1.21,-35.3632622,149.1652374,584.09,0.0,228.36672973632812,0.0,0.0,1
1770586736.18024111,502224863,0,6,77954200,2405,10,1.21,-35.3632622,149.1652374,584.09,0.0,228.36672973632812,0.0,0.0,1
1770586736.40015316,502444775,0,6,77954400,2405,10,1.21,-35.3632622,149.1652374,584.09,0.0,228.36672973632812,0.0,0.0,1
1770586736.60007310,502644695,0,6,77954600,2405,10,1.21,-35.3632622,149.1652374,584.09,0.0,228.36672973632812,0.0,0.0,1
1770586736.79999304,502844615,0,6,77954800,2405,10,1.21,-35.3632622,149.1652374,584.09,0.0,228.36672973632812,0.0,0.0,1
1770586736.99991298,503044535,0,6,77955000,2405,10,1.21,-35.3632622,149.1652374,584.09,0.0,228.36672973632812,0.0,0.0,1
1770586737.19983315,503244455,0,6,77955200,2405,10,1.21,-35.3632622,149.1652374,584.09,0.0,228.36672973632812,0.0,0.0,1
1770586737.39975309,503444375,0,6,77955400,2405,10,1.21,-35.3632622,149.1652374,584.09,0.0,228.36672973632812,0.0,0.0,1
1770586737.58051395,503625136,0,6,77955600,2405,10,1.21,-35.3632622,149.1652374,584.09,0.0,228.36672973632812,0.0,0.0,1
1770586737.78043413,503825056,0,6,77955800,2405,10,1.21,-35.3632622,149.1652374,584.09,0.0,228.36672973632812,0.0,0.0,1
1770586737.98035407,504024976,0,6,77956000,2405,10,1.21,-35.3632622,149.1652374,584.09,0.0,228.36672973632812,0.0,0.0,1
1770586738.18027401,504224896,0,6,77956200,2405,10,1.21,-35.3632622,149.1652374,584.09,0.0,228.36672973632812,0.0,0.0,1
1770586738.40018606,504444808,0,6,77956400,2405,10,1.21,-35.3632622,149.1652374,584.09,0.0,228.36672973632812,0.0,0.0,1
1770586738.60010600,504644728,0,6,77956600,2405,10,1.21,-35.3632622,149.1652374,584.09,0.0,228.36672973632812,0.0,0.0,1
1770586738.80002594,504844648,0,6,77956800,2405,10,1.21,-35.3632622,149.1652374,584.09,0.0,228.36672973632812,0.0,0.0,1
1770586738.99994612,505044568,0,6,77957000,2405,10,1.21,-35.3632622,149.1652374,584.09,0.0,228.36672973632812,0.0,0.0,1
1770586739.13988996,505184512,1,1,0,0,0,-0.01,0.0,0.0,0.0,0.0,0.0,0.0,0.0,0
1770586739.19986606,505244488,0,6,77957200,2405,10,1.21,-35.3632622,149.1652374,584.09,0.0,228.36672973632812,0.0,0.0,1
1770586739.39978600,505444408,0,6,77957400,2405,10,1.21,-35.3632622,149.1652374,584.09,0.0,228.36672973632812,0.0,0.0,1
1770586739.59970617,505644328,0,6,77957600,2405,10,1.21,-35.3632622,149.1652374,584.09,0.0,228.36672973632812,0.0,0.0,1
1770586739.78046703,505825089,0,6,77957800,2405,10,1.21,-35.3632622,149.1652374,584.09,0.0,228.36672973632812,0.0,0.0,1
1770586739.98038697,506025009,0,6,77958000,2405,10,1.21,-35.3632622,149.1652374,584.09,0.0,228.36672973632812,0.0,0.0,1
1770586740.18030715,506224929,0,6,77958200,2405,10,1.21,-35.3632622,149.1652374,584.09,0.0,228.36672973632812,0.0,0.0,1
1770586740.38022709,506424849,0,6,77958400,2405,10,1.21,-35.3632622,149.1652374,584.09,0.0,228.36672973632812,0.0,0.0,1
1770586740.60013914,506644761,0,6,77958600,2405,10,1.21,-35.3632622,149.1652374,584.09,0.0,228.36672973632812,0.0,0.0,1
1770586740.80005908,506844681,0,6,77958800,2405,10,1.21,-35.3632622,149.1652374,584.09,0.0,228.36672973632812,0.0,0.0,1
1770586740.99997902,507044601,0,6,77959000,2405,10,1.21,-35.3632622,149.1652374,584.09,0.0,228.36672973632812,0.0,0.0,1
1770586741.19989896,507244521,0,6,77959200,2405,10,1.21,-35.3632622,149.1652374,584.09,0.0,228.36672973632812,0.0,0.0,1
1770586741.39981914,507444441,0,6,77959400,2405,10,1.21,-35.3632622,149.1652374,584.09,0.0,228.36672973632812,0.0,0.0,1
1770586741.59973907,507644361,0,6,77959600,2405,10,1.21,-35.3632622,149.1652374,584.09,0.0,228.36672973632812,0.0,0.0,1
1770586741.78050017,507825122,0,6,77959800,2405,10,1.21,-35.3632622,149.1652374,584.09,0.0,228.36672973632812,0.0,0.0,1
1770586741.98042011,508025042,0,6,77960000,2405,10,1.21,-35.3632622,149.1652374,584.09,0.0,228.36672973632812,0.0,0.0,1
1770586742.18034005,508224962,0,6,77960200,2405,10,1.21,-35.3632622,149.1652374,584.09,0.0,228.36672973632812,0.0,0.0,1
1770586742.38025999,508424882,0,6,77960400,2405,10,1.21,-35.3632622,149.1652374,584.09,0.0,228.36672973632812,0.0,0.0,1
1770586742.60017204,508644794,0,6,77960600,2405,10,1.21,-35.3632622,149.1652374,584.09,0.0,228.36672973632812,0.0,0.0,1
1770586742.80009198,508844714,0,6,77960800,2405,10,1.21,-35.3632622,149.1652374,584.09,0.0,228.36672973632812,0.0,0.0,1
1770586743.00001216,509044634,0,6,77961000,2405,10,1.21,-35.3632622,149.1652374,584.09,0.0,228.36672973632812,0.0,0.0,1
1770586743.15994811,509204570,1,1,0,0,0,-0.01,0.0,0.0,0.0,0.0,0.0,0.0,0.0,0
1770586743.19993210,509244554,0,6,77961200,2405,10,1.21,-35.3632622,149.1652374,584.09,0.0,228.36672973632812,0.0,0.0,1
1770586743.39985204,509444474,0,6,77961400,2405,10,1.21,-35.3632622,149.1652374,584.09,0.0,228.36672973632812,0.0,0.0,1
1770586743.59977198,509644394,0,6,77961600,2405,10,1.21,-35.3632622,149.1652374,584.09,0.0,228.36672973632812,0.0,0.0,1
1770586743.79969215,509844314,0,6,77961800,2405,10,1.21,-35.3632622,149.1652374,584.09,0.0,228.36672973632812,0.0,0.0,1
1770586743.98045301,510025075,0,6,77962000,2405,10,1.21,-35.3632622,149.1652374,584.09,0.0,228.36672973632812,0.0,0.0,1
1770586744.18037295,510224995,0,6,77962200,2405,10,1.21,-35.3632622,149.1652374,584.09,0.0,228.36672973632812,0.0,0.0,1
1770586744.38029313,510424915,0,6,77962400,2405,10,1.21,-35.3632622,149.1652374,584.09,0.0,228.36672973632812,0.0,0.0,1
1770586744.58021307,510624835,0,6,77962600,2405,10,1.21,-35.3632622,149.1652374,584.09,0.0,228.36672973632812,0.0,0.0,1
1770586744.80012512,510844747,0,6,77962800,2405,10,1.21,-35.3632622,149.1652374,584.09,0.0,228.36672973632812,0.0,0.0,1
1770586745.00004506,511044667,0,6,77963000,2405,10,1.21,-35.3632622,149.1652374,584.09,0.0,228.36672973632812,0.0,0.0,1
1770586745.19996500,511244587,0,6,77963200,2405,10,1.21,-35.3632622,149.1652374,584.09,0.0,228.36672973632812,0.0,0.0,1
1770586745.39988494,511444507,0,6,77963400,2405,10,1.21,-35.3632622,149.1652374,584.09,0.0,228.36672973632812,0.0,0.0,1
1770586745.59980512,511644427,0,6,77963600,2405,10,1.21,-35.3632622,149.1652374,584.09,0.0,228.36672973632812,0.0,0.0,1
1770586745.79972506,511844347,0,6,77963800,2405,10,1.21,-35.3632622,149.1652374,584.09,0.0,228.36672973632812,0.0,0.0,1
1770586745.98048615,512025108,0,6,77964000,2405,10,1.21,-35.3632622,149.1652374,584.09,0.0,228.36672973632812,0.0,0.0,1
1770586746.18040609,512225028,0,6,77964200,2405,10,1.21,-35.3632622,149.1652374,584.09,0.0,228.36672973632812,0.0,0.0,1
1770586746.38032603,512424948,0,6,77964400,2405,10,1.21,-35.3632622,149.1652374,584.09,0.0,228.36672973632812,0.0,0.0,1
1770586746.58024597,512624868,0,6,77964600,2405,10,1.21,-35.3632622,149.1652374,584.09,0.0,228.36672973632812,0.0,0.0,1
1770586746.80015802,512844780,0,6,77964800,2405,10,1.21,-35.3632622,149.1652374,584.09,0.0,228.36672973632812,0.0,0.0,1
1770586747.00007796,513044700,0,6,77965000,2405,10,1.21,-35.3632622,149.1652374,584.09,0.0,228.36672973632812,0.0,0.0,1
1770586747.18000603,513224628,1,1,0,0,0,-0.01,0.0,0.0,0.0,0.0,0.0,0.0,0.0,0
1770586747.19999814,513244620,0,6,77965200,2405,10,1.21,-35.3632622,149.1652374,584.09,0.0,228.36672973632812,0.0,0.0,1
1770586747.39991808,513444540,0,6,77965400,2405,10,1.21,-35.3632622,149.1652374,584.09,0.0,228.36672973632812,0.0,0.0,1
1770586747.59983802,513644460,0,6,77965600,2405,10,1.21,-35.3632622,149.1652374,584.09,0.0,228.36672973632812,0.0,0.0,1
1770586747.79975796,513844380,0,6,77965800,2405,10,1.21,-35.3632622,149.1652374,584.09,0.0,228.36672973632812,0.0,0.0,1
1770586747.98051906,514025141,0,6,77966000,2405,10,1.21,-35.3632622,149.1652374,584.09,0.0,228.36672973632812,0.0,0.0,1
1770586748.18043900,514225061,0,6,77966200,2405,10,1.21,-35.3632622,149.1652374,584.09,0.0,228.36672973632812,0.0,0.0,1
1770586748.38035917,514424981,0,6,77966400,2405,10,1.21,-35.3632622,149.1652374,584.09,0.0,228.36672973632812,0.0,0.0,1
1770586748.58027911,514624901,0,6,77966600,2405,10,1.21,-35.3632622,149.1652374,584.09,0.0,228.36672973632812,0.0,0.0,1
1770586748.80019116,514844813,0,6,77966800,2405,10,1.21,-35.3632622,149.1652374,584.09,0.0,228.36672973632812,0.0,0.0,1
1770586749.00011110,515044733,0,6,77967000,2405,10,1.21,-35.3632622,149.1652374,584.09,0.0,228.36672973632812,0.0,0.0,1
1770586749.20003104,515244653,0,6,77967200,2405,10,1.21,-35.3632622,149.1652374,584.09,0.0,228.36672973632812,0.0,0.0,1
1770586749.39995098,515444573,0,6,77967400,2405,10,1.21,-35.3632622,149.1652374,584.09,0.0,228.36672973632812,0.0,0.0,1
1770586749.59987116,515644493,0,6,77967600,2405,10,1.21,-35.3632622,149.1652374,584.09,0.0,228.36672973632812,0.0,0.0,1
1770586749.79979110,515844413,0,6,77967800,2405,10,1.21,-35.3632622,149.1652374,584.09,0.0,228.36672973632812,0.0,0.0,1
1770586749.99971104,516044333,0,6,77968000,2405,10,1.21,-35.3632622,149.1652374,584.09,0.0,228.36672973632812,0.0,0.0,1
1770586750.18047214,516225094,0,6,77968200,2405,10,1.21,-35.3632622,149.1652374,584.09,0.0,228.36672973632812,0.0,0.0,1
1770586750.38039207,516425014,0,6,77968400,2405,10,1.21,-35.3632622,149.1652374,584.09,0.0,228.36672973632812,0.0,0.0,1
1770586750.58031201,516624934,0,6,77968600,2405,10,1.21,-35.3632622,149.1652374,584.09,0.0,228.36672973632812,0.0,0.0,1
1770586750.78023195,516824854,0,6,77968800,2405,10,1.21,-35.3632622,149.1652374,584.09,0.0,228.36672973632812,0.0,0.0,1
1770586751.00014400,517044766,0,6,77969000,2405,10,1.21,-35.3632622,149.1652374,584.09,0.0,228.36672973632812,0.0,0.0,1
1770586751.20006394,517244686,0,6,77969200,2405,10,1.21,-35.3632622,149.1652374,584.09,0.0,228.36672973632812,0.0,0.0,1
1770586751.20006394,517244686,1,1,0,0,0,-0.01,0.0,0.0,0.0,0.0,0.0,0.0,0.0,0
1770586751.39998412,517444606,0,6,77969400,2405,10,1.21,-35.3632622,149.1652374,584.09,0.0,228.36672973632812,0.0,0.0,1
1770586751.59990406,517644526,0,6,77969600,2405,10,1.21,-35.3632622,149.1652374,584.09,0.0,228.36672973632812,0.0,0.0,1
1770586751.79982400,517844446,0,6,77969800,2405,10,1.21,-35.3632622,149.1652374,584.09,0.0,228.36672973632812,0.0,0.0,1
1770586751.99974394,518044366,0,6,77970000,2405,10,1.21,-35.3632622,149.1652374,584.09,0.0,228.36672973632812,0.0,0.0,1
1770586752.18050504,518225127,0,6,77970200,2405,10,1.21,-35.3632622,149.1652374,584.09,0.0,228.36672973632812,0.0,0.0,1
1770586752.38042498,518425047,0,6,77970400,2405,10,1.21,-35.3632622,149.1652374,584.09,0.0,228.36672973632812,0.0,0.0,1
1770586752.58034515,518624967,0,6,77970600,2405,10,1.21,-35.3632622,149.1652374,584.09,0.0,228.36672973632812,0.0,0.0,1
1770586752.78026509,518824887,0,6,77970800,2405,10,1.21,-35.3632622,149.1652374,584.09,0.0,228.36672973632812,0.0,0.0,1
1770586753.00017715,519044799,0,6,77971000,2405,10,1.21,-35.3632622,149.1652374,584.09,0.0,228.36672973632812,0.0,0.0,1
1770586753.20009708,519244719,0,6,77971200,2405,10,1.21,-35.3632622,149.1652374,584.09,0.0,228.36672973632812,0.0,0.0,1
1770586753.40001702,519444639,0,6,77971400,2405,10,1.21,-35.3632622,149.1652374,584.09,0.0,228.36672973632812,0.0,0.0,1
1770586753.59993696,519644559,0,6,77971600,2405,10,1.21,-35.3632622,149.1652374,584.09,0.0,228.36672973632812,0.0,0.0,1
1770586753.79985714,519844479,0,6,77971800,2405,10,1.21,-35.3632622,149.1652374,584.09,0.0,228.36672973632812,0.0,0.0,1
1770586753.99977708,520044399,0,6,77972000,2405,10,1.21,-35.3632622,149.1652374,584.09,0.0,228.36672973632812,0.0,0.0,1
1770586754.19969702,520244319,0,6,77972200,2405,10,1.21,-35.3632622,149.1652374,584.09,0.0,228.36672973632812,0.0,0.0,1
1770586754.38045812,520425080,0,6,77972400,2405,10,1.21,-35.3632622,149.1652374,584.09,0.0,228.36672973632812,0.0,0.0,1
1770586754.58037806,520625000,0,6,77972600,2405,10,1.21,-35.3632622,149.1652374,584.09,0.0,228.36672973632812,0.0,0.0,1
1770586754.78029799,520824920,0,6,77972800,2405,10,1.21,-35.3632622,149.1652374,584.09,0.0,228.36672973632812,0.0,0.0,1
1770586754.98021817,521024840,0,6,77973000,2405,10,1.21,-35.3632622,149.1652374,584.09,0.0,228.36672973632812,0.0,0.0,1
1770586755.20012999,521244752,0,6,77973200,2405,10,1.21,-35.3632622,149.1652374,584.09,0.0,228.36672973632812,0.0,0.0,1
1770586755.22012210,521264744,1,1,0,0,0,-0.01,0.0,0.0,0.0,0.0,0.0,0.0,0.0,0
1770586755.40005016,521444672,0,6,77973400,2405,10,1.21,-35.3632622,149.1652374,584.09,0.0,228.36672973632812,0.0,0.0,1
1770586755.59997010,521644592,0,6,77973600,2405,10,1.21,-35.3632622,149.1652374,584.09,0.0,228.36672973632812,0.0,0.0,1
1770586755.79989004,521844512,0,6,77973800,2405,10,1.21,-35.3632622,149.1652374,584.09,0.0,228.36672973632812,0.0,0.0,1
1770586755.99980998,522044432,0,6,77974000,2405,10,1.21,-35.3632622,149.1652374,584.09,0.0,228.36672973632812,0.0,0.0,1
1770586756.19973016,522244352,0,6,77974200,2405,10,1.21,-35.3632622,149.1652374,584.09,0.0,228.36672973632812,0.0,0.0,1
1770586756.38049102,522425113,0,6,77974400,2405,10,1.21,-35.3632622,149.1652374,584.09,0.0,228.36672973632812,0.0,0.0,1
1770586756.58041096,522625033,0,6,77974600,2405,10,1.21,-35.3632622,149.1652374,584.09,0.0,228.36672973632812,0.0,0.0,1
1770586756.78033113,522824953,0,6,77974800,2405,10,1.21,-35.3632622,149.1652374,584.09,0.0,228.36672973632812,0.0,0.0,1
1770586756.98025107,523024873,0,6,77975000,2405,10,1.21,-35.3632622,149.1652374,584.09,0.0,228.36672973632812,0.0,0.0,1
1770586757.20016313,523244785,0,6,77975200,2405,10,1.21,-35.3632622,149.1652374,584.09,0.0,228.36672973632812,0.0,0.0,1
1770586757.40008307,523444705,0,6,77975400,2405,10,1.21,-35.3632622,149.1652374,584.09,0.0,228.36672973632812,0.0,0.0,1
1770586757.60000300,523644625,0,6,77975600,2405,10,1.21,-35.3632622,149.1652374,584.09,0.0,228.36672973632812,0.0,0.0,1
1770586757.79992294,523844545,0,6,77975800,2405,10,1.21,-35.3632622,149.1652374,584.09,0.0,228.36672973632812,0.0,0.0,1
1770586757.99984312,524044465,0,6,77976000,2405,10,1.21,-35.3632622,149.1652374,584.09,0.0,228.36672973632812,0.0,0.0,1
1770586758.19976306,524244385,0,6,77976200,2405,10,1.21,-35.3632622,149.1652374,584.09,0.0,228.36672973632812,0.0,0.0,1
1770586758.40051603,524445138,0,6,77976400,2405,10,1.21,-35.3632622,149.1652374,584.09,0.0,228.36672973632812,0.0,0.0,1
1770586758.58044410,524625066,0,6,77976600,2405,10,1.21,-35.3632622,149.1652374,584.09,0.0,228.36672973632812,0.0,0.0,1
1770586758.78036404,524824986,0,6,77976800,2405,10,1.21,-35.3632622,149.1652374,584.09,0.0,228.36672973632812,0.0,0.0,1
1770586758.98028398,525024906,0,6,77977000,2405,10,1.21,-35.3632622,149.1652374,584.09,0.0,228.36672973632812,0.0,0.0,1
1770586759.20019603,525244818,0,6,77977200,2405,10,1.21,-35.3632622,149.1652374,584.09,0.0,228.36672973632812,0.0,0.0,1
1770586759.24018002,525284802,1,1,0,0,0,-0.01,0.0,0.0,0.0,0.0,0.0,0.0,0.0,0
1770586759.40011597,525444738,0,6,77977400,2405,10,1.21,-35.3632622,149.1652374,584.09,0.0,228.36672973632812,0.0,0.0,1
1770586759.60003614,525644658,0,6,77977600,2405,10,1.21,-35.3632622,149.1652374,584.09,0.0,228.36672973632812,0.0,0.0,1
1770586759.79995608,525844578,0,6,77977800,2405,10,1.21,-35.3632622,149.1652374,584.09,0.0,228.36672973632812,0.0,0.0,1
1770586759.99987602,526044498,0,6,77978000,2405,10,1.21,-35.3632622,149.1652374,584.09,0.0,228.36672973632812,0.0,0.0,1
1770586760.19979596,526244418,0,6,77978200,2405,10,1.21,-35.3632622,149.1652374,584.09,0.0,228.36672973632812,0.0,0.0,1
1770586760.39971614,526444338,0,6,77978400,2405,10,1.21,-35.3632622,149.1652374,584.09,0.0,228.36672973632812,0.0,0.0,1
1770586760.58047700,526625099,0,6,77978600,2405,10,1.21,-35.3632622,149.1652374,584.09,0.0,228.36672973632812,0.0,0.0,1
1770586760.78039694,526825019,0,6,77978800,2405,10,1.21,-35.3632622,149.1652374,584.09,0.0,228.36672973632812,0.0,0.0,1
1770586760.98031712,527024939,0,6,77979000,2405,10,1.21,-35.3632622,149.1652374,584.09,0.0,228.36672973632812,0.0,0.0,1
1770586761.18023705,527224859,0,6,77979200,2405,10,1.21,-35.3632622,149.1652374,584.09,0.0,228.36672973632812,0.0,0.0,1
1770586761.40014911,527444771,0,6,77979400,2405,10,1.21,-35.3632622,149.1652374,584.09,0.0,228.36672973632812,0.0,0.0,1
1770586761.60006905,527644691,0,6,77979600,2405,10,1.21,-35.3632622,149.1652374,584.09,0.0,228.36672973632812,0.0,0.0,1
1770586761.79998899,527844611,0,6,77979800,2405,10,1.21,-35.3632622,149.1652374,584.09,0.0,228.36672973632812,0.0,0.0,1
1770586761.99990916,528044531,0,6,77980000,2405,10,1.21,-35.3632622,149.1652374,584.09,0.0,228.36672973632812,0.0,0.0,1
1770586762.19982910,528244451,0,6,77980200,2405,10,1.21,-35.3632622,149.1652374,584.09,0.0,228.36672973632812,0.0,0.0,1
1770586762.39974904,528444371,0,6,77980400,2405,10,1.21,-35.3632622,149.1652374,584.09,0.0,228.36672973632812,0.0,0.0,1
1770586762.58051014,528625132,0,6,77980600,2405,10,1.21,-35.3632622,149.1652374,584.09,0.0,228.36672973632812,0.0,0.0,1
1770586762.78043008,528825052,0,6,77980800,2405,10,1.21,-35.3632622,149.1652374,584.09,0.0,228.36672973632812,0.0,0.0,1
1770586762.98035002,529024972,0,6,77981000,2405,10,1.21,-35.3632622,149.1652374,584.09,0.0,228.36672973632812,0.0,0.0,1
1770586763.18026996,529224892,0,6,77981200,2405,10,1.21,-35.3632622,149.1652374,584.09,0.0,228.36672973632812,0.0,0.0,1
1770586763.26023817,529304860,1,1,0,0,0,-0.01,0.0,0.0,0.0,0.0,0.0,0.0,0.0,0
1770586763.40018201,529444804,0,6,77981400,2405,10,1.21,-35.3632622,149.1652374,584.09,0.0,228.36672973632812,0.0,0.0,1
1770586763.60010195,529644724,0,6,77981600,2405,10,1.21,-35.3632622,149.1652374,584.09,0.0,228.36672973632812,0.0,0.0,1
1770586763.80002213,529844644,0,6,77981800,2405,10,1.21,-35.3632622,149.1652374,584.09,0.0,228.36672973632812,0.0,0.0,1
1770586763.99994206,530044564,0,6,77982000,2405,10,1.21,-35.3632622,149.1652374,584.09,0.0,228.36672973632812,0.0,0.0,1
1770586764.19986200,530244484,0,6,77982200,2405,10,1.21,-35.3632622,149.1652374,584.09,0.0,228.36672973632812,0.0,0.0,1
1770586764.39978194,530444404,0,6,77982400,2405,10,1.21,-35.3632622,149.1652374,584.09,0.0,228.36672973632812,0.0,0.0,1
1770586764.59970212,530644324,0,6,77982600,2405,10,1.21,-35.3632622,149.1652374,584.09,0.0,228.36672973632812,0.0,0.0,1
1770586764.78046298,530825085,0,6,77982800,2405,10,1.21,-35.3632622,149.1652374,584.09,0.0,228.36672973632812,0.0,0.0,1
1770586764.98038316,531025005,0,6,77983000,2405,10,1.21,-35.3632622,149.1652374,584.09,0.0,228.36672973632812,0.0,0.0,1
1770586765.18030310,531224925,0,6,77983200,2405,10,1.21,-35.3632622,149.1652374,584.09,0.0,228.36672973632812,0.0,0.0,1
1770586765.38022304,531424845,0,6,77983400,2405,10,1.21,-35.3632622,149.1652374,584.09,0.0,228.36672973632812,0.0,0.0,1
1770586765.60013509,531644757,0,6,77983600,2405,10,1.21,-35.3632622,149.1652374,584.09,0.0,228.36672973632812,0.0,0.0,1
1770586765.80005503,531844677,0,6,77983800,2405,10,1.21,-35.3632622,149.1652374,584.09,0.0,228.36672973632812,0.0,0.0,1
1770586765.99997497,532044597,0,6,77984000,2405,10,1.21,-35.3632622,149.1652374,584.09,0.0,228.36672973632812,0.0,0.0,1
1770586766.19989514,532244517,0,6,77984200,2405,10,1.21,-35.3632622,149.1652374,584.09,0.0,228.36672973632812,0.0,0.0,1
1770586766.39981508,532444437,0,6,77984400,2405,10,1.21,-35.3632622,149.1652374,584.09,0.0,228.36672973632812,0.0,0.0,1
1770586766.59973502,532644357,0,6,77984600,2405,10,1.21,-35.3632622,149.1652374,584.09,0.0,228.36672973632812,0.0,0.0,1
1770586766.78049612,532825118,0,6,77984800,2405,10,1.21,-35.3632622,149.1652374,584.09,0.0,228.36672973632812,0.0,0.0,1
1770586766.98041606,533025038,0,6,77985000,2405,10,1.21,-35.3632622,149.1652374,584.09,0.0,228.36672973632812,0.0,0.0,1
1770586767.18033600,533224958,0,6,77985200,2405,10,1.21,-35.3632622,149.1652374,584.09,0.0,228.36672973632812,0.0,0.0,1
1770586767.28029609,533324918,1,1,0,0,0,-0.01,0.0,0.0,0.0,0.0,0.0,0.0,0.0,0
1770586767.38025594,533424878,0,6,77985400,2405,10,1.21,-35.3632622,149.1652374,584.09,0.0,228.36672973632812,0.0,0.0,1
1770586767.60016799,533644790,0,6,77985600,2405,10,1.21,-35.3632622,149.1652374,584.09,0.0,228.36672973632812,0.0,0.0,1
1770586767.80008817,533844710,0,6,77985800,2405,10,1.21,-35.3632622,149.1652374,584.09,0.0,228.36672973632812,0.0,0.0,1
1770586768.00000811,534044630,0,6,77986000,2405,10,1.21,-35.3632622,149.1652374,584.09,0.0,228.36672973632812,0.0,0.0,1
1770586768.19992805,534244550,0,6,77986200,2405,10,1.21,-35.3632622,149.1652374,584.09,0.0,228.36672973632812,0.0,0.0,1
1770586768.39984798,534444470,0,6,77986400,2405,10,1.21,-35.3632622,149.1652374,584.09,0.0,228.36672973632812,0.0,0.0,1
1770586768.59976816,534644390,0,6,77986600,2405,10,1.21,-35.3632622,149.1652374,584.09,0.0,228.36672973632812,0.0,0.0,1
1770586768.79968810,534844310,0,6,77986800,2405,10,1.21,-35.3632622,149.1652374,584.09,0.0,228.36672973632812,0.0,0.0,1
1770586768.98044896,535025071,0,6,77987000,2405,10,1.21,-35.3632622,149.1652374,584.09,0.0,228.36672973632812,0.0,0.0,1
1770586769.18036914,535224991,0,6,77987200,2405,10,1.21,-35.3632622,149.1652374,584.09,0.0,228.36672973632812,0.0,0.0,1
1770586769.38028908,535424911,0,6,77987400,2405,10,1.21,-35.3632622,149.1652374,584.09,0.0,228.36672973632812,0.0,0.0,1
1770586769.60020113,535644823,0,6,77987600,2405,10,1.21,-35.3632622,149.1652374,584.09,0.0,228.36672973632812,0.0,0.0,1
1770586769.80012107,535844743,0,6,77987800,2405,10,1.21,-35.3632622,149.1652374,584.09,0.0,228.36672973632812,0.0,0.0,1
1770586770.00004101,536044663,0,6,77988000,2405,10,1.21,-35.3632622,149.1652374,584.09,0.0,228.36672973632812,0.0,0.0,1
1770586770.19996095,536244583,0,6,77988200,2405,10,1.21,-35.3632622,149.1652374,584.09,0.0,228.36672973632812,0.0,0.0,1
1770586770.39988112,536444503,0,6,77988400,2405,10,1.21,-35.3632622,149.1652374,584.09,0.0,228.36672973632812,0.0,0.0,1
1770586770.59980106,536644423,0,6,77988600,2405,10,1.21,-35.3632622,149.1652374,584.09,0.0,228.36672973632812,0.0,0.0,1
1770586770.79972100,536844343,0,6,77988800,2405,10,1.21,-35.3632622,149.1652374,584.09,0.0,228.36672973632812,0.0,0.0,1
1770586770.98048210,537025104,0,6,77989000,2405,10,1.21,-35.3632622,149.1652374,584.09,0.0,228.36672973632812,0.0,0.0,1
1770586771.18040204,537225024,0,6,77989200,2405,10,1.21,-35.3632622,149.1652374,584.09,0.0,228.36672973632812,0.0,0.0,1
1770586771.30035400,537344976,1,1,0,0,0,-0.01,0.0,0.0,0.0,0.0,0.0,0.0,0.0,0
1770586771.38032198,537424944,0,6,77989400,2405,10,1.21,-35.3632622,149.1652374,584.09,0.0,228.36672973632812,0.0,0.0,1
1770586771.58024216,537624864,0,6,77989600,2405,10,1.21,-35.3632622,149.1652374,584.09,0.0,228.36672973632812,0.0,0.0,1
1770586771.80015397,537844776,0,6,77989800,2405,10,1.21,-35.3632622,149.1652374,584.09,0.0,228.36672973632812,0.0,0.0,1
1770586772.00007415,538044696,0,6,77990000,2405,10,1.21,-35.3632622,149.1652374,584.09,0.0,228.36672973632812,0.0,0.0,1
1770586772.19999409,538244616,0,6,77990200,2405,10,1.21,-35.3632622,149.1652374,584.09,0.0,228.36672973632812,0.0,0.0,1
1770586772.39991403,538444536,0,6,77990400,2405,10,1.21,-35.3632622,149.1652374,584.09,0.0,228.36672973632812,0.0,0.0,1
1770586772.59983397,538644456,0,6,77990600,2405,10,1.21,-35.3632622,149.1652374,584.09,0.0,228.36672973632812,0.0,0.0,1
1770586772.79975414,538844376,0,6,77990800,2405,10,1.21,-35.3632622,149.1652374,584.09,0.0,228.36672973632812,0.0,0.0,1
1770586772.98051500,539025137,0,6,77991000,2405,10,1.21,-35.3632622,149.1652374,584.09,0.0,228.36672973632812,0.0,0.0,1
1770586773.18043494,539225057,0,6,77991200,2405,10,1.21,-35.3632622,149.1652374,584.09,0.0,228.36672973632812,0.0,0.0,1
1770586773.38035512,539424977,0,6,77991400,2405,10,1.21,-35.3632622,149.1652374,584.09,0.0,228.36672973632812,0.0,0.0,1
1770586773.58027506,539624897,0,6,77991600,2405,10,1.21,-35.3632622,149.1652374,584.09,0.0,228.36672973632812,0.0,0.0,1
1770586773.80018711,539844809,0,6,77991800,2405,10,1.21,-35.3632622,149.1652374,584.09,0.0,228.36672973632812,0.0,0.0,1
1770586774.00010705,540044729,0,6,77992000,2405,10,1.21,-35.3632622,149.1652374,584.09,0.0,228.36672973632812,0.0,0.0,1
1770586774.20002699,540244649,0,6,77992200,2405,10,1.21,-35.3632622,149.1652374,584.09,0.0,228.36672973632812,0.0,0.0,1
1770586774.39994717,540444569,0,6,77992400,2405,10,1.21,-35.3632622,149.1652374,584.09,0.0,228.36672973632812,0.0,0.0,1
1770586774.59986711,540644489,0,6,77992600,2405,10,1.21,-35.3632622,149.1652374,584.09,0.0,228.36672973632812,0.0,0.0,1
1770586774.79978704,540844409,0,6,77992800,2405,10,1.21,-35.3632622,149.1652374,584.09,0.0,228.36672973632812,0.0,0.0,1
1770586774.99970698,541044329,0,6,77993000,2405,10,1.21,-35.3632622,149.1652374,584.09,0.0,228.36672973632812,0.0,0.0,1
1770586775.18046808,541225090,0,6,77993200,2405,10,1.21,-35.3632622,149.1652374,584.09,0.0,228.36672973632812,0.0,0.0,1
1770586775.30042005,541345042,1,1,0,0,0,-0.01,0.0,0.0,0.0,0.0,0.0,0.0,0.0,0
1770586775.38038802,541425010,0,6,77993400,2405,10,1.21,-35.3632622,149.1652374,584.09,0.0,228.36672973632812,0.0,0.0,1
1770586775.58030796,541624930,0,6,77993600,2405,10,1.21,-35.3632622,149.1652374,584.09,0.0,228.36672973632812,0.0,0.0,1
1770586775.78022814,541824850,0,6,77993800,2405,10,1.21,-35.3632622,149.1652374,584.09,0.0,228.36672973632812,0.0,0.0,1
1770586776.00013995,542044762,0,6,77994000,2405,10,1.21,-35.3632622,149.1652374,584.09,0.0,228.36672973632812,0.0,0.0,1
1770586776.20006013,542244682,0,6,77994200,2405,10,1.21,-35.3632622,149.1652374,584.09,0.0,228.36672973632812,0.0,0.0,1
1770586776.39998007,542444602,0,6,77994400,2405,10,1.21,-35.3632622,149.1652374,584.09,0.0,228.36672973632812,0.0,0.0,1
1770586776.59990001,542644522,0,6,77994600,2405,10,1.21,-35.3632622,149.1652374,584.09,0.0,228.36672973632812,0.0,0.0,1
1770586776.79981995,542844442,0,6,77994800,2405,10,1.21,-35.3632622,149.1652374,584.09,0.0,228.36672973632812,0.0,0.0,1
1770586776.99974012,543044362,0,6,77995000,2405,10,1.21,-35.3632622,149.1652374,584.09,0.0,228.36672973632812,0.0,0.0,1
1770586777.18050098,543225123,0,6,77995200,2405,10,1.21,-35.3632622,149.1652374,584.09,0.0,228.36672973632812,0.0,0.0,1
1770586777.38042116,543425043,0,6,77995400,2405,10,1.21,-35.3632622,149.1652374,584.09,0.0,228.36672973632812,0.0,0.0,1
1770586777.58034110,543624963,0,6,77995600,2405,10,1.21,-35.3632622,149.1652374,584.09,0.0,228.36672973632812,0.0,0.0,1
1770586777.78026104,543824883,0,6,77995800,2405,10,1.21,-35.3632622,149.1652374,584.09,0.0,228.36672973632812,0.0,0.0,1
1770586778.00017309,544044795,0,6,77996000,2405,10,1.21,-35.3632622,149.1652374,584.09,0.0,228.36672973632812,0.0,0.0,1
1770586778.20009303,544244715,0,6,77996200,2405,10,1.21,-35.3632622,149.1652374,584.09,0.0,228.36672973632812,0.0,0.0,1
1770586778.40001297,544444635,0,6,77996400,2405,10,1.21,-35.3632622,149.1652374,584.09,0.0,228.36672973632812,0.0,0.0,1
1770586778.59993315,544644555,0,6,77996600,2405,10,1.21,-35.3632622,149.1652374,584.09,0.0,228.36672973632812,0.0,0.0,1
1770586778.79985309,544844475,0,6,77996800,2405,10,1.21,-35.3632622,149.1652374,584.09,0.0,228.36672973632812,0.0,0.0,1
1770586778.99977303,545044395,0,6,77997000,2405,10,1.21,-35.3632622,149.1652374,584.09,0.0,228.36672973632812,0.0,0.0,1
1770586779.19969296,545244315,0,6,77997200,2405,10,1.21,-35.3632622,149.1652374,584.09,0.0,228.36672973632812,0.0,0.0,1
1770586779.32047796,545365100,1,1,0,0,0,-0.01,0.0,0.0,0.0,0.0,0.0,0.0,0.0,0
1770586779.38045406,545425076,0,6,77997400,2405,10,1.21,-35.3632622,149.1652374,584.09,0.0,228.36672973632812,0.0,0.0,1
1770586779.58037400,545624996,0,6,77997600,2405,10,1.21,-35.3632622,149.1652374,584.09,0.0,228.36672973632812,0.0,0.0,1
1770586779.78029394,545824916,0,6,77997800,2405,10,1.21,-35.3632622,149.1652374,584.09,0.0,228.36672973632812,0.0,0.0,1
1770586779.98021412,546024836,0,6,77998000,2405,10,1.21,-35.3632622,149.1652374,584.09,0.0,228.36672973632812,0.0,0.0,1
1770586780.20012617,546244748,0,6,77998200,2405,10,1.21,-35.3632622,149.1652374,584.09,0.0,228.36672973632812,0.0,0.0,1
1770586780.40004611,546444668,0,6,77998400,2405,10,1.21,-35.3632622,149.1652374,584.09,0.0,228.36672973632812,0.0,0.0,1
1770586780.59996605,546644588,0,6,77998600,2405,10,1.21,-35.3632622,149.1652374,584.09,0.0,228.36672973632812,0.0,0.0,1
1770586780.79988599,546844508,0,6,77998800,2405,10,1.21,-35.3632622,149.1652374,584.09,0.0,228.36672973632812,0.0,0.0,1
1770586780.99980617,547044428,0,6,77999000,2405,10,1.21,-35.3632622,149.1652374,584.09,0.0,228.36672973632812,0.0,0.0,1
1770586781.19972610,547244348,0,6,77999200,2405,10,1.21,-35.3632622,149.1652374,584.09,0.0,228.36672973632812,0.0,0.0,1
1770586781.38048697,547425109,0,6,77999400,2405,10,1.21,-35.3632622,149.1652374,584.09,0.0,228.36672973632812,0.0,0.0,1
1770586781.58040714,547625029,0,6,77999600,2405,10,1.21,-35.3632622,149.1652374,584.09,0.0,228.36672973632812,0.0,0.0,1
1770586781.78032708,547824949,0,6,77999800,2405,10,1.21,-35.3632622,149.1652374,584.09,0.0,228.36672973632812,0.0,0.0,1
1770586781.98024702,548024869,0,6,78000000,2405,10,1.21,-35.3632622,149.1652374,584.09,0.0,228.36672973632812,0.0,0.0,1
1770586782.20015907,548244781,0,6,78000200,2405,10,1.21,-35.3632622,149.1652374,584.09,0.0,228.36672973632812,0.0,0.0,1
1770586782.40007901,548444701,0,6,78000400,2405,10,1.21,-35.3632622,149.1652374,584.09,0.0,228.36672973632812,0.0,0.0,1
1770586782.59999895,548644621,0,6,78000600,2405,10,1.21,-35.3632622,149.1652374,584.09,0.0,228.36672973632812,0.0,0.0,1
1770586782.79991913,548844541,0,6,78000800,2405,10,1.21,-35.3632622,149.1652374,584.09,0.0,228.36672973632812,0.0,0.0,1
1770586782.99983907,549044461,0,6,78001000,2405,10,1.21,-35.3632622,149.1652374,584.09,0.0,228.36672973632812,0.0,0.0,1
1770586783.19975901,549244381,0,6,78001200,2405,10,1.21,-35.3632622,149.1652374,584.09,0.0,228.36672973632812,0.0,0.0,1
1770586783.33970308,549384325,1,1,0,0,0,-0.01,0.0,0.0,0.0,0.0,0.0,0.0,0.0,0
1770586783.38052011,549425142,0,6,78001400,2405,10,1.21,-35.3632622,149.1652374,584.09,0.0,228.36672973632812,0.0,0.0,1
1770586783.58044004,549625062,0,6,78001600,2405,10,1.21,-35.3632622,149.1652374,584.09,0.0,228.36672973632812,0.0,0.0,1
1770586783.78035998,549824982,0,6,78001800,2405,10,1.21,-35.3632622,149.1652374,584.09,0.0,228.36672973632812,0.0,0.0,1
1770586783.98028016,550024902,0,6,78002000,2405,10,1.21,-35.3632622,149.1652374,584.09,0.0,228.36672973632812,0.0,0.0,1
1770586784.20019197,550244814,0,6,78002200,2405,10,1.21,-35.3632622,149.1652374,584.09,0.0,228.36672973632812,0.0,0.0,1
1770586784.40011215,550444734,0,6,78002400,2405,10,1.21,-35.3632622,149.1652374,584.09,0.0,228.36672973632812,0.0,0.0,1
1770586784.60003209,550644654,0,6,78002600,2405,10,1.21,-35.3632622,149.1652374,584.09,0.0,228.36672973632812,0.0,0.0,1
1770586784.79995203,550844574,0,6,78002800,2405,10,1.21,-35.3632622,149.1652374,584.09,0.0,228.36672973632812,0.0,0.0,1
1770586784.99987197,551044494,0,6,78003000,2405,10,1.21,-35.3632622,149.1652374,584.09,0.0,228.36672973632812,0.0,0.0,1
1770586785.19979215,551244414,0,6,78003200,2405,10,1.21,-35.3632622,149.1652374,584.09,0.0,228.36672973632812,0.0,0.0,1
1770586785.39971209,551444334,0,6,78003400,2405,10,1.21,-35.3632622,149.1652374,584.09,0.0,228.36672973632812,0.0,0.0,1
1770586785.58047295,551625095,0,6,78003600,2405,10,1.21,-35.3632622,149.1652374,584.09,0.0,228.36672973632812,0.0,0.0,1
1770586785.78039312,551825015,0,6,78003800,2405,10,1.21,-35.3632622,149.1652374,584.09,0.0,228.36672973632812,0.0,0.0,1
1770586785.98031306,552024935,0,6,78004000,2405,10,1.21,-35.3632622,149.1652374,584.09,0.0,228.36672973632812,0.0,0.0,1
1770586786.18023300,552224855,0,6,78004200,2405,10,1.21,-35.3632622,149.1652374,584.09,0.0,228.36672973632812,0.0,0.0,1
1770586786.40014505,552444767,0,6,78004400,2405,10,1.21,-35.3632622,149.1652374,584.09,0.0,228.36672973632812,0.0,0.0,1
1770586786.60006499,552644687,0,6,78004600,2405,10,1.21,-35.3632622,149.1652374,584.09,0.0,228.36672973632812,0.0,0.0,1
1770586786.79998517,552844607,0,6,78004800,2405,10,1.21,-35.3632622,149.1652374,584.09,0.0,228.36672973632812,0.0,0.0,1
1770586786.99990511,553044527,0,6,78005000,2405,10,1.21,-35.3632622,149.1652374,584.09,0.0,228.36672973632812,0.0,0.0,1
1770586787.19982505,553244447,0,6,78005200,2405,10,1.21,-35.3632622,149.1652374,584.09,0.0,228.36672973632812,0.0,0.0,1
1770586787.35976100,553404383,1,1,0,0,0,-0.01,0.0,0.0,0.0,0.0,0.0,0.0,0.0,0
1770586787.39974499,553444367,0,6,78005400,2405,10,1.21,-35.3632622,149.1652374,584.09,0.0,228.36672973632812,0.0,0.0,1
1770586787.58050609,553625128,0,6,78005600,2405,10,1.21,-35.3632622,149.1652374,584.09,0.0,228.36672973632812,0.0,0.0,1
1770586787.78042603,553825048,0,6,78005800,2405,10,1.21,-35.3632622,149.1652374,584.09,0.0,228.36672973632812,0.0,0.0,1
1770586787.98034596,554024968,0,6,78006000,2405,10,1.21,-35.3632622,149.1652374,584.09,0.0,228.36672973632812,0.0,0.0,1
1770586788.18026614,554224888,0,6,78006200,2405,10,1.21,-35.3632622,149.1652374,584.09,0.0,228.36672973632812,0.0,0.0,1
1770586788.40017796,554444800,0,6,78006400,2405,10,1.21,-35.3632622,149.1652374,584.09,0.0,228.36672973632812,0.0,0.0,1
1770586788.60009813,554644720,0,6,78006600,2405,10,1.21,-35.3632622,149.1652374,584.09,0.0,228.36672973632812,0.0,0.0,1
1770586788.80001807,554844640,0,6,78006800,2405,10,1.21,-35.3632622,149.1652374,584.09,0.0,228.36672973632812,0.0,0.0,1
1770586788.99993801,555044560,0,6,78007000,2405,10,1.21,-35.3632622,149.1652374,584.09,0.0,228.36672973632812,0.0,0.0,1
1770586789.19985795,555244480,0,6,78007200,2405,10,1.21,-35.3632622,149.1652374,584.09,0.0,228.36672973632812,0.0,0.0,1
1770586789.39977813,555444400,0,6,78007400,2405,10,1.21,-35.3632622,149.1652374,584.09,0.0,228.36672973632812,0.0,0.0,1
1770586789.59969807,555644320,0,6,78007600,2405,10,1.21,-35.3632622,149.1652374,584.09,0.0,228.36672973632812,0.0,0.0,1
1770586789.78045917,555825081,0,6,78007800,2405,10,1.21,-35.3632622,149.1652374,584.09,0.0,228.36672973632812,0.0,0.0,1
1770586789.98037910,556025001,0,6,78008000,2405,10,1.21,-35.3632622,149.1652374,584.09,0.0,228.36672973632812,0.0,0.0,1
1770586790.18029904,556224921,0,6,78008200,2405,10,1.21,-35.3632622,149.1652374,584.09,0.0,228.36672973632812,0.0,0.0,1
1770586790.38021898,556424841,0,6,78008400,2405,10,1.21,-35.3632622,149.1652374,584.09,0.0,228.36672973632812,0.0,0.0,1
1770586790.60013103,556644753,0,6,78008600,2405,10,1.21,-35.3632622,149.1652374,584.09,0.0,228.36672973632812,0.0,0.0,1
1770586790.80005097,556844673,0,6,78008800,2405,10,1.21,-35.3632622,149.1652374,584.09,0.0,228.36672973632812,0.0,0.0,1
1770586790.99997115,557044593,0,6,78009000,2405,10,1.21,-35.3632622,149.1652374,584.09,0.0,228.36672973632812,0.0,0.0,1
1770586791.19989109,557244513,0,6,78009200,2405,10,1.21,-35.3632622,149.1652374,584.09,0.0,228.36672973632812,0.0,0.0,1
1770586791.37981915,557424441,1,1,0,0,0,-0.01,0.0,0.0,0.0,0.0,0.0,0.0,0.0,0
1770586791.39981103,557444433,0,6,78009400,2405,10,1.21,-35.3632622,149.1652374,584.09,0.0,228.36672973632812,0.0,0.0,1
1770586791.59973097,557644353,0,6,78009600,2405,10,1.21,-35.3632622,149.1652374,584.09,0.0,228.36672973632812,0.0,0.0,1
1770586791.78049207,557825114,0,6,78009800,2405,10,1.21,-35.3632622,149.1652374,584.09,0.0,228.36672973632812,0.0,0.0,1
1770586791.98041201,558025034,0,6,78010000,2405,10,1.21,-35.3632622,149.1652374,584.09,0.0,228.36672973632812,0.0,0.0,1
1770586792.18033195,558224954,0,6,78010200,2405,10,1.21,-35.3632622,149.1652374,584.09,0.0,228.36672973632812,0.0,0.0,1
