timestamp,TimeUS,DesRoll,Roll,DesPitch,Pitch,DesYaw,Yaw,AEKF
1770789525.36001611,44404731,0.04999999701976776,0.055085547268390656,0.03999999910593033,0.0431293249130249,0.0,352.948974609375,3
1770789525.40000010,44444715,0.04999999701976776,0.05531559884548187,0.03999999910593033,0.043295033276081085,0.0,352.948974609375,3
1770789525.43998408,44484699,0.04999999701976776,0.05522385239601135,0.03999999910593033,0.04339751973748207,0.0,352.9490051269531,3
1770789525.47996807,44524683,0.04999999701976776,0.055131301283836365,0.03999999910593033,0.04336998984217644,0.0,352.9490661621094,3
1770789525.51995206,44564667,0.04999999701976776,0.0550411082804203,0.03999999910593033,0.04338151589035988,0.0,352.94903564453125,3
1770789525.55993605,44604651,0.04999999701976776,0.055118441581726074,0.03999999910593033,0.043416984379291534,0.0,352.94903564453125,3
1770789525.59992003,44644635,0.04999999701976776,0.05512184277176857,0.03999999910593033,0.04360601678490639,0.0,352.9491271972656,3
1770789525.63990402,44684619,0.04999999701976776,0.05513697862625122,0.03999999910593033,0.043764639645814896,0.0,352.94915771484375,3
1770789525.67988801,44724603,0.04999999701976776,0.05508507415652275,0.03999999910593033,0.04379967600107193,0.0,352.9491882324219,3
1770789525.71987200,44764587,0.04999999701976776,0.055174898356199265,0.03999999910593033,0.04377055540680885,0.0,352.9492492675781,3
1770789525.75985599,44804571,0.04999999701976776,0.055337660014629364,0.03999999910593033,0.04388558119535446,0.0,352.94927978515625,3
1770789525.79983997,44844555,0.04999999701976776,0.05542802810668945,0.03999999910593033,0.043935637921094894,0.0,352.9492492675781,3
1770789525.83982396,44884539,0.04999999701976776,0.05541093647480011,0.03999999910593033,0.043943747878074646,0.0,352.9492492675781,3
1770789525.87980819,44924523,0.04999999701976776,0.05535171180963516,0.03999999910593033,0.043797604739665985,0.0,352.94921875,3
1770789525.91979218,44964507,0.04999999701976776,0.05541033670306206,0.03999999910593033,0.043691206723451614,0.0,352.94921875,3
1770789525.95977616,45004491,0.04999999701976776,0.05551888793706894,0.03999999910593033,0.04363461211323738,0.0,352.9493408203125,3
1770789525.99976015,45044475,0.04999999701976776,0.055684369057416916,0.03999999910593033,0.04382796213030815,0.0,352.9493408203125,3
1770789526.03974414,45084459,0.04999999701976776,0.05575760081410408,0.03999999910593033,0.04393051564693451,0.0,352.9493408203125,3
1770789526.07972813,45124443,0.04999999701976776,0.05565314739942551,0.03999999910593033,0.043888356536626816,0.0,352.94927978515625,3
1770789526.11971211,45164427,0.04999999701976776,0.05574912577867508,0.03999999910593033,0.04389936104416847,0.0,352.94921875,3
1770789526.15969610,45204411,0.04999999701976776,0.05586690083146095,0.03999999910593033,0.04398297891020775,0.0,352.9491882324219,3
1770789526.19968009,45244395,0.04999999701976776,0.05602998659014702,0.03999999910593033,0.04425111785531044,0.0,352.9493103027344,3
1770789526.23966408,45284379,0.04999999701976776,0.05606168136000633,0.03999999910593033,0.04441973194479942,0.0,352.9492492675781,3
1770789526.27964807,45324363,0.04999999701976776,0.05615537613630295,0.03999999910593033,0.04443748667836189,0.0,352.9493713378906,3
1770789526.31963205,45364347,0.04999999701976776,0.05624670535326004,0.03999999910593033,0.044492121785879135,0.0,352.94940185546875,3
1770789526.35961604,45404331,0.04999999701976776,0.05642681196331978,0.03999999910593033,0.044721364974975586,0.0,352.9494934082031,3
1770789526.39960003,45444315,0.04999999701976776,0.0566415935754776,0.03999999910593033,0.04494619369506836,0.0,352.94964599609375,3
1770789526.44041705,45485132,0.04999999701976776,0.056866731494665146,0.03999999910593033,0.04509109631180763,0.0,352.9496154785156,3
1770789526.48040104,45525116,0.04999999701976776,0.05703865364193916,0.03999999910593033,0.045224908739328384,0.0,352.9496154785156,3
1770789526.52038503,45565100,0.04999999701976776,0.0572117418050766,0.03999999910593033,0.04534948617219925,0.0,352.9495544433594,3
1770789526.56036901,45605084,0.04999999701976776,0.057318270206451416,0.03999999910593033,0.04560026153922081,0.0,352.949462890625,3
1770789526.60035300,45645068,0.04999999701976776,0.05767807736992836,0.03999999910593033,0.045906536281108856,0.0,352.949462890625,3
1770789526.64033699,45685052,0.04999999701976776,0.05786502733826637,0.03999999910593033,0.046090684831142426,0.0,352.9494934082031,3
1770789526.68032098,45725036,0.04999999701976776,0.057965464890003204,0.03999999910593033,0.04635727033019066,0.0,352.94952392578125,3
1770789526.72030497,45765020,0.04999999701976776,0.05818333104252815,0.03999999910593033,0.04657818749547005,0.0,352.9495544433594,3
1770789526.76028895,45805004,0.04999999701976776,0.058471012860536575,0.03999999910593033,0.046841759234666824,0.0,352.9494934082031,3
1770789526.80027318,45844988,0.04999999701976776,0.0588260218501091,0.03999999910593033,0.047290317714214325,0.0,352.949462890625,3
1770789526.84025717,45884972,0.04999999701976776,0.05911046266555786,0.03999999910593033,0.04759432375431061,0.0,352.9493408203125,3
1770789526.88024116,45924956,0.04999999701976776,0.05934876948595047,0.03999999910593033,0.04797908663749695,0.0,352.9493713378906,3
1770789526.92022514,45964940,0.04999999701976776,0.05964364483952522,0.03999999910593033,0.04812854155898094,0.0,352.9493713378906,3
1770789526.96020913,46004924,0.05999999865889549,0.060017891228199005,0.03999999910593033,0.048537030816078186,0.0,352.94940185546875,3
1770789527.00019312,46044908,0.05999999865889549,0.06063307449221611,0.03999999910593033,0.04894212633371353,0.0,352.9495544433594,3
1770789527.04017711,46084892,0.05999999865889549,0.06096655875444412,0.03999999910593033,0.04926757887005806,0.0,352.9494323730469,3
1770789527.08016109,46124876,0.05999999865889549,0.061350464820861816,0.03999999910593033,0.04973224177956581,0.0,352.9494934082031,3
1770789527.12014508,46164860,0.05999999865889549,0.06167092174291611,0.04999999701976776,0.050079356878995895,0.0,352.9493408203125,3
1770789527.16012907,46204844,0.05999999865889549,0.062050677835941315,0.04999999701976776,0.050453443080186844,0.0,352.9492492675781,3
1770789527.20011306,46244828,0.05999999865889549,0.06256790459156036,0.04999999701976776,0.05091490224003792,0.0,352.9492492675781,3
1770789527.24009705,46284812,0.05999999865889549,0.06282669305801392,0.04999999701976776,0.05127853527665138,0.0,352.9490051269531,3
1770789527.28008103,46324796,0.05999999865889549,0.06330757588148117,0.04999999701976776,0.05169976130127907,0.0,352.9488830566406,3
1770789527.32006502,46364780,0.05999999865889549,0.06360886991024017,0.04999999701976776,0.05206054821610451,0.0,352.9488830566406,3
1770789527.36004901,46404764,0.05999999865889549,0.06410059332847595,0.04999999701976776,0.05250723659992218,0.0,352.9488220214844,3
1770789527.40003300,46444748,0.05999999865889549,0.06460321694612503,0.04999999701976776,0.052926771342754364,0.0,352.9487609863281,3
1770789527.44001698,46484732,0.05999999865889549,0.06506684422492981,0.04999999701976776,0.05352352559566498,0.0,352.9486083984375,3
1770789527.48000097,46524716,0.05999999865889549,0.0654928982257843,0.04999999701976776,0.05396958813071251,0.0,352.9483947753906,3
1770789527.51998496,46564700,0.05999999865889549,0.0658688098192215,0.04999999701976776,0.054372452199459076,0.0,352.9482421875,3
1770789527.55996919,46604684,0.05999999865889549,0.06629633903503418,0.04999999701976776,0.05479542165994644,0.0,352.9482116699219,3
1770789527.59995317,46644668,0.05999999865889549,0.06662438809871674,0.04999999701976776,0.05516909807920456,0.0,352.9483947753906,3
1770789527.63993716,46684652,0.05999999865889549,0.06691628694534302,0.04999999701976776,0.05570988357067108,0.0,352.9483337402344,3
1770789527.67992115,46724636,0.05999999865889549,0.06732796132564545,0.04999999701976776,0.056064244359731674,0.0,352.9482421875,3
1770789527.71990514,46764620,0.05999999865889549,0.06771838665008545,0.04999999701976776,0.05647653713822365,0.0,352.9481201171875,3
1770789527.75988913,46804604,0.05999999865889549,0.06810501217842102,0.04999999701976776,0.056884922087192535,0.0,352.9480895996094,3
1770789527.79987311,46844588,0.05999999865889549,0.06869909912347794,0.04999999701976776,0.05748983845114708,0.0,352.947998046875,3
1770789527.83985710,46884572,0.05999999865889549,0.06919775903224945,0.04999999701976776,0.05806242674589157,0.0,352.9477233886719,3
1770789527.87984109,46924556,0.05999999865889549,0.06966671347618103,0.04999999701976776,0.05851520225405693,0.0,352.94769287109375,3
1770789527.91982508,46964540,0.07000000029802322,0.07017797976732254,0.04999999701976776,0.05894600227475166,0.0,352.9474792480469,3
1770789527.95980906,47004524,0.07000000029802322,0.07042234390974045,0.04999999701976776,0.059428870677948,0.0,352.9472961425781,3
1770789527.99979305,47044508,0.07000000029802322,0.07082051038742065,0.04999999701976776,0.05988127738237381,0.0,352.9473571777344,3
1770789528.03977704,47084492,0.07000000029802322,0.07136105000972748,0.05999999865889549,0.060491565614938736,0.0,352.9471435546875,3
1770789528.07976103,47124476,0.07000000029802322,0.07193470001220703,0.05999999865889549,0.0610065720975399,0.0,352.9471740722656,3
1770789528.11974502,47164460,0.07000000029802322,0.07247056066989899,0.05999999865889549,0.06137600168585777,0.0,352.9471130371094,3
1770789528.15972900,47204444,0.07000000029802322,0.07306770235300064,0.05999999865889549,0.061844270676374435,0.0,352.9470520019531,3
1770789528.19971299,47244428,0.07000000029802322,0.07360166311264038,0.05999999865889549,0.062368154525756836,0.0,352.9468688964844,3
1770789528.23969698,47284412,0.07000000029802322,0.07405112683773041,0.05999999865889549,0.06293430924415588,0.0,352.9466552734375,3
1770789528.27968097,47324396,0.07000000029802322,0.07460330426692963,0.05999999865889549,0.06344263255596161,0.0,352.94647216796875,3
1770789528.31966496,47364380,0.07000000029802322,0.0751408264040947,0.05999999865889549,0.06390182673931122,0.0,352.9464111328125,3
1770789528.35964918,47404364,0.07000000029802322,0.07552389800548553,0.05999999865889549,0.0643414780497551,0.0,352.9462890625,3
1770789528.39963317,47444348,0.07000000029802322,0.07596225291490555,0.05999999865889549,0.06483567506074905,0.0,352.9461669921875,3
1770789528.43961716,47484332,0.07000000029802322,0.07647344470024109,0.05999999865889549,0.06527802348136902,0.0,352.9459228515625,3
1770789528.47960114,47524316,0.07000000029802322,0.07694942504167557,0.05999999865889549,0.06569942831993103,0.0,352.9457702636719,3
1770789528.52041817,47565133,0.07000000029802322,0.07749427109956741,0.05999999865889549,0.06632944196462631,0.0,352.9455261230469,3
1770789528.56040215,47605117,0.07000000029802322,0.07806584239006042,0.05999999865889549,0.06686985492706299,0.0,352.9452209472656,3
1770789528.60038614,47645101,0.07000000029802322,0.07870752364397049,0.05999999865889549,0.06744567304849625,0.0,352.9450988769531,3
1770789528.64037013,47685085,0.07000000029802322,0.07924996316432953,0.05999999865889549,0.06789202243089676,0.0,352.9447937011719,3
1770789528.68035412,47725069,0.07000000029802322,0.07983356714248657,0.05999999865889549,0.06852161139249802,0.0,352.9445495605469,3
1770789528.72033811,47765053,0.07999999821186066,0.08045455813407898,0.05999999865889549,0.06906665861606598,0.0,352.9443359375,3
1770789528.76032209,47805037,0.07999999821186066,0.08111485838890076,0.05999999865889549,0.06965774297714233,0.0,352.94403076171875,3
1770789528.80030608,47845021,0.07999999821186066,0.08163125067949295,0.07000000029802322,0.07019057869911194,0.0,352.9438171386719,3
1770789528.84029007,47885005,0.07999999821186066,0.08209478855133057,0.07000000029802322,0.07075180113315582,0.0,352.9435729980469,3
1770789528.88027406,47924989,0.07999999821186066,0.08271921426057816,0.07000000029802322,0.07125314325094223,0.0,352.9433288574219,3
1770789528.92025805,47964973,0.07999999821186066,0.08312583714723587,0.07000000029802322,0.07174913585186005,0.0,352.9432067871094,3
1770789528.96024203,48004957,0.07999999821186066,0.08369395136833191,0.07000000029802322,0.07241877168416977,0.0,352.9427185058594,3
1770789529.00022602,48044941,0.07999999821186066,0.0843149721622467,0.07000000029802322,0.07295471429824829,0.0,352.9424133300781,3
1770789529.04021001,48084925,0.07999999821186066,0.08476544171571732,0.07000000029802322,0.07348102331161499,0.0,352.94219970703125,3
1770789529.08019400,48124909,0.07999999821186066,0.08515264093875885,0.07000000029802322,0.0739598423242569,0.0,352.94207763671875,3
1770789529.12017798,48164893,0.07999999821186066,0.08568223565816879,0.07000000029802322,0.0744902566075325,0.0,352.9416809082031,3
1770789529.16016197,48204877,0.07999999821186066,0.08624009788036346,0.07000000029802322,0.0750846266746521,0.0,352.94140625,3
1770789529.20014596,48244861,0.07999999821186066,0.08678913861513138,0.07000000029802322,0.0757371038198471,0.0,352.94110107421875,3
1770789529.24013019,48284845,0.07999999821186066,0.0872485563158989,0.07000000029802322,0.07636627554893494,0.0,352.9406433105469,3
1770789529.28011417,48324829,0.07999999821186066,0.08776147663593292,0.07000000029802322,0.07687598466873169,0.0,352.94049072265625,3
1770789529.32009816,48364813,0.07999999821186066,0.08841898292303085,0.07000000029802322,0.07745116949081421,0.0,352.94024658203125,3
1770789529.36008215,48404797,0.07999999821186066,0.08910230547189713,0.07000000029802322,0.07807234674692154,0.0,352.9399108886719,3
1770789529.40006614,48444781,0.07999999821186066,0.08975320309400558,0.07000000029802322,0.07862897217273712,0.0,352.9397277832031,3
1770789529.44005013,48484765,0.08999999612569809,0.09028792381286621,0.07000000029802322,0.07909688353538513,0.0,352.939453125,3
1770789529.48003411,48524749,0.08999999612569809,0.09076642990112305,0.07000000029802322,0.07977216690778732,0.0,352.93927001953125,3
1770789529.52001810,48564733,0.08999999612569809,0.09129663556814194,0.07999999821186066,0.08034121990203857,0.0,352.9389343261719,3
1770789529.56000209,48604717,0.08999999612569809,0.09187139570713043,0.07999999821186066,0.08071999251842499,0.0,352.9385070800781,3
1770789529.59998608,48644701,0.08999999612569809,0.09242408722639084,0.07999999821186066,0.08131720870733261,0.0,352.93817138671875,3
1770789529.63997006,48684685,0.08999999612569809,0.09296999871730804,0.07999999821186066,0.08196879923343658,0.0,352.937744140625,3
1770789529.67995405,48724669,0.08999999612569809,0.09360139071941376,0.07999999821186066,0.08244269341230392,0.0,352.9374084472656,3
1770789529.71993804,48764653,0.08999999612569809,0.09440916776657104,0.07999999821186066,0.08297505974769592,0.0,352.9369201660156,3
1770789529.75992203,48804637,0.08999999612569809,0.09475250542163849,0.07999999821186066,0.08350545167922974,0.0,352.9366455078125,3
1770789529.79990602,48844621,0.08999999612569809,0.09527868777513504,0.07999999821186066,0.08411115407943726,0.0,352.93646240234375,3
1770789529.83989000,48884605,0.08999999612569809,0.09590236097574234,0.07999999821186066,0.08467750251293182,0.0,352.93597412109375,3
1770789529.87987399,48924589,0.08999999612569809,0.09649239480495453,0.07999999821186066,0.08528335392475128,0.0,352.9356384277344,3
1770789529.91985798,48964573,0.08999999612569809,0.09698641300201416,0.07999999821186066,0.08572164177894592,0.0,352.9351806640625,3
1770789529.95984197,49004557,0.08999999612569809,0.09763742983341217,0.07999999821186066,0.08642388880252838,0.0,352.9348449707031,3
1770789529.99982595,49044541,0.08999999612569809,0.09825645387172699,0.07999999821186066,0.08702082186937332,0.0,352.9345703125,3
1770789530.03981018,49084525,0.08999999612569809,0.09880998730659485,0.07999999821186066,0.08758893609046936,0.0,352.9339599609375,3
1770789530.07979417,49124509,0.08999999612569809,0.09924999624490738,0.07999999821186066,0.0880901888012886,0.0,352.9335632324219,3
1770789530.11977816,49164493,0.08999999612569809,0.09985115379095078,0.07999999821186066,0.08869686722755432,0.0,352.93328857421875,3
1770789530.15976214,49204477,0.09999999403953552,0.10033620893955231,0.07999999821186066,0.08924420922994614,0.0,352.9328918457031,3
1770789530.19974613,49244461,0.09999999403953552,0.10085301846265793,0.07999999821186066,0.08985976874828339,0.0,352.93267822265625,3
1770789530.23973012,49284445,0.09999999403953552,0.10152342915534973,0.08999999612569809,0.09045283496379852,0.0,352.9322509765625,3
1770789530.27971411,49324429,0.09999999403953552,0.10213597863912582,0.08999999612569809,0.09112635254859924,0.0,352.9318542480469,3
1770789530.31969810,49364413,0.09999999403953552,0.10266216099262238,0.08999999612569809,0.09162642806768417,0.0,352.931396484375,3
1770789530.35968208,49404397,0.09999999403953552,0.1031707227230072,0.08999999612569809,0.0921689122915268,0.0,352.9309997558594,3
1770789530.39966607,49444381,0.09999999403953552,0.10374200344085693,0.08999999612569809,0.09275498986244202,0.0,352.9306335449219,3
1770789530.43965006,49484365,0.09999999403953552,0.10434035956859589,0.08999999612569809,0.09330318123102188,0.0,352.9300842285156,3
1770789530.47963405,49524349,0.09999999403953552,0.10498446226119995,0.08999999612569809,0.09389132261276245,0.0,352.92974853515625,3
1770789530.51961803,49564333,0.09999999403953552,0.10546831041574478,0.08999999612569809,0.0944456160068512,0.0,352.9292907714844,3
1770789530.55960202,49604317,0.09999999403953552,0.10606014728546143,0.08999999612569809,0.0950409322977066,0.0,352.9288330078125,3
1770789530.60041904,49645134,0.09999999403953552,0.10668913275003433,0.08999999612569809,0.09561584889888763,0.0,352.92852783203125,3
1770789530.64040303,49685118,0.09999999403953552,0.10727213323116302,0.08999999612569809,0.09624101966619492,0.0,352.927978515625,3
1770789530.68038702,49725102,0.09999999403953552,0.1078651174902916,0.08999999612569809,0.09667953848838806,0.0,352.9276123046875,3
1770789530.72037101,49765086,0.09999999403953552,0.10866403579711914,0.08999999612569809,0.09733547270298004,0.0,352.9271545410156,3
1770789530.76035500,49805070,0.09999999403953552,0.10923563688993454,0.08999999612569809,0.09802421182394028,0.0,352.92657470703125,3
1770789530.80033898,49845054,0.09999999403953552,0.10984031111001968,0.08999999612569809,0.09853428602218628,0.0,352.9261169433594,3
1770789530.84032297,49885038,0.10999999940395355,0.11050060391426086,0.08999999612569809,0.0990544781088829,0.0,352.92559814453125,3
1770789530.88030696,49925022,0.10999999940395355,0.111124686896801,0.08999999612569809,0.09966395050287247,0.0,352.9251403808594,3
1770789530.92029119,49965006,0.10999999940395355,0.11169188469648361,0.09999999403953552,0.10028661787509918,0.0,352.9246520996094,3
1770789530.96027517,50004990,0.10999999940395355,0.11218554526567459,0.09999999403953552,0.1007804349064827,0.0,352.9241027832031,3
1770789531.00025916,50044974,0.10999999940395355,0.11283770948648453,0.09999999403953552,0.10125492513179779,0.0,352.92352294921875,3
1770789531.04024315,50084958,0.10999999940395355,0.11348266899585724,0.09999999403953552,0.10182645171880722,0.0,352.92291259765625,3
1770789531.08022714,50124942,0.10999999940395355,0.11404363811016083,0.09999999403953552,0.10242728143930435,0.0,352.9223937988281,3
1770789531.12021112,50164926,0.10999999940395355,0.11459460109472275,0.09999999403953552,0.1029026135802269,0.0,352.92193603515625,3
1770789531.16019511,50204910,0.10999999940395355,0.11509405821561813,0.09999999403953552,0.10360264033079147,0.0,352.9214172363281,3
1770789531.20017910,50244894,0.10999999940395355,0.11571788787841797,0.09999999403953552,0.10428617894649506,0.0,352.9210510253906,3
1770789531.24016309,50284878,0.10999999940395355,0.11620337516069412,0.09999999403953552,0.1048864796757698,0.0,352.9204406738281,3
1770789531.28014708,50324862,0.10999999940395355,0.11680999398231506,0.09999999403953552,0.1053440272808075,0.0,352.9198913574219,3
1770789531.32013106,50364846,0.10999999940395355,0.11744359880685806,0.09999999403953552,0.10578779131174088,0.0,352.9195556640625,3
1770789531.36011505,50404830,0.10999999940395355,0.117950439453125,0.09999999403953552,0.1063271090388298,0.0,352.91888427734375,3
1770789531.40009904,50444814,0.10999999940395355,0.1183997318148613,0.09999999403953552,0.1069292426109314,0.0,352.9184265136719,3
1770789531.44008303,50484798,0.10999999940395355,0.11893290281295776,0.09999999403953552,0.10757341235876083,0.0,352.9178466796875,3
1770789531.48006701,50524782,0.10999999940395355,0.11939795315265656,0.09999999403953552,0.1080828309059143,0.0,352.9173583984375,3
1770789531.52005100,50564766,0.11999999731779099,0.12001438438892365,0.09999999403953552,0.10856366157531738,0.0,352.9168701171875,3
1770789531.56003499,50604750,0.11999999731779099,0.1207394227385521,0.09999999403953552,0.10919848084449768,0.0,352.916259765625,3
1770789531.60001898,50644734,0.11999999731779099,0.12130791693925858,0.09999999403953552,0.10972581803798676,0.0,352.9158630371094,3
1770789531.64000297,50684718,0.11999999731779099,0.121892549097538,0.10999999940395355,0.11018282175064087,0.0,352.9151611328125,3
1770789531.67998695,50724702,0.11999999731779099,0.12232529371976852,0.10999999940395355,0.11068309098482132,0.0,352.9146728515625,3
1770789531.71997118,50764686,0.11999999731779099,0.12272476404905319,0.10999999940395355,0.11110755801200867,0.0,352.91412353515625,3
1770789531.75995517,50804670,0.11999999731779099,0.1232416033744812,0.10999999940395355,0.11160250753164291,0.0,352.9134826660156,3
1770789531.79993916,50844654,0.11999999731779099,0.12388050556182861,0.10999999940395355,0.11203087866306305,0.0,352.9129638671875,3
1770789531.83992314,50884638,0.11999999731779099,0.12441249191761017,0.10999999940395355,0.11256348341703415,0.0,352.9122619628906,3
1770789531.87990713,50924622,0.11999999731779099,0.12484012544155121,0.10999999940395355,0.11300203204154968,0.0,352.9116516113281,3
1770789531.91989112,50964606,0.11999999731779099,0.12529051303863525,0.10999999940395355,0.11352887749671936,0.0,352.9112243652344,3
1770789531.95987511,51004590,0.11999999731779099,0.1258724480867386,0.10999999940395355,0.11404167115688324,0.0,352.91064453125,3
1770789531.99985909,51044574,0.11999999731779099,0.12642990052700043,0.10999999940395355,0.11451216042041779,0.0,352.91021728515625,3
1770789532.03984308,51084558,0.11999999731779099,0.12695856392383575,0.10999999940395355,0.11501888185739517,0.0,352.9096984863281,3
1770789532.07982707,51124542,0.11999999731779099,0.12741678953170776,0.10999999940395355,0.11541060358285904,0.0,352.9091796875,3
1770789532.11981106,51164526,0.11999999731779099,0.1277623325586319,0.10999999940395355,0.11582108587026596,0.0,352.90875244140625,3
1770789532.15979505,51204510,0.11999999731779099,0.1282699853181839,0.10999999940395355,0.11624136567115784,0.0,352.9081115722656,3
1770789532.19977903,51244494,0.11999999731779099,0.12879908084869385,0.10999999940395355,0.11666341125965118,0.0,352.9076232910156,3
1770789532.23976302,51284478,0.11999999731779099,0.1293555200099945,0.10999999940395355,0.1170814037322998,0.0,352.9070129394531,3
1770789532.27974701,51324462,0.11999999731779099,0.12977662682533264,0.10999999940395355,0.11757169663906097,0.0,352.9064636230469,3
1770789532.31973100,51364446,0.12999999523162842,0.13018615543842316,0.10999999940395355,0.117995485663414,0.0,352.9058837890625,3
1770789532.35971498,51404430,0.12999999523162842,0.13057920336723328,0.10999999940395355,0.11847146600484848,0.0,352.9053039550781,3
1770789532.39969897,51444414,0.12999999523162842,0.13112902641296387,0.10999999940395355,0.11903729289770126,0.0,352.9049072265625,3
1770789532.43968296,51484398,0.12999999523162842,0.1316753476858139,0.10999999940395355,0.11956765502691269,0.0,352.9042663574219,3
1770789532.47966719,51524382,0.12999999523162842,0.13193881511688232,0.10999999940395355,0.11997231841087341,0.0,352.90362548828125,3
1770789532.51965117,51564366,0.12999999523162842,0.13232764601707458,0.11999999731779099,0.12040276825428009,0.0,352.9031982421875,3
1770789532.55963516,51604350,0.12999999523162842,0.1328110247850418,0.11999999731779099,0.12087161093950272,0.0,352.9026184082031,3
1770789532.59961915,51644334,0.12999999523162842,0.13334450125694275,0.11999999731779099,0.12133467197418213,0.0,352.90228271484375,3
1770789532.63960314,51684318,0.12999999523162842,0.13380002975463867,0.11999999731779099,0.12166792899370193,0.0,352.9016418457031,3
1770789532.68042016,51725135,0.12999999523162842,0.1341627538204193,0.11999999731779099,0.12199464440345764,0.0,352.90106201171875,3
1770789532.72040415,51765119,0.12999999523162842,0.13462436199188232,0.11999999731779099,0.12226966768503189,0.0,352.9004821777344,3
1770789532.76038814,51805103,0.12999999523162842,0.13498131930828094,0.11999999731779099,0.1226450577378273,0.0,352.8998718261719,3
1770789532.80037212,51845087,0.12999999523162842,0.13549165427684784,0.11999999731779099,0.12299877405166626,0.0,352.89947509765625,3
1770789532.84035611,51885071,0.12999999523162842,0.13579468429088593,0.11999999731779099,0.12325019389390945,0.0,352.89874267578125,3
1770789532.88034010,51925055,0.12999999523162842,0.13601110875606537,0.11999999731779099,0.12356678396463394,0.0,352.8981628417969,3
1770789532.92032409,51965039,0.12999999523162842,0.1363573968410492,0.11999999731779099,0.12410902976989746,0.0,352.89752197265625,3
1770789532.96030807,52005023,0.12999999523162842,0.13685423135757446,0.11999999731779099,0.1245109811425209,0.0,352.8968811035156,3
1770789533.00029206,52045007,0.12999999523162842,0.1372951716184616,0.11999999731779099,0.12485990673303604,0.0,352.89642333984375,3
1770789533.04027605,52084991,0.12999999523162842,0.13762524724006653,0.11999999731779099,0.12510807812213898,0.0,352.8956298828125,3
1770789533.08026004,52124975,0.12999999523162842,0.13791459798812866,0.11999999731779099,0.12539419531822205,0.0,352.8949279785156,3
1770789533.12024403,52164959,0.12999999523162842,0.13824088871479034,0.11999999731779099,0.12574857473373413,0.0,352.8941955566406,3
1770789533.16022801,52204943,0.12999999523162842,0.13853159546852112,0.11999999731779099,0.12610171735286713,0.0,352.8935546875,3
1770789533.20021200,52244927,0.12999999523162842,0.13911749422550201,0.11999999731779099,0.12651008367538452,0.0,352.8929748535156,3
1770789533.24019599,52284911,0.12999999523162842,0.1392812430858612,0.11999999731779099,0.1266220510005951,0.0,352.8923034667969,3
1770789533.28017998,52324895,0.12999999523162842,0.13946089148521423,0.11999999731779099,0.1269996613264084,0.0,352.8917236328125,3
1770789533.32016397,52364879,0.12999999523162842,0.1396959275007248,0.11999999731779099,0.12722495198249817,0.0,352.89117431640625,3
1770789533.36014819,52404863,0.14000000059604645,0.1400701403617859,0.11999999731779099,0.12758728861808777,0.0,352.89031982421875,3
1770789533.40013218,52444847,0.14000000059604645,0.1404268890619278,0.11999999731779099,0.1280628740787506,0.0,352.8895568847656,3
1770789533.44011617,52484831,0.14000000059604645,0.1405894160270691,0.11999999731779099,0.12820331752300262,0.0,352.888916015625,3
1770789533.48010015,52524815,0.14000000059604645,0.14071330428123474,0.11999999731779099,0.12852029502391815,0.0,352.88848876953125,3
1770789533.52008414,52564799,0.14000000059604645,0.14097432792186737,0.11999999731779099,0.12880916893482208,0.0,352.8877868652344,3
1770789533.56006813,52604783,0.14000000059604645,0.141313835978508,0.11999999731779099,0.12902970612049103,0.0,352.8871765136719,3
1770789533.60005212,52644767,0.14000000059604645,0.1415284425020218,0.11999999731779099,0.1294286698102951,0.0,352.8866271972656,3
1770789533.64003611,52684751,0.14000000059604645,0.1418851763010025,0.11999999731779099,0.12959294021129608,0.0,352.88592529296875,3
1770789533.68002009,52724735,0.14000000059604645,0.14215289056301117,0.11999999731779099,0.12989133596420288,0.0,352.8851623535156,3
1770789533.72000408,52764719,0.14000000059604645,0.14246846735477448,0.12999999523162842,0.1300930380821228,0.0,352.884521484375,3
1770789533.75998807,52804703,0.14000000059604645,0.1426912546157837,0.12999999523162842,0.13033966720104218,0.0,352.8838806152344,3
1770789533.79997206,52844687,0.14000000059604645,0.1430341899394989,0.12999999523162842,0.13054464757442474,0.0,352.88336181640625,3
1770789533.83995605,52884671,0.14000000059604645,0.14319300651550293,0.12999999523162842,0.13083434104919434,0.0,352.88262939453125,3
1770789533.87994003,52924655,0.14000000059604645,0.14334560930728912,0.12999999523162842,0.13090971112251282,0.0,352.88201904296875,3
1770789533.91992402,52964639,0.14000000059604645,0.14336659014225006,0.12999999523162842,0.131088525056839,0.0,352.8812561035156,3
1770789533.95990801,53004623,0.14000000059604645,0.14356867969036102,0.12999999523162842,0.13114243745803833,0.0,352.88043212890625,3
1770789533.99989200,53044607,0.14000000059604645,0.14367832243442535,0.12999999523162842,0.13135762512683868,0.0,352.8798828125,3
1770789534.03987598,53084591,0.14000000059604645,0.14378634095191956,0.12999999523162842,0.1315162628889084,0.0,352.8791198730469,3
1770789534.07985997,53124575,0.14000000059604645,0.1436983346939087,0.12999999523162842,0.13153846561908722,0.0,352.87847900390625,3
1770789534.11984396,53164559,0.14000000059604645,0.14374545216560364,0.12999999523162842,0.13161176443099976,0.0,352.8780212402344,3
1770789534.15982819,53204543,0.14000000059604645,0.14395059645175934,0.12999999523162842,0.1318574696779251,0.0,352.87750244140625,3
1770789534.19981217,53244527,0.14000000059604645,0.1443181037902832,0.12999999523162842,0.13207952678203583,0.0,352.876953125,3
1770789534.23979616,53284511,0.14000000059604645,0.1444205939769745,0.12999999523162842,0.13221798837184906,0.0,352.87628173828125,3
1770789534.27978015,53324495,0.14000000059604645,0.14441241323947906,0.12999999523162842,0.1322786659002304,0.0,352.87579345703125,3
1770789534.31976414,53364479,0.14000000059604645,0.14436009526252747,0.12999999523162842,0.132404163479805,0.0,352.8752746582031,3
1770789534.35974813,53404463,0.14000000059604645,0.1444322168827057,0.12999999523162842,0.13265161216259003,0.0,352.8746032714844,3
1770789534.39973211,53444447,0.14000000059604645,0.14459499716758728,0.12999999523162842,0.1327701210975647,0.0,352.8741149902344,3
1770789534.43971610,53484431,0.14000000059604645,0.14464429020881653,0.12999999523162842,0.13280121982097626,0.0,352.8735656738281,3
1770789534.47970009,53524415,0.14000000059604645,0.14440102875232697,0.12999999523162842,0.1328495889902115,0.0,352.8730773925781,3
1770789534.51968408,53564399,0.14000000059604645,0.1443997621536255,0.12999999523162842,0.13298986852169037,0.0,352.8724670410156,3
1770789534.55966806,53604383,0.14000000059604645,0.14458538591861725,0.12999999523162842,0.1330684870481491,0.0,352.87188720703125,3
1770789534.59965205,53644367,0.14000000059604645,0.14471255242824554,0.12999999523162842,0.1331305056810379,0.0,352.87127685546875,3
1770789534.63963604,53684351,0.14000000059604645,0.14474311470985413,0.12999999523162842,0.13312190771102905,0.0,352.8706359863281,3
1770789534.67962003,53724335,0.14000000059604645,0.14470578730106354,0.12999999523162842,0.1329594999551773,0.0,352.8700256347656,3
1770789534.71960402,53764319,0.14000000059604645,0.1445934772491455,0.12999999523162842,0.13291612267494202,0.0,352.8694152832031,3
1770789534.76042104,53805136,0.14000000059604645,0.14472787082195282,0.12999999523162842,0.13309630751609802,0.0,352.8687438964844,3
1770789534.80040503,53845120,0.14000000059604645,0.14477069675922394,0.12999999523162842,0.13302263617515564,0.0,352.8681335449219,3
1770789534.84038901,53885104,0.14000000059604645,0.1446503847837448,0.12999999523162842,0.13273495435714722,0.0,352.8675842285156,3
1770789534.88037300,53925088,0.14000000059604645,0.14447487890720367,0.12999999523162842,0.13271506130695343,0.0,352.8670654296875,3
1770789534.92035699,53965072,0.14000000059604645,0.14439362287521362,0.12999999523162842,0.1326902061700821,0.0,352.86651611328125,3
1770789534.96034098,54005056,0.14000000059604645,0.14430424571037292,0.12999999523162842,0.1327333152294159,0.0,352.86590576171875,3
1770789535.00032496,54045040,0.14000000059604645,0.1442810744047165,0.12999999523162842,0.13276316225528717,0.0,352.86541748046875,3
1770789535.04030919,54085024,0.14000000059604645,0.14405295252799988,0.12999999523162842,0.13249452412128448,0.0,352.8645935058594,3
1770789535.08029318,54125008,0.14000000059604645,0.14396598935127258,0.12999999523162842,0.13230064511299133,0.0,352.8641052246094,3
1770789535.12027717,54164992,0.14000000059604645,0.14388242363929749,0.12999999523162842,0.13233067095279694,0.0,352.8636779785156,3
1770789535.16026115,54204976,0.14000000059604645,0.1438743621110916,0.12999999523162842,0.13243120908737183,0.0,352.8630065917969,3
1770789535.20024514,54244960,0.14000000059604645,0.14411409199237823,0.12999999523162842,0.13255521655082703,0.0,352.86248779296875,3
1770789535.24022913,54284944,0.14000000059604645,0.14385509490966797,0.12999999523162842,0.13235756754875183,0.0,352.86187744140625,3
1770789535.28021312,54324928,0.14000000059604645,0.14362095296382904,0.12999999523162842,0.13217926025390625,0.0,352.8614501953125,3
1770789535.32019711,54364912,0.14000000059604645,0.14343701303005219,0.12999999523162842,0.1320730596780777,0.0,352.8609924316406,3
1770789535.36018109,54404896,0.14000000059604645,0.14336223900318146,0.12999999523162842,0.13201285898685455,0.0,352.86053466796875,3
1770789535.40016508,54444880,0.14000000059604645,0.14353634417057037,0.12999999523162842,0.1322060525417328,0.0,352.860107421875,3
1770789535.44014907,54484864,0.14000000059604645,0.14319884777069092,0.12999999523162842,0.1319287270307541,0.0,352.8594665527344,3
1770789535.48013306,54524848,0.14000000059604645,0.1428985297679901,0.12999999523162842,0.1316751390695572,0.0,352.8590393066406,3
1770789535.52011704,54564832,0.14000000059604645,0.1427750140428543,0.12999999523162842,0.13143667578697205,0.0,352.858642578125,3
1770789535.56010103,54604816,0.14000000059604645,0.1428234577178955,0.12999999523162842,0.13144288957118988,0.0,352.85809326171875,3
1770789535.60008502,54644800,0.14000000059604645,0.14282748103141785,0.12999999523162842,0.13149896264076233,0.0,352.8576354980469,3
1770789535.64006901,54684784,0.14000000059604645,0.14270170032978058,0.12999999523162842,0.13153478503227234,0.0,352.8570556640625,3
1770789535.68005300,54724768,0.14000000059604645,0.14250192046165466,0.12999999523162842,0.1312313675880432,0.0,352.8565979003906,3
1770789535.72003698,54764752,0.14000000059604645,0.14233486354351044,0.12999999523162842,0.13107426464557648,0.0,352.856201171875,3
1770789535.76002097,54804736,0.14000000059604645,0.14222954213619232,0.12999999523162842,0.13105936348438263,0.0,352.8555908203125,3
1770789535.80000496,54844720,0.14000000059604645,0.14236336946487427,0.12999999523162842,0.13108721375465393,0.0,352.85516357421875,3
1770789535.83998919,54884704,0.14000000059604645,0.14228756725788116,0.12999999523162842,0.1309327930212021,0.0,352.8546142578125,3
1770789535.87997317,54924688,0.14000000059604645,0.14209888875484467,0.12999999523162842,0.1305875927209854,0.0,352.8541564941406,3
1770789535.91995716,54964672,0.14000000059604645,0.14176848530769348,0.12999999523162842,0.13040180504322052,0.0,352.8537292480469,3
1770789535.95994115,55004656,0.14000000059604645,0.14156527817249298,0.12999999523162842,0.1303933560848236,0.0,352.85321044921875,3
1770789535.99992514,55044640,0.14000000059604645,0.14150311052799225,0.12999999523162842,0.1302342712879181,0.0,352.85284423828125,3
1770789536.03990912,55084624,0.14000000059604645,0.141102135181427,0.11999999731779099,0.12998630106449127,0.0,352.8524475097656,3
1770789536.07989311,55124608,0.14000000059604645,0.14071573317050934,0.11999999731779099,0.12963178753852844,0.0,352.85205078125,3
1770789536.11987710,55164592,0.14000000059604645,0.14044354856014252,0.11999999731779099,0.129318505525589,0.0,352.8517150878906,3
1770789536.15986109,55204576,0.14000000059604645,0.14025908708572388,0.11999999731779099,0.12919865548610687,0.0,352.8513488769531,3
1770789536.19984508,55244560,0.14000000059604645,0.14000627398490906,0.11999999731779099,0.12917175889015198,0.0,352.850830078125,3
1770789536.23982906,55284544,0.12999999523162842,0.1397775411605835,0.11999999731779099,0.12885643541812897,0.0,352.8503112792969,3
1770789536.27981305,55324528,0.12999999523162842,0.1394316554069519,0.11999999731779099,0.12848080694675446,0.0,352.8499450683594,3
1770789536.31979704,55364512,0.12999999523162842,0.1391695737838745,0.11999999731779099,0.12811487913131714,0.0,352.8495178222656,3
1770789536.35978103,55404496,0.12999999523162842,0.1389332264661789,0.11999999731779099,0.12793932855129242,0.0,352.8489074707031,3
1770789536.39976501,55444480,0.12999999523162842,0.13890211284160614,0.11999999731779099,0.12786918878555298,0.0,352.8485412597656,3
1770789536.43974900,55484464,0.12999999523162842,0.13869118690490723,0.11999999731779099,0.1276637613773346,0.0,352.84796142578125,3
1770789536.47973299,55524448,0.12999999523162842,0.13829217851161957,0.11999999731779099,0.12730300426483154,0.0,352.8475646972656,3
1770789536.51971698,55564432,0.12999999523162842,0.13809727132320404,0.11999999731779099,0.12701429426670074,0.0,352.8471374511719,3
1770789536.55970097,55604416,0.12999999523162842,0.1378840208053589,0.11999999731779099,0.12685567140579224,0.0,352.8468017578125,3
1770789536.59968495,55644400,0.12999999523162842,0.13781920075416565,0.11999999731779099,0.12658946216106415,0.0,352.84649658203125,3
1770789536.63966918,55684384,0.12999999523162842,0.13752810657024384,0.11999999731779099,0.1262776404619217,0.0,352.84600830078125,3
1770789536.67965317,55724368,0.12999999523162842,0.13714730739593506,0.11999999731779099,0.12594792246818542,0.0,352.84564208984375,3
1770789536.71963716,55764352,0.12999999523162842,0.13681070506572723,0.11999999731779099,0.12564536929130554,0.0,352.8453063964844,3
1770789536.75962114,55804336,0.12999999523162842,0.13665439188480377,0.11999999731779099,0.12550728023052216,0.0,352.8449401855469,3
1770789536.79960513,55844320,0.12999999523162842,0.13654355704784393,0.11999999731779099,0.1253456175327301,0.0,352.8448181152344,3
1770789536.84042215,55885137,0.12999999523162842,0.13628968596458435,0.11999999731779099,0.12502269446849823,0.0,352.84442138671875,3
1770789536.88040614,55925121,0.12999999523162842,0.13594429194927216,0.11999999731779099,0.12461140751838684,0.0,352.8439636230469,3
1770789536.92039013,55965105,0.12999999523162842,0.1356172263622284,0.11999999731779099,0.12431412190198898,0.0,352.8437194824219,3
1770789536.96037412,56005089,0.12999999523162842,0.13534921407699585,0.11999999731779099,0.12412843853235245,0.0,352.8435363769531,3
1770789537.00035810,56045073,0.12999999523162842,0.13512416183948517,0.11999999731779099,0.12405754625797272,0.0,352.8432922363281,3
1770789537.04034209,56085057,0.12999999523162842,0.13459034264087677,0.11999999731779099,0.12349450588226318,0.0,352.8428955078125,3
1770789537.08032608,56125041,0.12999999523162842,0.13416250050067902,0.11999999731779099,0.1231679692864418,0.0,352.8426513671875,3
1770789537.12031007,56165025,0.12999999523162842,0.13392873108386993,0.11999999731779099,0.12280996888875961,0.0,352.84246826171875,3
1770789537.16029406,56205009,0.12999999523162842,0.13368110358715057,0.11999999731779099,0.12256768345832825,0.0,352.8421325683594,3
1770789537.20027804,56244993,0.12999999523162842,0.13360273838043213,0.11999999731779099,0.12261569499969482,0.0,352.84185791015625,3
1770789537.24026203,56284977,0.12999999523162842,0.1331985890865326,0.11999999731779099,0.1221022829413414,0.0,352.8414001464844,3
1770789537.28024602,56324961,0.12999999523162842,0.1328684687614441,0.11999999731779099,0.12163789570331573,0.0,352.84124755859375,3
1770789537.32023001,56364945,0.12999999523162842,0.13270941376686096,0.11999999731779099,0.12132780253887177,0.0,352.8409423828125,3
1770789537.36021399,56404929,0.12999999523162842,0.13256144523620605,0.11999999731779099,0.12108179926872253,0.0,352.84063720703125,3
1770789537.40019798,56444913,0.12999999523162842,0.1324416697025299,0.11999999731779099,0.1210872158408165,0.0,352.8404541015625,3
1770789537.44018197,56484897,0.12999999523162842,0.13197161257266998,0.11999999731779099,0.12053168565034866,0.0,352.8400573730469,3
1770789537.48016596,56524881,0.12999999523162842,0.1316598802804947,0.11999999731779099,0.12002149224281311,0.0,352.83984375,3
1770789537.52015018,56564865,0.12999999523162842,0.13127249479293823,0.10999999940395355,0.11965139210224152,0.0,352.83953857421875,3
1770789537.56013417,56604849,0.12999999523162842,0.1311626434326172,0.10999999940395355,0.11966799944639206,0.0,352.8392639160156,3
1770789537.60011816,56644833,0.12999999523162842,0.13112378120422363,0.10999999940395355,0.11967982351779938,0.0,352.8391418457031,3
1770789537.64010215,56684817,0.12999999523162842,0.13047781586647034,0.10999999940395355,0.11923450231552124,0.0,352.8388671875,3
1770789537.68008614,56724801,0.12999999523162842,0.13018782436847687,0.10999999940395355,0.11881667375564575,0.0,352.83868408203125,3
1770789537.72007012,56764785,0.11999999731779099,0.12985707819461823,0.10999999940395355,0.11860130727291107,0.0,352.83837890625,3
1770789537.76005411,56804769,0.11999999731779099,0.1296834796667099,0.10999999940395355,0.1184483990073204,0.0,352.8381652832031,3
1770789537.80003810,56844753,0.11999999731779099,0.12959855794906616,0.10999999940395355,0.11842066794633865,0.0,352.8380432128906,3
1770789537.84002209,56884737,0.11999999731779099,0.1292589008808136,0.10999999940395355,0.1181458830833435,0.0,352.8377990722656,3
1770789537.88000607,56924721,0.11999999731779099,0.12886831164360046,0.10999999940395355,0.11765316128730774,0.0,352.837646484375,3
1770789537.91999006,56964705,0.11999999731779099,0.12846438586711884,0.10999999940395355,0.11752604693174362,0.0,352.83740234375,3
1770789537.95997405,57004689,0.11999999731779099,0.12832427024841309,0.10999999940395355,0.11731661856174469,0.0,352.8372802734375,3
1770789537.99995804,57044673,0.11999999731779099,0.12819087505340576,0.10999999940395355,0.11721508204936981,0.0,352.837158203125,3
1770789538.03994203,57084657,0.11999999731779099,0.12777861952781677,0.10999999940395355,0.11696693301200867,0.0,352.8370056152344,3
1770789538.07992601,57124641,0.11999999731779099,0.1273505836725235,0.10999999940395355,0.11669660359621048,0.0,352.83685302734375,3
1770789538.11991000,57164625,0.11999999731779099,0.12700292468070984,0.10999999940395355,0.1164664551615715,0.0,352.836669921875,3
1770789538.15989399,57204609,0.11999999731779099,0.12674181163311005,0.10999999940395355,0.11623232066631317,0.0,352.83660888671875,3
1770789538.19987798,57244593,0.11999999731779099,0.12659108638763428,0.10999999940395355,0.11610077321529388,0.0,352.8363952636719,3
1770789538.23986197,57284577,0.11999999731779099,0.126356303691864,0.10999999940395355,0.11583738774061203,0.0,352.836181640625,3
1770789538.27984619,57324561,0.11999999731779099,0.12601329386234283,0.10999999940395355,0.11537756025791168,0.0,352.8360595703125,3
1770789538.31983018,57364545,0.11999999731779099,0.12567263841629028,0.10999999940395355,0.11500559747219086,0.0,352.8360900878906,3
1770789538.35981417,57404529,0.11999999731779099,0.12547758221626282,0.10999999940395355,0.11484570056200027,0.0,352.8358154296875,3
1770789538.39979815,57444513,0.11999999731779099,0.1253274530172348,0.10999999940395355,0.11470353603363037,0.0,352.83575439453125,3
1770789538.43978214,57484497,0.11999999731779099,0.12508606910705566,0.10999999940395355,0.11435498297214508,0.0,352.8356628417969,3
1770789538.47976613,57524481,0.11999999731779099,0.12456366419792175,0.10999999940395355,0.11383075267076492,0.0,352.8355712890625,3
1770789538.51975012,57564465,0.11999999731779099,0.12417837977409363,0.10999999940395355,0.11365567892789841,0.0,352.8352355957031,3
1770789538.55973411,57604449,0.11999999731779099,0.12382146716117859,0.10999999940395355,0.1134471520781517,0.0,352.83514404296875,3
1770789538.59971809,57644433,0.11999999731779099,0.12366187572479248,0.10999999940395355,0.11335985362529755,0.0,352.8350524902344,3
1770789538.63970208,57684417,0.11999999731779099,0.12332066148519516,0.10999999940395355,0.11309096962213516,0.0,352.8349304199219,3
1770789538.67968607,57724401,0.11999999731779099,0.12291073799133301,0.10999999940395355,0.11260800063610077,0.0,352.8348388671875,3
1770789538.71967006,57764385,0.11999999731779099,0.12269216030836105,0.10999999940395355,0.1121242344379425,0.0,352.834716796875,3
1770789538.75965405,57804369,0.11999999731779099,0.12243010848760605,0.10999999940395355,0.11195315420627594,0.0,352.8345031738281,3
1770789538.79963803,57844353,0.11999999731779099,0.1223464384675026,0.10999999940395355,0.1118575930595398,0.0,352.83453369140625,3
1770789538.83962202,57884337,0.11999999731779099,0.12205236405134201,0.10999999940395355,0.11162813752889633,0.0,352.8342590332031,3
1770789538.87960601,57924321,0.11999999731779099,0.12148147076368332,0.10999999940395355,0.11115703731775284,0.0,352.8340759277344,3
1770789538.92042303,57965138,0.11999999731779099,0.1212478056550026,0.10999999940395355,0.1108340322971344,0.0,352.833984375,3
1770789538.96040702,58005122,0.11999999731779099,0.12118934839963913,0.10999999940395355,0.1106819286942482,0.0,352.8337097167969,3
1770789539.00039101,58045106,0.11999999731779099,0.12102114409208298,0.10999999940395355,0.11059434711933136,0.0,352.8337707519531,3
1770789539.04037499,58085090,0.11999999731779099,0.1205676794052124,0.10999999940395355,0.110194630920887,0.0,352.8335266113281,3
1770789539.08035898,58125074,0.11999999731779099,0.12024994194507599,0.09999999403953552,0.10982465744018555,0.0,352.8334655761719,3
1770789539.12034297,58165058,0.11999999731779099,0.12001305818557739,0.09999999403953552,0.10955998301506042,0.0,352.83331298828125,3
1770789539.16032696,58205042,0.10999999940395355,0.11982543021440506,0.09999999403953552,0.10939706861972809,0.0,352.8332824707031,3
1770789539.20031118,58245026,0.10999999940395355,0.11981260776519775,0.09999999403953552,0.10935398191213608,0.0,352.83331298828125,3
1770789539.24029517,58285010,0.10999999940395355,0.11934631317853928,0.09999999403953552,0.10868890583515167,0.0,352.8331298828125,3
1770789539.28027916,58324994,0.10999999940395355,0.11902755498886108,0.09999999403953552,0.1082245334982872,0.0,352.83306884765625,3
1770789539.32026315,58364978,0.10999999940395355,0.11867263913154602,0.09999999403953552,0.10792085528373718,0.0,352.8329772949219,3
1770789539.36024714,58404962,0.10999999940395355,0.11837294697761536,0.09999999403953552,0.10780204832553864,0.0,352.8328857421875,3
1770789539.40023112,58444946,0.10999999940395355,0.1182514876127243,0.09999999403953552,0.10783867537975311,0.0,352.8329162597656,3
1770789539.44021511,58484930,0.10999999940395355,0.11788125336170197,0.09999999403953552,0.10739680379629135,0.0,352.83282470703125,3
1770789539.48019910,58524914,0.10999999940395355,0.11738397181034088,0.09999999403953552,0.10712958127260208,0.0,352.8328857421875,3
1770789539.52018309,58564898,0.10999999940395355,0.11701520532369614,0.09999999403953552,0.10678831487894058,0.0,352.8327331542969,3
1770789539.56016707,58604882,0.10999999940395355,0.11685755103826523,0.09999999403953552,0.10667283833026886,0.0,352.83270263671875,3
1770789539.60015106,58644866,0.10999999940395355,0.11677856743335724,0.09999999403953552,0.10645640641450882,0.0,352.83270263671875,3
1770789539.64013505,58684850,0.10999999940395355,0.11625099927186966,0.09999999403953552,0.10608463734388351,0.0,352.8326110839844,3
1770789539.68011904,58724834,0.10999999940395355,0.11594218760728836,0.09999999403953552,0.10585660487413406,0.0,352.83251953125,3
1770789539.72010303,58764818,0.10999999940395355,0.1158600002527237,0.09999999403953552,0.1057669073343277,0.0,352.83251953125,3
1770789539.76008701,58804802,0.10999999940395355,0.11563166975975037,0.09999999403953552,0.10575731843709946,0.0,352.8324279785156,3
1770789539.80007100,58844786,0.10999999940395355,0.11552222818136215,0.09999999403953552,0.10577839612960815,0.0,352.83245849609375,3
1770789539.84005499,58884770,0.10999999940395355,0.11534341424703598,0.09999999403953552,0.10571295768022537,0.0,352.8323974609375,3
1770789539.88003898,58924754,0.10999999940395355,0.1151014044880867,0.09999999403953552,0.10536354035139084,0.0,352.8323669433594,3
1770789539.92002296,58964738,0.10999999940395355,0.11489924788475037,0.09999999403953552,0.10504655539989471,0.0,352.83245849609375,3
1770789539.96000719,59004722,0.10999999940395355,0.1146857962012291,0.09999999403953552,0.1050194650888443,0.0,352.83245849609375,3
1770789539.99999118,59044706,0.10999999940395355,0.11470311880111694,0.09999999403953552,0.1050315722823143,0.0,352.8324890136719,3
1770789540.03997517,59084690,0.10999999940395355,0.11460728943347931,0.09999999403953552,0.10475197434425354,0.0,352.83245849609375,3
1770789540.07995915,59124674,0.10999999940395355,0.11426069587469101,0.09999999403953552,0.10457495599985123,0.0,352.83251953125,3
1770789540.11994314,59164658,0.10999999940395355,0.1139238029718399,0.09999999403953552,0.10426528751850128,0.0,352.83251953125,3
1770789540.15992713,59204642,0.10999999940395355,0.11365443468093872,0.09999999403953552,0.10413312166929245,0.0,352.8326110839844,3
1770789540.19991112,59244626,0.10999999940395355,0.11357327550649643,0.09999999403953552,0.104129858314991,0.0,352.8327331542969,3
1770789540.23989511,59284610,0.10999999940395355,0.11343187838792801,0.09999999403953552,0.10388081520795822,0.0,352.8327331542969,3
1770789540.27987909,59324594,0.10999999940395355,0.11311715841293335,0.09999999403953552,0.10353334248065948,0.0,352.8327331542969,3
1770789540.31986308,59364578,0.10999999940395355,0.11294203996658325,0.09999999403953552,0.10319282859563828,0.0,352.8327941894531,3
1770789540.35984707,59404562,0.10999999940395355,0.11274658143520355,0.09999999403953552,0.10295088589191437,0.0,352.8328552246094,3
1770789540.39983106,59444546,0.10999999940395355,0.1126181036233902,0.09999999403953552,0.10282541066408157,0.0,352.8328552246094,3
1770789540.43981504,59484530,0.10999999940395355,0.1123630478978157,0.09999999403953552,0.10268011689186096,0.0,352.83270263671875,3
1770789540.47979903,59524514,0.10999999940395355,0.11212121695280075,0.09999999403953552,0.1022995114326477,0.0,352.8326721191406,3
1770789540.51978302,59564498,0.10999999940395355,0.11184988170862198,0.09999999403953552,0.10206225514411926,0.0,352.83270263671875,3
1770789540.55976701,59604482,0.10999999940395355,0.11176320910453796,0.09999999403953552,0.1019245833158493,0.0,352.83270263671875,3
1770789540.59975100,59644466,0.10999999940395355,0.11179162561893463,0.09999999403953552,0.10190632939338684,0.0,352.83270263671875,3
1770789540.63973498,59684450,0.10999999940395355,0.11162462085485458,0.09999999403953552,0.10167352855205536,0.0,352.8328552246094,3
1770789540.67971897,59724434,0.10999999940395355,0.11127381026744843,0.09999999403953552,0.10120673477649689,0.0,352.8330078125,3
1770789540.71970296,59764418,0.10999999940395355,0.11098415404558182,0.09999999403953552,0.10100308805704117,0.0,352.8331298828125,3
1770789540.75968719,59804402,0.10999999940395355,0.11085722595453262,0.09999999403953552,0.10083503276109695,0.0,352.8332214355469,3
1770789540.79967117,59844386,0.10999999940395355,0.11080513149499893,0.09999999403953552,0.1007474735379219,0.0,352.83319091796875,3
1770789540.83965516,59884370,0.10999999940395355,0.11059513688087463,0.09999999403953552,0.10058563202619553,0.0,352.8333435058594,3
1770789540.87963915,59924354,0.10999999940395355,0.11012127995491028,0.09999999403953552,0.10016835480928421,0.0,352.8334045410156,3
1770789540.91962314,59964338,0.09999999403953552,0.10980734974145889,0.08999999612569809,0.09981608390808105,0.0,352.8334045410156,3
1770789540.95960712,60004322,0.09999999403953552,0.10963189601898193,0.08999999612569809,0.09976127743721008,0.0,352.8333740234375,3
1770789541.00042415,60045139,0.09999999403953552,0.10953833162784576,0.08999999612569809,0.099549800157547,0.0,352.8335266113281,3
1770789541.04040813,60085123,0.09999999403953552,0.10928837209939957,0.08999999612569809,0.09937337785959244,0.0,352.8335266113281,3
1770789541.08039212,60125107,0.09999999403953552,0.10892283171415329,0.08999999612569809,0.09901100397109985,0.0,352.8337707519531,3
1770789541.12037611,60165091,0.09999999403953552,0.10869413614273071,0.08999999612569809,0.09868378192186356,0.0,352.83392333984375,3
1770789541.16036010,60205075,0.09999999403953552,0.10860095918178558,0.08999999612569809,0.0986269861459732,0.0,352.83392333984375,3
1770789541.20034409,60245059,0.09999999403953552,0.10863938182592392,0.08999999612569809,0.09863758832216263,0.0,352.8341369628906,3
1770789541.24032807,60285043,0.09999999403953552,0.1080782562494278,0.08999999612569809,0.0982779711484909,0.0,352.83428955078125,3
1770789541.28031206,60325027,0.09999999403953552,0.10770488530397415,0.08999999612569809,0.09784950315952301,0.0,352.83447265625,3
1770789541.32029605,60365011,0.09999999403953552,0.10751920193433762,0.08999999612569809,0.09761389344930649,0.0,352.8346862792969,3
1770789541.36028004,60404995,0.09999999403953552,0.1074942871928215,0.08999999612569809,0.09741859138011932,0.0,352.8348083496094,3
1770789541.40026402,60444979,0.09999999403953552,0.10752751678228378,0.08999999612569809,0.09738776832818985,0.0,352.83489990234375,3
1770789541.44024801,60484963,0.09999999403953552,0.10710331797599792,0.08999999612569809,0.0970245897769928,0.0,352.8348693847656,3
1770789541.48023200,60524947,0.09999999403953552,0.10694184899330139,0.08999999612569809,0.09674383699893951,0.0,352.83489990234375,3
1770789541.52021599,60564931,0.09999999403953552,0.10683857649564743,0.08999999612569809,0.09643258899450302,0.0,352.8349609375,3
1770789541.56019998,60604915,0.09999999403953552,0.10694628208875656,0.08999999612569809,0.09631682932376862,0.0,352.8350830078125,3
1770789541.60018396,60644899,0.09999999403953552,0.10693363100290298,0.08999999612569809,0.0963432565331459,0.0,352.83514404296875,3
1770789541.64016819,60684883,0.09999999403953552,0.10645435750484467,0.08999999612569809,0.09607107937335968,0.0,352.83526611328125,3
1770789541.68015218,60724867,0.09999999403953552,0.10614912211894989,0.08999999612569809,0.09583814442157745,0.0,352.8353271484375,3
1770789541.72013617,60764851,0.09999999403953552,0.10606959462165833,0.08999999612569809,0.095730721950531,0.0,352.8354797363281,3
1770789541.76012015,60804835,0.09999999403953552,0.106009341776371,0.08999999612569809,0.09557917714118958,0.0,352.83563232421875,3
1770789541.80010414,60844819,0.09999999403953552,0.1061086431145668,0.08999999612569809,0.09565766900777817,0.0,352.83575439453125,3
1770789541.84008813,60884803,0.09999999403953552,0.10597757995128632,0.08999999612569809,0.09548041969537735,0.0,352.8359375,3
1770789541.88007212,60924787,0.09999999403953552,0.10582425445318222,0.08999999612569809,0.09515897929668427,0.0,352.8360900878906,3
1770789541.92005610,60964771,0.09999999403953552,0.10573559254407883,0.08999999612569809,0.09492728859186172,0.0,352.836181640625,3
1770789541.96004009,61004755,0.09999999403953552,0.10561390221118927,0.08999999612569809,0.09482144564390182,0.0,352.8361511230469,3
1770789542.00002408,61044739,0.09999999403953552,0.10579647868871689,0.08999999612569809,0.09486732631921768,0.0,352.8362731933594,3
1770789542.04000807,61084723,0.09999999403953552,0.1055968627333641,0.08999999612569809,0.09471435844898224,0.0,352.8365173339844,3
1770789542.07999206,61124707,0.09999999403953552,0.10537321865558624,0.08999999612569809,0.09444233030080795,0.0,352.8367004394531,3
1770789542.11997604,61164691,0.09999999403953552,0.1051286906003952,0.08999999612569809,0.09425611048936844,0.0,352.8369140625,3
1770789542.15996003,61204675,0.09999999403953552,0.1050226017832756,0.08999999612569809,0.09408669173717499,0.0,352.837158203125,3
1770789542.19994402,61244659,0.09999999403953552,0.10500786453485489,0.08999999612569809,0.0940338671207428,0.0,352.83740234375,3
1770789542.23992801,61284643,0.09999999403953552,0.10472777485847473,0.08999999612569809,0.09387277066707611,0.0,352.83746337890625,3
1770789542.27991199,61324627,0.09999999403953552,0.10437657684087753,0.08999999612569809,0.09352852404117584,0.0,352.83770751953125,3
1770789542.31989598,61364611,0.09999999403953552,0.10416477918624878,0.08999999612569809,0.09318999201059341,0.0,352.83782958984375,3
1770789542.35987997,61404595,0.09999999403953552,0.10402997583150864,0.08999999612569809,0.09313540160655975,0.0,352.8380432128906,3
1770789542.39986396,61444579,0.09999999403953552,0.10402046889066696,0.08999999612569809,0.09315449744462967,0.0,352.83819580078125,3
1770789542.43984818,61484563,0.09999999403953552,0.10395437479019165,0.08999999612569809,0.09295761585235596,0.0,352.83831787109375,3
1770789542.47983217,61524547,0.09999999403953552,0.10375113785266876,0.08999999612569809,0.09265655279159546,0.0,352.8385314941406,3
1770789542.51981616,61564531,0.09999999403953552,0.10367600619792938,0.08999999612569809,0.09246642142534256,0.0,352.83868408203125,3
1770789542.55980015,61604515,0.09999999403953552,0.10352299362421036,0.08999999612569809,0.09236138314008713,0.0,352.8388977050781,3
1770789542.59978414,61644499,0.09999999403953552,0.10341455787420273,0.08999999612569809,0.09229208528995514,0.0,352.8389587402344,3
1770789542.63976812,61684483,0.09999999403953552,0.10334240645170212,0.08999999612569809,0.09205666184425354,0.0,352.8389892578125,3
1770789542.67975211,61724467,0.09999999403953552,0.10302945226430893,0.08999999612569809,0.09167429059743881,0.0,352.8392639160156,3
1770789542.71973610,61764451,0.09999999403953552,0.10282633453607559,0.08999999612569809,0.09151144325733185,0.0,352.8394470214844,3
1770789542.75972009,61804435,0.09999999403953552,0.1029101237654686,0.08999999612569809,0.09139955788850784,0.0,352.8396301269531,3
1770789542.79970407,61844419,0.09999999403953552,0.10303284227848053,0.08999999612569809,0.09135403484106064,0.0,352.83984375,3
1770789542.83968806,61884403,0.09999999403953552,0.10281676799058914,0.08999999612569809,0.09118686616420746,0.0,352.8398742675781,3
1770789542.87967205,61924387,0.09999999403953552,0.10256145894527435,0.08999999612569809,0.09091866761445999,0.0,352.8400573730469,3
1770789542.91965604,61964371,0.09999999403953552,0.10237258672714233,0.08999999612569809,0.0907248929142952,0.0,352.8403015136719,3
1770789542.95964003,62004355,0.09999999403953552,0.10223230719566345,0.08999999612569809,0.09063936024904251,0.0,352.8404541015625,3
1770789542.99962401,62044339,0.09999999403953552,0.10236431658267975,0.08999999612569809,0.09073327481746674,0.0,352.8406982421875,3
1770789543.03960800,62084323,0.09999999403953552,0.10228271037340164,0.08999999612569809,0.090512216091156,0.0,352.8407897949219,3
1770789543.08042502,62125140,0.09999999403953552,0.10199625790119171,0.08999999612569809,0.09028469771146774,0.0,352.841064453125,3
1770789543.12040901,62165124,0.09999999403953552,0.1018018126487732,0.08999999612569809,0.0900677964091301,0.0,352.8411560058594,3
1770789543.16039300,62205108,0.09999999403953552,0.10166916251182556,0.07999999821186066,0.08993980288505554,0.0,352.8413391113281,3
1770789543.20037699,62245092,0.09999999403953552,0.10156892985105515,0.08999999612569809,0.09000078588724136,0.0,352.84149169921875,3
1770789543.24036098,62285076,0.09999999403953552,0.10125342011451721,0.07999999821186066,0.0896090492606163,0.0,352.8416748046875,3
1770789543.28034496,62325060,0.09999999403953552,0.10103526711463928,0.07999999821186066,0.08938596397638321,0.0,352.8419189453125,3
1770789543.32032919,62365044,0.09999999403953552,0.10093977302312851,0.07999999821186066,0.0894000306725502,0.0,352.8421630859375,3
1770789543.36031318,62405028,0.09999999403953552,0.10086030513048172,0.07999999821186066,0.08936513960361481,0.0,352.84234619140625,3
1770789543.40029716,62445012,0.09999999403953552,0.10092713683843613,0.07999999821186066,0.08931858092546463,0.0,352.842529296875,3
1770789543.44028115,62484996,0.09999999403953552,0.10052579641342163,0.07999999821186066,0.0890793576836586,0.0,352.8426818847656,3
1770789543.48026514,62524980,0.09999999403953552,0.10033607482910156,0.07999999821186066,0.08891740441322327,0.0,352.8429870605469,3
1770789543.52024913,62564964,0.09999999403953552,0.10015065222978592,0.07999999821186066,0.08872831612825394,0.0,352.84332275390625,3
1770789543.56023312,62604948,0.09999999403953552,0.10010150820016861,0.07999999821186066,0.0887504443526268,0.0,352.8434143066406,3
1770789543.60021710,62644932,0.09999999403953552,0.1001306101679802,0.07999999821186066,0.08883658796548843,0.0,352.8435974121094,3
1770789543.64020109,62684916,0.08999999612569809,0.09978871047496796,0.07999999821186066,0.08854005485773087,0.0,352.8438415527344,3
1770789543.68018508,62724900,0.08999999612569809,0.09955228865146637,0.07999999821186066,0.08841612935066223,0.0,352.8439636230469,3
1770789543.72016907,62764884,0.08999999612569809,0.09954537451267242,0.07999999821186066,0.08824472874403,0.0,352.8442687988281,3
1770789543.76015306,62804868,0.08999999612569809,0.09953342378139496,0.07999999821186066,0.08823611587285995,0.0,352.8445129394531,3
1770789543.80013704,62844852,0.08999999612569809,0.09965753555297852,0.07999999821186066,0.08823498338460922,0.0,352.8447265625,3
1770789543.84012103,62884836,0.08999999612569809,0.09935446828603745,0.07999999821186066,0.08782786875963211,0.0,352.844970703125,3
1770789543.88010502,62924820,0.08999999612569809,0.09930451214313507,0.07999999821186066,0.08770910650491714,0.0,352.84521484375,3
1770789543.92008901,62964804,0.08999999612569809,0.09906679391860962,0.07999999821186066,0.08752796053886414,0.0,352.84552001953125,3
1770789543.96007299,63004788,0.08999999612569809,0.09908974915742874,0.07999999821186066,0.08751551061868668,0.0,352.845703125,3
1770789544.00005698,63044772,0.08999999612569809,0.09909212589263916,0.07999999821186066,0.08752451837062836,0.0,352.8459167480469,3
1770789544.04004097,63084756,0.08999999612569809,0.09904191642999649,0.07999999821186066,0.08734767138957977,0.0,352.84613037109375,3
1770789544.08002496,63124740,0.08999999612569809,0.09882675111293793,0.07999999821186066,0.08699492365121841,0.0,352.846435546875,3
1770789544.12000918,63164724,0.08999999612569809,0.09862419217824936,0.07999999821186066,0.08680211007595062,0.0,352.8465881347656,3
1770789544.15999317,63204708,0.08999999612569809,0.09848355501890182,0.07999999821186066,0.08674314618110657,0.0,352.84686279296875,3
1770789544.19997716,63244692,0.08999999612569809,0.09854483604431152,0.07999999821186066,0.08676403015851974,0.0,352.8472595214844,3
1770789544.23996115,63284676,0.08999999612569809,0.09850805252790451,0.07999999821186066,0.08661295473575592,0.0,352.8474426269531,3
1770789544.27994514,63324660,0.08999999612569809,0.09818854928016663,0.07999999821186066,0.0863550677895546,0.0,352.8478088378906,3
1770789544.31992912,63364644,0.08999999612569809,0.09801898896694183,0.07999999821186066,0.08615274727344513,0.0,352.8479309082031,3
1770789544.35991311,63404628,0.08999999612569809,0.09800959378480911,0.07999999821186066,0.08618602156639099,0.0,352.8482971191406,3
1770789544.39989710,63444612,0.08999999612569809,0.09802445024251938,0.07999999821186066,0.08614439517259598,0.0,352.8485412597656,3
1770789544.43988109,63484596,0.08999999612569809,0.09797101467847824,0.07999999821186066,0.08609224855899811,0.0,352.84881591796875,3
1770789544.47986507,63524580,0.08999999612569809,0.09776543080806732,0.07999999821186066,0.08591300994157791,0.0,352.8492126464844,3
1770789544.51984906,63564564,0.08999999612569809,0.09754021465778351,0.07999999821186066,0.08574232459068298,0.0,352.8494567871094,3
1770789544.55983305,63604548,0.08999999612569809,0.09751211106777191,0.07999999821186066,0.08554235100746155,0.0,352.8497009277344,3
1770789544.59981704,63644532,0.08999999612569809,0.09745854884386063,0.07999999821186066,0.08555497974157333,0.0,352.8499755859375,3
1770789544.63980103,63684516,0.08999999612569809,0.09735732525587082,0.07999999821186066,0.08537708222866058,0.0,352.8502197265625,3
1770789544.67978501,63724500,0.08999999612569809,0.09720729291439056,0.07999999821186066,0.0850214958190918,0.0,352.85052490234375,3
1770789544.71976900,63764484,0.08999999612569809,0.09707853198051453,0.07999999821186066,0.08482981473207474,0.0,352.8507995605469,3
1770789544.75975299,63804468,0.08999999612569809,0.097089022397995,0.07999999821186066,0.08472642302513123,0.0,352.85113525390625,3
1770789544.79973698,63844452,0.08999999612569809,0.0971917137503624,0.07999999821186066,0.08471859991550446,0.0,352.8514404296875,3
1770789544.83972096,63884436,0.08999999612569809,0.09699689596891403,0.07999999821186066,0.08464799076318741,0.0,352.8515319824219,3
1770789544.87970519,63924420,0.08999999612569809,0.09677475690841675,0.07999999821186066,0.08436606824398041,0.0,352.8518371582031,3
1770789544.91968918,63964404,0.08999999612569809,0.09667718410491943,0.07999999821186066,0.08428424596786499,0.0,352.8521423339844,3
1770789544.95967317,64004388,0.08999999612569809,0.0966191217303276,0.07999999821186066,0.08419198542833328,0.0,352.8524475097656,3
1770789544.99965715,64044372,0.08999999612569809,0.09658761322498322,0.07999999821186066,0.08427796512842178,0.0,352.8528137207031,3
1770789545.03964114,64084356,0.08999999612569809,0.09643455594778061,0.07999999821186066,0.08424528688192368,0.0,352.85302734375,3
1770789545.07962513,64124340,0.08999999612569809,0.09622830152511597,0.07999999821186066,0.08391627669334412,0.0,352.8533020019531,3
1770789545.11960912,64164324,0.08999999612569809,0.09616313874721527,0.07999999821186066,0.08386428654193878,0.0,352.8535461425781,3
1770789545.16042614,64205141,0.08999999612569809,0.09605652838945389,0.07999999821186066,0.08384113013744354,0.0,352.85382080078125,3
1770789545.20041013,64245125,0.08999999612569809,0.09609092772006989,0.07999999821186066,0.08381578326225281,0.0,352.85430908203125,3
1770789545.24039412,64285109,0.08999999612569809,0.09579508751630783,0.07999999821186066,0.08351048082113266,0.0,352.8545837402344,3
1770789545.28037810,64325093,0.08999999612569809,0.09563374519348145,0.07999999821186066,0.08333981037139893,0.0,352.8549499511719,3
1770789545.32036209,64365077,0.08999999612569809,0.09556293487548828,0.07999999821186066,0.08321541547775269,0.0,352.8553161621094,3
1770789545.36034608,64405061,0.08999999612569809,0.09557078778743744,0.07999999821186066,0.08314072340726852,0.0,352.85552978515625,3
1770789545.40033007,64445045,0.08999999612569809,0.09563593566417694,0.07999999821186066,0.08316385000944138,0.0,352.85589599609375,3
1770789545.44031405,64485029,0.08999999612569809,0.09529886394739151,0.07999999821186066,0.08284864574670792,0.0,352.8560485839844,3
1770789545.48029804,64525013,0.08999999612569809,0.09501221030950546,0.07999999821186066,0.08263874053955078,0.0,352.8563232421875,3
1770789545.52028203,64564997,0.08999999612569809,0.09483740478754044,0.07999999821186066,0.0824887603521347,0.0,352.8565979003906,3
1770789545.56026602,64604981,0.08999999612569809,0.09481967985630035,0.07999999821186066,0.08255638182163239,0.0,352.8568420410156,3
1770789545.60025001,64644965,0.08999999612569809,0.09482870995998383,0.07999999821186066,0.0824907198548317,0.0,352.8573303222656,3
1770789545.64023399,64684949,0.08999999612569809,0.0944867804646492,0.07999999821186066,0.08222310245037079,0.0,352.8576965332031,3
1770789545.68021798,64724933,0.08999999612569809,0.09430531412363052,0.07999999821186066,0.08197449147701263,0.0,352.8580627441406,3
1770789545.72020197,64764917,0.08999999612569809,0.0942675843834877,0.07999999821186066,0.0818076953291893,0.0,352.85833740234375,3
1770789545.76018596,64804901,0.08999999612569809,0.09429927170276642,0.07999999821186066,0.08189941197633743,0.0,352.85870361328125,3
1770789545.80017018,64844885,0.08999999612569809,0.09433499723672867,0.07999999821186066,0.08204244822263718,0.0,352.8590087890625,3
1770789545.84015417,64884869,0.08999999612569809,0.09407369792461395,0.07999999821186066,0.08177584409713745,0.0,352.8592529296875,3
1770789545.88013816,64924853,0.08999999612569809,0.09397649765014648,0.07999999821186066,0.08156561851501465,0.0,352.8595886230469,3
1770789545.92012215,64964837,0.08999999612569809,0.09395018219947815,0.07999999821186066,0.08143925666809082,0.0,352.85992431640625,3
1770789545.96010613,65004821,0.08999999612569809,0.09374207258224487,0.07999999821186066,0.08142033964395523,0.0,352.8602294921875,3
1770789546.00009012,65044805,0.08999999612569809,0.09383586049079895,0.07999999821186066,0.08145454525947571,0.0,352.8604736328125,3
1770789546.04007411,65084789,0.08999999612569809,0.09371793270111084,0.07999999821186066,0.08139209449291229,0.0,352.86083984375,3
1770789546.08005810,65124773,0.08999999612569809,0.09355496615171432,0.07999999821186066,0.08116699010133743,0.0,352.8612060546875,3
1770789546.12004209,65164757,0.08999999612569809,0.09348402917385101,0.07999999821186066,0.0810571014881134,0.0,352.86163330078125,3
1770789546.16002607,65204741,0.08999999612569809,0.0935213714838028,0.07999999821186066,0.08101387321949005,0.0,352.8619079589844,3
1770789546.20001006,65244725,0.08999999612569809,0.09356379508972168,0.07999999821186066,0.08103533089160919,0.0,352.8621826171875,3
1770789546.23999405,65284709,0.08999999612569809,0.09350129961967468,0.07999999821186066,0.08073869347572327,0.0,352.86236572265625,3
1770789546.27997804,65324693,0.08999999612569809,0.09335191547870636,0.07999999821186066,0.0804813802242279,0.0,352.8627624511719,3
1770789546.31996202,65364677,0.08999999612569809,0.09316883236169815,0.07999999821186066,0.0803370475769043,0.0,352.8631591796875,3
1770789546.35994601,65404661,0.08999999612569809,0.09307970851659775,0.07999999821186066,0.08027173578739166,0.0,352.8633117675781,3
1770789546.39993000,65444645,0.08999999612569809,0.09312430769205093,0.07999999821186066,0.08020945638418198,0.0,352.8636474609375,3
1770789546.43991399,65484629,0.08999999612569809,0.0929579809308052,0.07999999821186066,0.08014573901891708,0.0,352.8640441894531,3
1770789546.47989798,65524613,0.08999999612569809,0.09277183562517166,0.07000000029802322,0.07989734411239624,0.0,352.864501953125,3
1770789546.51988196,65564597,0.08999999612569809,0.09266211092472076,0.07000000029802322,0.07986530661582947,0.0,352.8648376464844,3
1770789546.55986619,65604581,0.08999999612569809,0.09264219552278519,0.07000000029802322,0.07993006706237793,0.0,352.86505126953125,3
1770789546.59985018,65644565,0.08999999612569809,0.09249323606491089,0.07000000029802322,0.07991383969783783,0.0,352.8653564453125,3
1770789546.63983417,65684549,0.08999999612569809,0.09241527318954468,0.07000000029802322,0.07980988919734955,0.0,352.86553955078125,3
1770789546.67981815,65724533,0.08999999612569809,0.09218233823776245,0.07000000029802322,0.07960492372512817,0.0,352.86572265625,3
1770789546.71980214,65764517,0.08999999612569809,0.09211765974760056,0.07000000029802322,0.07940994948148727,0.0,352.8658752441406,3
1770789546.75978613,65804501,0.08999999612569809,0.09193943440914154,0.07000000029802322,0.07932758331298828,0.0,352.8662109375,3
1770789546.79977012,65844485,0.08999999612569809,0.09204304963350296,0.07000000029802322,0.07939992845058441,0.0,352.8666076660156,3
1770789546.83975410,65884469,0.08999999612569809,0.0920121893286705,0.07000000029802322,0.07928294688463211,0.0,352.8668212890625,3
1770789546.87973809,65924453,0.08999999612569809,0.09189481288194656,0.07000000029802322,0.07910577207803726,0.0,352.86724853515625,3
1770789546.91972208,65964437,0.08999999612569809,0.09176037460565567,0.07000000029802322,0.0789281576871872,0.0,352.86749267578125,3
1770789546.95970607,66004421,0.08999999612569809,0.09173312038183212,0.07000000029802322,0.07883851230144501,0.0,352.8678894042969,3
1770789546.99969006,66044405,0.08999999612569809,0.09189684689044952,0.07000000029802322,0.0788237601518631,0.0,352.8683776855469,3
1770789547.03967404,66084389,0.08999999612569809,0.09187514334917068,0.07000000029802322,0.07874588668346405,0.0,352.86865234375,3
1770789547.07965803,66124373,0.08999999612569809,0.09154082089662552,0.07000000029802322,0.07850196212530136,0.0,352.8691101074219,3
1770789547.11964202,66164357,0.08999999612569809,0.09131398797035217,0.07000000029802322,0.0784747526049614,0.0,352.8692626953125,3
1770789547.15962601,66204341,0.08999999612569809,0.0912415161728859,0.07000000029802322,0.07842518389225006,0.0,352.86962890625,3
1770789547.19960999,66244325,0.08999999612569809,0.0913146585226059,0.07000000029802322,0.07843229919672012,0.0,352.8700256347656,3
1770789547.24042702,66285142,0.08999999612569809,0.09130025655031204,0.07000000029802322,0.07843489199876785,0.0,352.8702087402344,3
1770789547.28041101,66325126,0.08999999612569809,0.09105661511421204,0.07000000029802322,0.07829760760068893,0.0,352.87060546875,3
1770789547.32039499,66365110,0.08999999612569809,0.09090221673250198,0.07000000029802322,0.07813817262649536,0.0,352.87091064453125,3
1770789547.36037898,66405094,0.08999999612569809,0.09084100276231766,0.07000000029802322,0.07801400125026703,0.0,352.871337890625,3
1770789547.40036297,66445078,0.08999999612569809,0.09083490073680878,0.07000000029802322,0.07814417779445648,0.0,352.8717041015625,3
1770789547.44034696,66485062,0.08999999612569809,0.09054798632860184,0.07000000029802322,0.07773706316947937,0.0,352.8719787597656,3
1770789547.48033118,66525046,0.08999999612569809,0.09042554348707199,0.07000000029802322,0.07748743891716003,0.0,352.8723449707031,3
1770789547.52031517,66565030,0.08999999612569809,0.09043647348880768,0.07000000029802322,0.07733704149723053,0.0,352.87261962890625,3
1770789547.56029916,66605014,0.08999999612569809,0.09052172303199768,0.07000000029802322,0.0772879496216774,0.0,352.87298583984375,3
1770789547.60028315,66644998,0.08999999612569809,0.09058081358671188,0.07000000029802322,0.07743708044290543,0.0,352.8731384277344,3
1770789547.64026713,66684982,0.08999999612569809,0.090236134827137,0.07000000029802322,0.07715761661529541,0.0,352.8734130859375,3
1770789547.68025112,66724966,0.08999999612569809,0.09001997858285904,0.07000000029802322,0.07693502306938171,0.0,352.8738098144531,3
1770789547.72023511,66764950,0.07999999821186066,0.0898900106549263,0.07000000029802322,0.07678021490573883,0.0,352.87420654296875,3
1770789547.76021910,66804934,0.07999999821186066,0.08978281170129776,0.07000000029802322,0.0767383798956871,0.0,352.8745422363281,3
1770789547.80020308,66844918,0.07999999821186066,0.0899210199713707,0.07000000029802322,0.07671483606100082,0.0,352.8749084472656,3
1770789547.84018707,66884902,0.07999999821186066,0.0895763486623764,0.07000000029802322,0.07644912600517273,0.0,352.875244140625,3
1770789547.88017106,66924886,0.07999999821186066,0.08946163952350616,0.07000000029802322,0.07628224790096283,0.0,352.87554931640625,3
1770789547.92015505,66964870,0.07999999821186066,0.08940684050321579,0.07000000029802322,0.07622379064559937,0.0,352.8757629394531,3
1770789547.96013904,67004854,0.07999999821186066,0.0896058902144432,0.07000000029802322,0.07618887722492218,0.0,352.8760986328125,3
1770789548.00012302,67044838,0.07999999821186066,0.08972864598035812,0.07000000029802322,0.07646185904741287,0.0,352.8765563964844,3
1770789548.04010701,67084822,0.07999999821186066,0.08944639563560486,0.07000000029802322,0.0762687399983406,0.0,352.8768310546875,3
1770789548.08009100,67124806,0.07999999821186066,0.08916089683771133,0.07000000029802322,0.07627001404762268,0.0,352.87713623046875,3
1770789548.12007499,67164790,0.07999999821186066,0.08908388763666153,0.07000000029802322,0.07616156339645386,0.0,352.87744140625,3
1770789548.16005898,67204774,0.07999999821186066,0.08915168792009354,0.07000000029802322,0.0762365311384201,0.0,352.8777770996094,3
1770789548.20004296,67244758,0.07999999821186066,0.08940048515796661,0.07000000029802322,0.07636920362710953,0.0,352.87823486328125,3
1770789548.24002719,67284742,0.07999999821186066,0.08942904323339462,0.07000000029802322,0.07638629525899887,0.0,352.8786315917969,3
1770789548.28001118,67324726,0.07999999821186066,0.08922106772661209,0.07000000029802322,0.07631908357143402,0.0,352.8789367675781,3
1770789548.31999516,67364710,0.07999999821186066,0.08912370353937149,0.07000000029802322,0.07626979053020477,0.0,352.8793029785156,3
1770789548.35997915,67404694,0.0,0.08917170017957687,14.989999771118164,0.07619934529066086,0.0,352.8795471191406,3
1770789548.39996314,67444678,0.0,0.08917385339736938,14.989999771118164,0.07620806246995926,0.0,352.8800354003906,3
1770789548.43994713,67484662,0.0,0.08910969644784927,14.989999771118164,0.07614805549383163,0.0,352.88037109375,3
1770789548.47993112,67524646,0.0,0.08899153023958206,14.989999771118164,0.07601655274629593,0.0,352.880859375,3
1770789548.51991510,67564630,0.0,0.08881721645593643,14.989999771118164,0.07576265186071396,0.0,352.88116455078125,3
1770789548.55989909,67604614,0.0,0.08877640962600708,14.989999771118164,0.07567331939935684,0.0,352.88153076171875,3
1770789548.59988308,67644598,0.0,0.0888211652636528,14.989999771118164,0.07568089663982391,0.0,352.88189697265625,3
1770789548.63986707,67684582,0.0,0.08872038871049881,14.989999771118164,0.0756368413567543,0.0,352.8823547363281,3
1770789548.67985106,67724566,0.0,0.08843671530485153,14.989999771118164,0.07543670386075974,0.0,352.88275146484375,3
1770789548.71983504,67764550,0.0,0.08837687224149704,14.989999771118164,0.07532896846532822,0.0,352.883056640625,3
1770789548.75981903,67804534,0.0,0.08823629468679428,14.989999771118164,0.07527279108762741,0.0,352.8834228515625,3
1770789548.79980302,67844518,0.0,0.08827590942382812,14.989999771118164,0.07525412738323212,0.0,352.8838806152344,3
1770789548.83978701,67884502,0.0,0.08816201239824295,14.989999771118164,0.07494290918111801,0.0,352.8841247558594,3
1770789548.87977099,67924486,0.0,0.0878722295165062,14.989999771118164,0.07422785460948944,0.0,352.884521484375,3
1770789548.91975498,67964470,0.0,0.08770232647657394,14.989999771118164,0.07362610101699829,0.0,352.88494873046875,3
1770789548.95973897,68004454,0.0,0.08759923279285431,14.989999771118164,0.07302176207304001,0.0,352.8852844238281,3
1770789548.99972296,68044438,0.0,0.08757184445858002,14.989999771118164,0.0725301206111908,0.0,352.88568115234375,3
1770789549.03970718,68084422,0.0,0.08757709711790085,14.989999771118164,0.07122451812028885,0.0,352.8858947753906,3
1770789549.07969117,68124406,0.0,0.08742772042751312,14.989999771118164,0.0690900906920433,0.0,352.8861083984375,3
1770789549.11967516,68164390,0.0,0.08740061521530151,14.989999771118164,0.06715082377195358,0.0,352.88623046875,3
1770789549.15965915,68204374,0.0,0.08735442906618118,14.989999771118164,0.06532565504312515,0.0,352.886474609375,3
1770789549.19964314,68244358,0.0,0.08750444650650024,14.989999771118164,0.06368057429790497,0.0,352.8866271972656,3
1770789549.23962712,68284342,0.0,0.08739520609378815,14.989999771118164,0.06085801497101784,0.0,352.88641357421875,3
1770789549.27961111,68324326,0.0,0.08721517771482468,14.989999771118164,0.05696398764848709,0.0,352.8858337402344,3
1770789549.31959510,68364310,0.0,0.08704952895641327,14.989999771118164,0.05349636822938919,0.0,352.8852844238281,3
1770789549.36041212,68405127,0.0,0.08700747787952423,14.989999771118164,0.050243690609931946,0.0,352.8846740722656,3
1770789549.40039611,68445111,0.0,0.08710309118032455,14.989999771118164,0.047253407537937164,0.0,352.8841857910156,3
1770789549.44038010,68485095,0.0,0.08683782070875168,14.989999771118164,0.03886846825480461,0.0,352.8821105957031,3
1770789549.48036408,68525079,0.0,0.08666077256202698,14.989999771118164,0.03115656226873398,0.0,352.88018798828125,3
1770789549.52034807,68565063,0.0,0.08660324662923813,14.989999771118164,0.023879388347268105,0.0,352.87847900390625,3
1770789549.56033206,68605047,0.0,0.08658421784639359,14.989999771118164,0.016910593956708908,0.0,352.87689208984375,3
1770789549.60031605,68645031,0.0,0.08667930960655212,14.989999771118164,0.010633804835379124,0.0,352.875244140625,3
1770789549.64030004,68685015,0.0,0.08658050745725632,14.989999771118164,-0.0013598917284980416,0.0,352.8717041015625,3
1770789549.68028402,68724999,0.0,0.08666948974132538,14.989999771118164,-0.012099457904696465,0.0,352.8684387207031,3
1770789549.72026801,68764983,0.0,0.08675907552242279,14.989999771118164,-0.02156389132142067,0.0,352.86541748046875,3
1770789549.76025200,68804967,0.0,0.08685889840126038,14.989999771118164,-0.02951192855834961,0.0,352.8628234863281,3
1770789549.80023599,68844951,0.03999999910593033,0.08714256435632706,14.989999771118164,-0.03587111830711365,0.0,352.8605651855469,3
1770789549.84021997,68884935,0.03999999910593033,0.08723531663417816,14.989999771118164,-0.04747417941689491,0.0,352.8564147949219,3
1770789549.88020396,68924919,0.03999999910593033,0.08735256642103195,14.989999771118164,-0.05735921859741211,0.0,352.8529968261719,3
1770789549.92018819,68964903,0.04999999701976776,0.0876028910279274,14.989999771118164,-0.06556480377912521,0.0,352.8498840332031,3
1770789549.96017218,69004887,0.04999999701976776,0.08793133497238159,14.989999771118164,-0.07221991568803787,0.0,352.84747314453125,3
1770789550.00015616,69044871,0.05999999865889549,0.08812074363231659,14.989999771118164,-0.07691975682973862,0.0,352.84539794921875,3
1770789550.04014015,69084855,0.05999999865889549,0.08836537599563599,14.989999771118164,-0.0856868252158165,0.0,352.84271240234375,3
1770789550.08012414,69124839,0.05999999865889549,0.08869031816720963,14.989999771118164,-0.09266216307878494,0.0,352.8402404785156,3
1770789550.12010813,69164823,0.07000000029802322,0.08912304043769836,15.0,-0.09766267240047455,0.0,352.838623046875,3
1770789550.16009212,69204807,0.07000000029802322,0.08956971019506454,15.0,-0.10107727348804474,0.0,352.8375244140625,3
1770789550.20007610,69244791,0.07999999821186066,0.09010916203260422,15.0,-0.10273504257202148,0.0,352.836669921875,3
1770789550.24006009,69284775,0.07999999821186066,0.09062043577432632,15.0,-0.10257584601640701,0.0,352.8362121582031,3
1770789550.28004408,69324759,0.07999999821186066,0.09110300242900848,15.0,-0.10064279288053513,0.0,352.836181640625,3
1770789550.32002807,69364743,0.08999999612569809,0.0916234701871872,15.0,-0.09713483601808548,0.0,352.8360595703125,3
1770789550.36001205,69404727,0.08999999612569809,0.09214936941862106,15.0,-0.09197597950696945,0.0,352.8363952636719,3
1770789550.39999604,69444711,0.08999999612569809,0.09265823662281036,15.0,-0.08508829027414322,0.0,352.8367919921875,3
1770789550.43998003,69484695,0.08999999612569809,0.0932483896613121,15.0,-0.07674738019704819,0.0,352.8376159667969,3
1770789550.47996402,69524679,0.08999999612569809,0.0937187671661377,15.0,-0.06705861538648605,0.0,352.8387145996094,3
1770789550.51994801,69564663,0.09999999403953552,0.09420374780893326,15.0,-0.05652114748954773,0.0,352.83990478515625,3
1770789550.55993199,69604647,0.09999999403953552,0.09468952566385269,15.0,-0.04462685436010361,0.0,352.84112548828125,3
1770789550.59991598,69644631,0.09999999403953552,0.09518654644489288,15.0,-0.03203004226088524,0.0,352.8422546386719,3
1770789550.63989997,69684615,0.09999999403953552,0.09577825665473938,15.0,-0.01808367483317852,0.0,352.8439025878906,3
1770789550.67988396,69724599,0.09999999403953552,0.09637238830327988,15.0,-0.002980239223688841,0.0,352.8460693359375,3
1770789550.71986818,69764583,0.09999999403953552,0.0969347432255745,15.0,0.012899558991193771,0.0,352.8479919433594,3
1770789550.75985217,69804567,0.09999999403953552,0.0975198820233345,15.0,0.029315367341041565,0.0,352.8498840332031,3
1770789550.79983616,69844551,0.09999999403953552,0.09804859012365341,15.0,0.04644672945141792,0.0,352.8517150878906,3
1770789550.83982015,69884535,0.09999999403953552,0.09853562712669373,15.0,0.06436938047409058,0.0,352.85394287109375,3
1770789550.87980413,69924519,0.09999999403953552,0.0990387573838234,15.0,0.0831514373421669,0.0,352.8564147949219,3
1770789550.91978812,69964503,0.09999999403953552,0.0996113196015358,15.0,0.10253562778234482,0.0,352.8584899902344,3
1770789550.95977211,70004487,0.09999999403953552,0.10020100325345993,15.0,0.12273392826318741,0.0,352.8605041503906,3
1770789550.99975610,70044471,0.09999999403953552,0.10080837458372116,15.0,0.14380374550819397,0.0,352.8623352050781,3
1770789551.03974009,70084455,0.09999999403953552,0.10140932351350784,15.0,0.16596068441867828,0.0,352.8642883300781,3
1770789551.07972407,70124439,0.09999999403953552,0.10212871432304382,15.0,0.1896713823080063,0.0,352.8661193847656,3
1770789551.11970806,70164423,0.09999999403953552,0.10470430552959442,15.0,0.3800811767578125,0.0,352.8623352050781,3
1770789551.15969205,70204407,0.09999999403953552,0.10118456929922104,15.0,1.5448485612869263,0.0,352.8499755859375,3
1770789551.19967604,70244391,0.14000000059604645,0.1173962950706482,14.989999771118164,3.602994918823242,0.0,352.80517578125,3
1770789551.23966002,70284375,0.14000000059604645,0.09327978640794754,14.989999771118164,6.292600154876709,0.0,352.7684631347656,3
1770789551.27964401,70324359,0.14000000059604645,0.05413580685853958,14.989999771118164,9.315532684326172,0.0,352.7746887207031,3
1770789551.31962800,70364343,0.20999999344348907,0.03110201470553875,14.989999771118164,12.364520072937012,0.0,352.77099609375,3
1770789551.35961199,70404327,0.2199999988079071,0.031875476241111755,14.989999771118164,15.209848403930664,0.0,352.7860412597656,3
1770789551.39959598,70444311,0.19999998807907104,0.031145937740802765,14.989999771118164,17.71634292602539,0.0,352.7977294921875,3
1770789551.44041300,70485128,0.19999998807907104,0.04155123978853226,14.989999771118164,19.728166580200195,0.0,352.789794921875,3
1770789551.48039699,70525112,0.19999998807907104,0.06489859521389008,14.989999771118164,21.239591598510742,0.0,352.7935485839844,3
1770789551.52038097,70565096,0.19999998807907104,0.07590252161026001,14.989999771118164,22.173805236816406,0.0,352.76654052734375,3
1770789551.56036496,70605080,0.19999998807907104,0.10297279059886932,14.989999771118164,22.6212215423584,0.0,352.7814636230469,3
1770789551.60034919,70645064,0.17999999225139618,0.14422455430030823,14.989999771118164,22.58055877685547,0.0,352.8450927734375,3
1770789551.64033318,70685048,0.17999999225139618,0.177537202835083,15.0,22.085535049438477,0.0,352.8602294921875,3
1770789551.68031716,70725032,0.17000000178813934,0.1644895225763321,15.0,21.192134857177734,0.0,352.8257141113281,3
1770789551.72030115,70765016,0.1599999964237213,0.12968355417251587,14.989999771118164,20.03876304626465,0.0,352.7746276855469,3
1770789551.76028514,70805000,0.1599999964237213,0.1077604740858078,14.989999771118164,18.773582458496094,0.0,352.7315673828125,3
1770789551.80026913,70844984,0.3100000023841858,0.1175149604678154,14.989999771118164,17.45853614807129,0.0,352.7117004394531,3
1770789551.84025311,70884968,0.29999998211860657,0.17308135330677032,14.989999771118164,16.125024795532227,0.0,352.7008056640625,3
1770789551.88023710,70924952,0.29999998211860657,0.242364764213562,14.989999771118164,14.846952438354492,0.0,352.70458984375,3
1770789551.92022109,70964936,0.32999998331069946,0.2829704284667969,14.989999771118164,13.728226661682129,0.0,352.6895446777344,3
1770789551.96020508,71004920,0.32999998331069946,0.30702102184295654,14.989999771118164,12.784638404846191,0.0,352.65997314453125,3
1770789552.00018907,71044904,0.429999977350235,0.32053786516189575,14.989999771118164,12.033675193786621,0.0,352.62054443359375,3
1770789552.04017305,71084888,0.429999977350235,0.3035472333431244,14.989999771118164,11.46023178100586,0.0,352.59173583984375,3
1770789552.08015704,71124872,0.429999977350235,0.2636376917362213,14.989999771118164,11.154948234558105,0.0,352.60150146484375,3
1770789552.12014103,71164856,0.47999998927116394,0.21198789775371552,14.989999771118164,11.072685241699219,0.0,352.6133117675781,3
1770789552.16012502,71204840,0.47999998927116394,0.24415245652198792,14.989999771118164,11.163641929626465,0.0,352.6396789550781,3
1770789552.20010900,71244824,0.429999977350235,0.3301316797733307,14.989999771118164,11.399293899536133,0.0,352.6746520996094,3
1770789552.24009299,71284808,0.429999977350235,0.42083045840263367,15.0,11.791985511779785,0.0,352.69805908203125,3
1770789552.28007698,71324792,0.429999977350235,0.44883081316947937,15.0,12.318249702453613,0.0,352.6600341796875,3
1770789552.32006097,71364776,0.41999998688697815,0.4357137978076935,15.0,12.881172180175781,0.0,352.6370544433594,3
1770789552.36004496,71404760,0.41999998688697815,0.4095216989517212,14.989999771118164,13.483624458312988,0.0,352.6072692871094,3
1770789552.40002918,71444744,0.5199999809265137,0.4096011221408844,14.989999771118164,14.094427108764648,0.0,352.59637451171875,3
1770789552.44001317,71484728,0.5199999809265137,0.3920873999595642,14.989999771118164,14.647785186767578,0.0,352.6059875488281,3
1770789552.47999716,71524712,0.5199999809265137,0.3810177445411682,14.989999771118164,15.157122611999512,0.0,352.6390075683594,3
1770789552.51998115,71564696,0.47999998927116394,0.4413166642189026,14.989999771118164,15.631649017333984,0.0,352.7037048339844,3
1770789552.55996513,71604680,0.47999998927116394,0.5223545432090759,14.989999771118164,16.027423858642578,0.0,352.7491760253906,3
1770789552.59994912,71644664,0.3100000023841858,0.5722940564155579,14.989999771118164,16.313016891479492,0.0,352.7574462890625,3
1770789552.63993311,71684648,0.3100000023841858,0.5826643109321594,14.989999771118164,16.52174949645996,0.0,352.7565002441406,3
1770789552.67991710,71724632,0.3100000023841858,0.5890907049179077,14.989999771118164,16.653461456298828,0.0,352.7904357910156,3
1770789552.71990108,71764616,0.25,0.6280848979949951,14.989999771118164,16.77280616760254,0.0,352.83721923828125,3
1770789552.75988507,71804600,0.25,0.6542127132415771,14.989999771118164,16.802785873413086,0.0,352.85498046875,3
1770789552.79986906,71844584,0.17999999225139618,0.6330354809761047,14.989999771118164,16.792797088623047,0.0,352.8216552734375,3
1770789552.83985305,71884568,0.17999999225139618,0.6139537692070007,14.989999771118164,16.739593505859375,0.0,352.80731201171875,3
1770789552.87983704,71924552,0.17999999225139618,0.5619129538536072,14.989999771118164,16.607229232788086,0.0,352.8055419921875,3
1770789552.91982102,71964536,0.23999999463558197,0.46938300132751465,14.989999771118164,16.431489944458008,0.0,352.77960205078125,3
1770789552.95980501,72004520,0.23999999463558197,0.39034393429756165,14.989999771118164,16.222957611083984,0.0,352.7515563964844,3
1770789552.99978900,72044504,0.3499999940395355,0.305678129196167,14.989999771118164,15.969846725463867,0.0,352.7226257324219,3
1770789553.03977299,72084488,0.3499999940395355,0.23896566033363342,14.989999771118164,15.730271339416504,0.0,352.7213134765625,3
1770789553.07975698,72124472,0.3499999940395355,0.22345983982086182,14.989999771118164,15.544502258300781,0.0,352.7425537109375,3
1770789553.11974096,72164456,0.3400000035762787,0.21615244448184967,14.989999771118164,15.395349502563477,0.0,352.7662658691406,3
1770789553.15972519,72204440,0.3400000035762787,0.21376778185367584,14.989999771118164,15.280906677246094,0.0,352.79449462890625,3
1770789553.19970918,72244424,0.23999999463558197,0.199473038315773,14.989999771118164,15.198546409606934,0.0,352.8096923828125,3
1770789553.23969316,72284408,0.23999999463558197,0.1850658506155014,14.989999771118164,15.105504035949707,0.0,352.8212585449219,3
1770789553.27967715,72324392,0.23999999463558197,0.1997523158788681,14.989999771118164,15.049057006835938,0.0,352.8210144042969,3
1770789553.31966114,72364376,0.2199999988079071,0.21216541528701782,15.0,15.045517921447754,0.0,352.8141784667969,3
1770789553.35964513,72404360,0.2199999988079071,0.24359969794750214,14.989999771118164,15.068964004516602,0.0,352.80316162109375,3
1770789553.39962912,72444344,0.2800000011920929,0.24561160802841187,14.989999771118164,15.104192733764648,0.0,352.7549133300781,3
1770789553.43961310,72484328,0.2800000011920929,0.19831331074237823,14.989999771118164,15.157571792602539,0.0,352.71795654296875,3
1770789553.47959709,72524312,0.2800000011920929,0.13206377625465393,14.989999771118164,15.260750770568848,0.0,352.7041931152344,3
1770789553.52041411,72565129,0.4099999964237213,0.07421468943357468,14.989999771118164,15.368639945983887,0.0,352.71112060546875,3
1770789553.56039810,72605113,0.4099999964237213,0.0585050955414772,14.989999771118164,15.473734855651855,0.0,352.6961975097656,3
1770789553.60038209,72645097,0.429999977350235,0.08025315403938293,14.989999771118164,15.596474647521973,0.0,352.7010192871094,3
1770789553.64036608,72685081,0.429999977350235,0.10840712487697601,14.989999771118164,15.726140975952148,0.0,352.7059326171875,3
1770789553.68035007,72725065,0.429999977350235,0.1412011981010437,14.989999771118164,15.828033447265625,0.0,352.74462890625,3
1770789553.72033405,72765049,0.3499999940395355,0.19267018139362335,14.989999771118164,15.882987976074219,0.0,352.7708435058594,3
1770789553.76031804,72805033,0.3499999940395355,0.22363312542438507,14.989999771118164,15.935737609863281,0.0,352.77447509765625,3
1770789553.80030203,72845017,0.28999999165534973,0.2885751724243164,15.0,16.00625991821289,0.0,352.7993469238281,3
1770789553.84028602,72885001,0.28999999165534973,0.343828946352005,14.989999771118164,16.047428131103516,0.0,352.83172607421875,3
1770789553.88027000,72924985,0.28999999165534973,0.3714197278022766,14.989999771118164,16.071735382080078,0.0,352.83740234375,3
1770789553.92025399,72964969,0.20999999344348907,0.38428905606269836,14.989999771118164,16.089933395385742,0.0,352.85345458984375,3
1770789553.96023798,73004953,0.20999999344348907,0.40338677167892456,14.989999771118164,16.086681365966797,0.0,352.8456726074219,3
1770789554.00022197,73044937,0.20999999344348907,0.4543275535106659,14.989999771118164,16.064590454101562,0.0,352.83746337890625,3
1770789554.04020596,73084921,0.20999999344348907,0.5064517855644226,14.989999771118164,16.017847061157227,0.0,352.8482971191406,3
1770789554.08019018,73124905,0.20999999344348907,0.5357512831687927,14.989999771118164,15.972432136535645,0.0,352.8697814941406,3
1770789554.12017417,73164889,0.1599999964237213,0.5472313165664673,14.989999771118164,15.928089141845703,0.0,352.9166259765625,3
1770789554.16015816,73204873,0.1599999964237213,0.5471360683441162,14.989999771118164,15.893851280212402,0.0,352.9066162109375,3
1770789554.20014215,73244857,0.10999999940395355,0.5501181483268738,14.989999771118164,15.883191108703613,0.0,352.8876953125,3
1770789554.24012613,73284841,0.10999999940395355,0.5499500036239624,14.989999771118164,15.897441864013672,0.0,352.8665466308594,3
1770789554.28011012,73324825,0.10999999940395355,0.5301822423934937,14.989999771118164,15.901474952697754,0.0,352.82080078125,3
1770789554.32009411,73364809,0.22999998927116394,0.5021125674247742,14.989999771118164,15.9083890914917,0.0,352.7893371582031,3
1770789554.36007810,73404793,0.22999998927116394,0.4506174325942993,14.989999771118164,15.908201217651367,0.0,352.7652282714844,3
1770789554.40006208,73444777,0.3499999940395355,0.3976614773273468,14.989999771118164,15.947244644165039,0.0,352.7388000488281,3
1770789554.44004607,73484761,0.3499999940395355,0.30660200119018555,14.989999771118164,16.001928329467773,0.0,352.7209777832031,3
1770789554.48003006,73524745,0.3499999940395355,0.23552843928337097,14.989999771118164,16.060569763183594,0.0,352.7274169921875,3
1770789554.52001405,73564729,0.3999999761581421,0.18667398393154144,14.989999771118164,16.116806030273438,0.0,352.7730407714844,3
1770789554.55999804,73604713,0.3999999761581421,0.15672610700130463,14.989999771118164,16.148279190063477,0.0,352.80950927734375,3
1770789554.59998202,73644697,0.22999998927116394,0.1235881820321083,14.989999771118164,16.161781311035156,0.0,352.8371276855469,3
1770789554.63996601,73684681,0.22999998927116394,0.11723482608795166,14.989999771118164,16.163787841796875,0.0,352.846435546875,3
1770789554.67995000,73724665,0.22999998927116394,0.10534241795539856,14.989999771118164,16.163951873779297,0.0,352.8205871582031,3
1770789554.71993399,73764649,0.22999998927116394,0.09282748401165009,14.989999771118164,16.17867660522461,0.0,352.8025207519531,3
1770789554.75991797,73804633,0.22999998927116394,0.09101442992687225,14.989999771118164,16.184003829956055,0.0,352.8147888183594,3
1770789554.79990196,73844617,0.20999999344348907,0.11360499262809753,14.989999771118164,16.179826736450195,0.0,352.86114501953125,3
1770789554.83988619,73884601,0.20999999344348907,0.120048388838768,14.989999771118164,16.187450408935547,0.0,352.8741149902344,3
1770789554.87987018,73924585,0.20999999344348907,0.15621252357959747,14.989999771118164,16.179540634155273,0.0,352.8795471191406,3
1770789554.91985416,73964569,0.14999999105930328,0.18736571073532104,14.989999771118164,16.134811401367188,0.0,352.8751525878906,3
1770789554.95983815,74004553,0.14999999105930328,0.21632501482963562,14.989999771118164,16.091209411621094,0.0,352.8682861328125,3
1770789554.99982214,74044537,0.17999999225139618,0.24194999039173126,14.989999771118164,16.041202545166016,0.0,352.8343200683594,3
1770789555.03980613,74084521,0.17999999225139618,0.26183465123176575,14.989999771118164,16.042211532592773,0.0,352.7985534667969,3
1770789555.07979012,74124505,0.17999999225139618,0.291288822889328,14.989999771118164,16.0659236907959,0.0,352.7772521972656,3
1770789555.11977410,74164489,0.3199999928474426,0.2868601083755493,14.989999771118164,16.07317352294922,0.0,352.7454528808594,3
1770789555.15975809,74204473,0.3199999928474426,0.3139110505580902,15.0,16.073909759521484,0.0,352.7389831542969,3
1770789555.19974208,74244457,0.3400000035762787,0.37325507402420044,14.989999771118164,16.06551170349121,0.0,352.7960205078125,3
1770789555.23972607,74284441,0.3400000035762787,0.46466484665870667,14.989999771118164,16.062185287475586,0.0,352.83258056640625,3
1770789555.27971005,74324425,0.3400000035762787,0.5102107524871826,14.989999771118164,16.06644630432129,0.0,352.86370849609375,3
1770789555.31969404,74364409,0.17000000178813934,0.49715760350227356,14.989999771118164,16.064170837402344,0.0,352.9128112792969,3
1770789555.35967803,74404393,0.17000000178813934,0.45452767610549927,14.989999771118164,16.08281898498535,0.0,352.90972900390625,3
1770789555.39966202,74444377,0.07999999821186066,0.39849957823753357,14.989999771118164,16.12934684753418,0.0,352.9209289550781,3
1770789555.43964601,74484361,0.07999999821186066,0.3318631947040558,14.989999771118164,16.147680282592773,0.0,352.9057312011719,3
1770789555.47962999,74524345,0.07999999821186066,0.2726765275001526,14.989999771118164,16.144895553588867,0.0,352.88983154296875,3
1770789555.51961398,74564329,0.12999999523162842,0.2064402550458908,14.989999771118164,16.145689010620117,0.0,352.8712158203125,3
1770789555.55959797,74604313,0.12999999523162842,0.16910269856452942,14.989999771118164,16.123939514160156,0.0,352.86614990234375,3
1770789555.60041499,74645130,0.17999999225139618,0.16417330503463745,14.989999771118164,16.10321044921875,0.0,352.8460388183594,3
1770789555.64039898,74685114,0.17999999225139618,0.17067281901836395,15.0,16.065574645996094,0.0,352.8672790527344,3
1770789555.68038297,74725098,0.17999999225139618,0.2329515963792801,14.989999771118164,16.015615463256836,0.0,352.9121398925781,3
1770789555.72036695,74765082,0.07999999821186066,0.2851388454437256,14.989999771118164,15.969247817993164,0.0,352.9634704589844,3
1770789555.76035118,74805066,0.07999999821186066,0.3182646930217743,14.989999771118164,15.947318077087402,0.0,352.992919921875,3
1770789555.80033517,74845050,-0.029999999329447746,0.321304053068161,14.989999771118164,15.913607597351074,0.0,352.9756774902344,3
1770789555.84031916,74885034,-0.029999999329447746,0.32694223523139954,14.989999771118164,15.907441139221191,0.0,352.9665222167969,3
1770789555.88030314,74925018,-0.029999999329447746,0.3288881182670593,14.989999771118164,15.952037811279297,0.0,352.9853515625,3
1770789555.92028713,74965002,-0.029999999329447746,0.33510473370552063,14.989999771118164,16.0106143951416,0.0,352.992919921875,3
1770789555.96027112,75004986,-0.029999999329447746,0.3340645730495453,14.989999771118164,16.095848083496094,0.0,352.99151611328125,3
1770789556.00025511,75044970,-0.029999999329447746,0.2925540804862976,14.989999771118164,16.134296417236328,0.0,352.9847412109375,3
1770789556.04023910,75084954,-0.029999999329447746,0.23911364376544952,14.989999771118164,16.185596466064453,0.0,352.96966552734375,3
1770789556.08022308,75124938,-0.029999999329447746,0.21086899936199188,14.989999771118164,16.215368270874023,0.0,352.9586181640625,3
1770789556.12020707,75164922,0.009999999776482582,0.18952548503875732,14.420000076293945,16.248985290527344,0.0,352.9850769042969,3
1770789556.16019106,75204906,0.009999999776482582,0.11497703939676285,14.420000076293945,16.271743774414062,0.0,353.0259704589844,3
1770789556.20017505,75244890,-0.12999999523162842,0.0730634331703186,13.949999809265137,16.214080810546875,0.0,353.068359375,3
1770789556.24015903,75284874,-0.12999999523162842,0.027602197602391243,13.949999809265137,16.138870239257812,0.0,353.1017150878906,3
1770789556.28014302,75324858,-0.12999999523162842,-0.006468001287430525,13.949999809265137,16.03958511352539,0.0,353.1370849609375,3
1770789556.32012701,75364842,-0.28999999165534973,0.004421936348080635,13.59999942779541,15.922306060791016,0.0,353.1429138183594,3
1770789556.36011100,75404826,-0.28999999165534973,0.0051624770276248455,13.59999942779541,15.802003860473633,0.0,353.1319885253906,3
1770789556.40009499,75444810,-0.23999999463558197,-0.031065955758094788,13.119999885559082,15.680474281311035,0.0,353.0914306640625,3
1770789556.44007897,75484794,-0.23999999463558197,-0.07609282433986664,13.119999885559082,15.498509407043457,0.0,353.077880859375,3
1770789556.48006296,75524778,-0.23999999463558197,-0.12489273399114609,13.119999885559082,15.310379028320312,0.0,353.049560546875,3
1770789556.52004719,75564762,-0.12999999523162842,-0.19028793275356293,12.899999618530273,15.109068870544434,0.0,353.0367126464844,3
1770789556.56003118,75604746,-0.12999999523162842,-0.2810972332954407,12.899999618530273,14.890718460083008,0.0,353.0076904296875,3
1770789556.60001516,75644730,-0.04999999701976776,-0.34736353158950806,12.50999927520752,14.684123992919922,0.0,353.0008544921875,3
1770789556.63999915,75684714,-0.04999999701976776,-0.38500070571899414,12.50999927520752,14.47175121307373,0.0,353.0279235839844,3
1770789556.67998314,75724698,-0.04999999701976776,-0.3997146189212799,12.50999927520752,14.296150207519531,0.0,353.06341552734375,3
1770789556.71996713,75764682,-0.17000000178813934,-0.4207954704761505,12.25,14.118755340576172,0.0,353.066162109375,3
1770789556.75995111,75804666,-0.17000000178813934,-0.42136383056640625,12.25,13.9579439163208,0.0,353.0780029296875,3
1770789556.79993510,75844650,-0.2199999988079071,-0.4054141938686371,11.889999389648438,13.823440551757812,0.0,353.10430908203125,3
1770789556.83991909,75884634,-0.2199999988079071,-0.3719715178012848,11.889999389648438,13.657654762268066,0.0,353.1086120605469,3
1770789556.87990308,75924618,-0.2199999988079071,-0.30968940258026123,11.889999389648438,13.486982345581055,0.0,353.1283264160156,3
1770789556.91988707,75964602,-0.26999998092651367,-0.2643112242221832,10.489999771118164,13.327285766601562,0.0,353.1571350097656,3
1770789556.95987105,76004586,-0.26999998092651367,-0.22511690855026245,10.489999771118164,13.153461456298828,0.0,353.1501770019531,3
1770789556.99985504,76044570,18.619998931884766,-0.19810190796852112,9.09000015258789,12.985515594482422,0.0,353.0997619628906,3
1770789557.03983903,76084554,18.600000381469727,-0.13763323426246643,9.09000015258789,12.788782119750977,0.0,353.0706787109375,3
1770789557.07982302,76124538,18.579999923706055,0.20023372769355774,9.09000015258789,12.521886825561523,0.0,353.1142883300781,3
1770789557.11980700,76164522,18.779998779296875,1.0267431735992432,7.679999828338623,12.235553741455078,0.0,353.2540283203125,3
1770789557.15979099,76204506,18.760000228881836,2.3540446758270264,7.679999828338623,11.892431259155273,0.0,353.48345947265625,3
1770789557.19977498,76244490,18.920000076293945,4.1418070793151855,6.279999732971191,11.488960266113281,0.0,353.72198486328125,3
1770789557.23975897,76284474,18.899999618530273,6.266367435455322,6.279999732971191,11.050889015197754,0.0,353.9248352050781,3
1770789557.27974296,76324458,18.869998931884766,8.568290710449219,6.279999732971191,10.55227279663086,0.0,354.0625915527344,3
1770789557.31972718,76364442,18.549999237060547,10.92953872680664,4.880000114440918,10.03209114074707,0.0,354.0958251953125,3
1770789557.35971117,76404426,18.520000457763672,13.21430778503418,4.880000114440918,9.482211112976074,0.0,354.01239013671875,3
1770789557.39969516,76444410,17.85999870300293,15.301566123962402,5.190000057220459,8.895537376403809,0.0,353.791259765625,3
1770789557.43967915,76484394,17.829999923706055,17.134979248046875,5.190000057220459,8.2901029586792,0.0,353.51031494140625,3
1770789557.47966313,76524378,17.809999465942383,18.66937255859375,5.190000057220459,7.707850933074951,0.0,353.2547607421875,3
1770789557.51964712,76564362,17.329999923706055,19.867704391479492,5.659999847412109,7.170334815979004,0.0,352.9963684082031,3
1770789557.55963111,76604346,17.31999969482422,20.720876693725586,5.659999847412109,6.7259521484375,0.0,352.7743835449219,3
1770789557.59961510,76644330,17.020000457763672,21.266904830932617,6.039999961853027,6.3694281578063965,0.0,352.5928039550781,3
1770789557.63959908,76684314,17.010000228881836,21.516027450561523,6.039999961853027,6.097575664520264,0.0,352.47119140625,3
1770789557.68041611,76725131,17.010000228881836,21.512020111083984,6.039999961853027,5.907814025878906,0.0,352.43328857421875,3
1770789557.72040009,76765115,16.649999618530273,21.280179977416992,5.929999828338623,5.7947773933410645,0.0,352.4649658203125,3
1770789557.76038408,76805099,16.649999618530273,20.88309097290039,5.929999828338623,5.756031036376953,0.0,352.5554504394531,3
1770789557.80036807,76845083,16.079999923706055,20.39151382446289,4.819999694824219,5.772947788238525,0.0,352.71221923828125,3
1770789557.84035206,76885067,16.079999923706055,19.810285568237305,4.819999694824219,5.855626106262207,0.0,352.9412536621094,3
1770789557.88033605,76925051,16.09000015258789,19.180957794189453,4.819999694824219,5.99636173248291,0.0,353.1865234375,3
1770789557.92032003,76965035,15.299999237060547,18.521440505981445,3.419999837875366,6.125936985015869,0.0,353.44677734375,3
1770789557.96030402,77005019,15.299999237060547,17.88910484313965,3.419999837875366,6.226459980010986,0.0,353.71258544921875,3
1770789558.00028801,77045003,14.429999351501465,17.297958374023438,2.0199999809265137,6.3020100593566895,0.0,353.9651184082031,3
1770789558.04027200,77084987,14.429999351501465,16.717361450195312,2.0199999809265137,6.313509464263916,0.0,354.1951599121094,3
1770789558.08025599,77124971,14.429999351501465,16.167383193969727,2.0199999809265137,6.2280473709106445,0.0,354.388427734375,3
1770789558.12023997,77164955,13.699999809265137,15.661537170410156,0.6100000143051147,6.063400745391846,0.0,354.5576477050781,3
1770789558.16022396,77204939,13.6899995803833,15.173544883728027,0.6100000143051147,5.808309078216553,0.0,354.691650390625,3
1770789558.20020819,77244923,13.25,14.711620330810547,-0.7699999809265137,5.4243597984313965,0.0,354.77947998046875,3
1770789558.24019217,77284907,13.239999771118164,14.290660858154297,-0.7699999809265137,4.950420379638672,0.0,354.8401794433594,3
1770789558.28017616,77324891,13.229999542236328,13.898063659667969,-0.7699999809265137,4.388803005218506,0.0,354.8824768066406,3
1770789558.32016015,77364875,13.149999618530273,13.57155704498291,-0.8999999761581421,3.770001173019409,0.0,354.919189453125,3
1770789558.36014414,77404859,13.139999389648438,13.292976379394531,-0.8999999761581421,3.0971198081970215,0.0,354.9451904296875,3
1770789558.40012813,77444843,13.239999771118164,13.054707527160645,-0.7899999618530273,2.4078269004821777,0.0,354.9463806152344,3
1770789558.44011211,77484827,13.229999542236328,12.84830379486084,-0.7899999618530273,1.7179516553878784,0.0,354.9413757324219,3
1770789558.48009610,77524811,13.229999542236328,12.697964668273926,-0.7899999618530273,1.0591697692871094,0.0,354.9577331542969,3
1770789558.52008009,77564795,13.399999618530273,12.595405578613281,-0.44999998807907104,0.4772854149341583,0.0,354.981201171875,3
1770789558.56006408,77604779,13.399999618530273,12.5359468460083,-0.44999998807907104,-0.026419369503855705,0.0,355.0113830566406,3
1770789558.60004807,77644763,13.449999809265137,12.51089096069336,-0.6100000143051147,-0.4353610873222351,0.0,355.0755615234375,3
1770789558.64003205,77684747,13.449999809265137,12.511402130126953,-0.6100000143051147,-0.7559548616409302,0.0,355.1670227050781,3
1770789558.68001604,77724731,13.449999809265137,12.54603099822998,-0.6100000143051147,-0.9716207981109619,0.0,355.26849365234375,3
1770789558.72000003,77764715,13.269999504089355,12.616349220275879,-1.209999918937683,-1.130919337272644,0.0,355.3933410644531,3
1770789558.75998402,77804699,13.269999504089355,12.689325332641602,-1.209999918937683,-1.2163140773773193,0.0,355.52801513671875,3
1770789558.79996800,77844683,12.819999694824219,12.771309852600098,-2.2200000286102295,-1.240960955619812,0.0,355.6564636230469,3
1770789558.83995199,77884667,12.819999694824219,12.848204612731934,-2.2200000286102295,-1.2288050651550293,0.0,355.8110656738281,3
1770789558.87993598,77924651,12.819999694824219,12.915181159973145,-2.2200000286102295,-1.18415105342865,0.0,355.9316101074219,3
1770789558.91991997,77964635,12.199999809265137,12.957319259643555,-3.359999895095825,-1.128180980682373,0.0,356.0430603027344,3
1770789558.95990396,78004619,12.199999809265137,12.987774848937988,-3.359999895095825,-1.103760004043579,0.0,356.16168212890625,3
1770789558.99988818,78044603,11.519999504089355,13.006033897399902,-4.579999923706055,-1.112290382385254,0.0,356.2792053222656,3
1770789559.03987217,78084587,11.519999504089355,12.96751594543457,-4.579999923706055,-1.1676465272903442,0.0,356.3653259277344,3
1770789559.07985616,78124571,11.519999504089355,12.90475082397461,-4.579999923706055,-1.2561719417572021,0.0,356.4467468261719,3
1770789559.11984015,78164555,10.920000076293945,12.7866792678833,-5.509999752044678,-1.4162505865097046,0.0,356.4998779296875,3
1770789559.15982413,78204539,10.920000076293945,12.628758430480957,-5.509999752044678,-1.657206654548645,0.0,356.5510559082031,3
1770789559.19980812,78244523,10.489999771118164,12.429828643798828,-6.179999828338623,-1.976297378540039,0.0,356.6105651855469,3
1770789559.23979211,78284507,10.489999771118164,12.199996948242188,-6.179999828338623,-2.3483922481536865,0.0,356.6684265136719,3
1770789559.27977610,78324491,10.5,11.964386940002441,-6.179999828338623,-2.7521798610687256,0.0,356.7256774902344,3
1770789559.31976008,78364475,10.25,11.74040412902832,-6.359999656677246,-3.200834035873413,0.0,356.7618713378906,3
1770789559.35974407,78404459,10.25,11.51203727722168,-6.359999656677246,-3.6770589351654053,0.0,356.8141784667969,3
1770789559.39972806,78444443,10.109999656677246,11.260041236877441,-6.389999866485596,-4.162837505340576,0.0,356.8475036621094,3
1770789559.43971205,78484427,10.119999885559082,11.012575149536133,-6.389999866485596,-4.642855644226074,0.0,356.8924560546875,3
1770789559.47969604,78524411,10.119999885559082,10.77854061126709,-6.389999866485596,-5.102113246917725,0.0,356.9478759765625,3
1770789559.51968002,78564395,10.019999504089355,10.552774429321289,-6.399999618530273,-5.513330459594727,0.0,357.016845703125,3
1770789559.55966401,78604379,10.029999732971191,10.350831985473633,-6.399999618530273,-5.871117115020752,0.0,357.08123779296875,3
1770789559.59964800,78644363,9.880000114440918,10.187196731567383,-6.619999885559082,-6.184548377990723,0.0,357.17352294921875,3
1770789559.63963199,78684347,9.889999389648438,10.064976692199707,-6.619999885559082,-6.453307628631592,0.0,357.26275634765625,3
1770789559.67961597,78724331,9.889999389648438,9.938871383666992,-6.619999885559082,-6.6439971923828125,0.0,357.36419677734375,3
1770789559.71959996,78764315,9.630000114440918,9.833654403686523,-7.089999675750732,-6.773885250091553,0.0,357.47601318359375,3
1770789559.76041698,78805132,9.630000114440918,9.72537612915039,-7.089999675750732,-6.869546413421631,0.0,357.6028137207031,3
1770789559.80040097,78845116,9.25,9.637399673461914,-7.889999866485596,-6.92841100692749,0.0,357.726806640625,3
1770789559.84038496,78885100,9.25,9.568531036376953,-7.889999866485596,-6.95940637588501,0.0,357.8387145996094,3
1770789559.88036919,78925084,9.25,9.512933731079102,-7.889999866485596,-6.971524715423584,0.0,357.93365478515625,3
1770789559.92035317,78965068,8.789999961853027,9.452506065368652,-8.75,-6.996554374694824,0.0,358.02069091796875,3
1770789559.96033716,79005052,8.789999961853027,9.384319305419922,-8.75,-7.04409122467041,0.0,358.0872497558594,3
1770789560.00032115,79045036,8.34000015258789,9.312562942504883,-9.630000114440918,-7.1212921142578125,0.0,358.1589050292969,3
1770789560.04030514,79085020,8.34000015258789,9.23509407043457,-9.630000114440918,-7.231250762939453,0.0,358.2305603027344,3
1770789560.08028913,79125004,8.34000015258789,9.154271125793457,-9.630000114440918,-7.380237579345703,0.0,358.31195068359375,3
1770789560.12027311,79164988,7.929999828338623,9.063482284545898,-10.25,-7.581668376922607,0.0,358.38848876953125,3
1770789560.16025710,79204972,7.940000057220459,8.966263771057129,-10.25,-7.824650764465332,0.0,358.448974609375,3
1770789560.20024109,79244956,7.599999904632568,8.837650299072266,-10.679999351501465,-8.101375579833984,0.0,358.49725341796875,3
1770789560.24022508,79284940,7.609999656677246,8.693441390991211,-10.679999351501465,-8.408146858215332,0.0,358.53619384765625,3
1770789560.28020906,79324924,7.609999656677246,8.53240966796875,-10.679999351501465,-8.72912883758545,0.0,358.57293701171875,3
1770789560.32019305,79364908,7.339999675750732,8.368170738220215,-10.90999984741211,-9.067872047424316,0.0,358.60858154296875,3
1770789560.36017704,79404892,7.349999904632568,8.205403327941895,-10.90999984741211,-9.426875114440918,0.0,358.6485595703125,3
1770789560.40016103,79444876,7.139999866485596,8.028477668762207,-11.029999732971191,-9.78433609008789,0.0,358.6997375488281,3
1770789560.44014502,79484860,7.149999618530273,7.846314430236816,-11.029999732971191,-10.12338924407959,0.0,358.7621765136719,3
1770789560.48012900,79524844,7.159999847412109,7.674108028411865,-11.029999732971191,-10.430743217468262,0.0,358.8230285644531,3
1770789560.52011299,79564828,6.960000038146973,7.516197681427002,-11.15999984741211,-10.70358943939209,0.0,358.8796691894531,3
1770789560.56009698,79604812,6.960000038146973,7.384397983551025,-11.15999984741211,-10.949124336242676,0.0,358.9362487792969,3
1770789560.60008097,79644796,6.739999771118164,7.2572102546691895,-11.359999656677246,-11.159921646118164,0.0,359.00048828125,3
1770789560.64006495,79684780,6.75,7.133468151092529,-11.359999656677246,-11.338122367858887,0.0,359.0723571777344,3
1770789560.68004918,79724764,6.75,7.012754440307617,-11.359999656677246,-11.491543769836426,0.0,359.1573486328125,3
1770789560.72003317,79764748,6.5,6.893135070800781,-11.50999927520752,-11.613924980163574,0.0,359.25,3
1770789560.76001716,79804732,6.5,6.775722503662109,-11.50999927520752,-11.71202278137207,0.0,359.34161376953125,3
1770789560.80000114,79844716,6.21999979019165,6.666046619415283,-11.529999732971191,-11.789594650268555,0.0,359.4273986816406,3
1770789560.83998513,79884700,6.230000019073486,6.56589412689209,-11.529999732971191,-11.852842330932617,0.0,359.5257568359375,3
1770789560.87996912,79924684,6.230000019073486,6.4889984130859375,-11.529999732971191,-11.899658203125,0.0,359.6223449707031,3
1770789560.91995311,79964668,5.929999828338623,6.424059867858887,-11.420000076293945,-11.937836647033691,0.0,359.71612548828125,3
1770789560.95993710,80004652,5.929999828338623,6.355030059814453,-11.420000076293945,-11.955437660217285,0.0,359.7983703613281,3
1770789560.99992108,80044636,5.62999963760376,6.2780232429504395,-11.279999732971191,-11.965116500854492,0.0,359.87078857421875,3
1770789561.03990507,80084620,5.62999963760376,6.194162368774414,-11.279999732971191,-11.958328247070312,0.0,359.9414367675781,3
1770789561.07988906,80124604,5.62999963760376,6.116459369659424,-11.279999732971191,-11.933589935302734,0.0,0.016047509387135506,3
1770789561.11987305,80164588,5.329999923706055,6.0359368324279785,-11.039999961853027,-11.90550708770752,0.0,0.09612254053354263,3
1770789561.15985703,80204572,5.329999923706055,5.955309867858887,-11.039999961853027,-11.853128433227539,0.0,0.1829327791929245,3
1770789561.19984102,80244556,5.029999732971191,5.871813774108887,-10.84000015258789,-11.790547370910645,0.0,0.2576753795146942,3
1770789561.23982501,80284540,5.029999732971191,5.780196189880371,-10.84000015258789,-11.728446960449219,0.0,0.33537670969963074,3
1770789561.27980900,80324524,5.029999732971191,5.671266078948975,-10.84000015258789,-11.657103538513184,0.0,0.4141697585582733,3
1770789561.31979299,80364508,4.75,5.54841423034668,-10.619999885559082,-11.584830284118652,0.0,0.5159276723861694,3
1770789561.35977697,80404492,4.75,5.4343366622924805,-10.619999885559082,-11.524473190307617,0.0,0.6150031089782715,3
1770789561.39976096,80444476,4.46999979019165,5.317424297332764,-10.40999984741211,-11.461143493652344,0.0,0.7023862600326538,3
1770789561.43974519,80484460,4.46999979019165,5.193242073059082,-10.40999984741211,-11.387529373168945,0.0,0.7899965047836304,3
1770789561.47972918,80524444,4.460000038146973,5.069878578186035,-10.40999984741211,-11.304442405700684,0.0,0.8659704327583313,3
1770789561.51971316,80564428,4.190000057220459,4.947943687438965,-10.119999885559082,-11.20216178894043,0.0,0.9349336624145508,3
1770789561.55969715,80604412,4.190000057220459,4.831417083740234,-10.119999885559082,-11.110671997070312,0.0,0.9950083494186401,3
1770789561.59968114,80644396,3.93999981880188,4.717939376831055,-9.789999961853027,-11.014481544494629,0.0,1.05669105052948,3
1770789561.63966513,80684380,3.93999981880188,4.59330415725708,-9.789999961853027,-10.899309158325195,0.0,1.1261824369430542,3
1770789561.67964911,80724364,3.93999981880188,4.4560017585754395,-9.789999961853027,-10.775343894958496,0.0,1.2078012228012085,3
1770789561.71963310,80764348,3.7099997997283936,4.337746620178223,-9.529999732971191,-10.657444953918457,0.0,1.293778896331787,3
1770789561.75961709,80804332,3.7099997997283936,4.217283248901367,-9.529999732971191,-10.53022289276123,0.0,1.3764574527740479,3
1770789561.79960108,80844316,3.490000009536743,4.093623161315918,-9.34000015258789,-10.402542114257812,0.0,1.4620064496994019,3
1770789561.84041810,80885133,3.4800000190734863,3.9719507694244385,-9.34000015258789,-10.291417121887207,0.0,1.541905403137207,3
1770789561.88040209,80925117,3.4800000190734863,3.855379104614258,-9.34000015258789,-10.188217163085938,0.0,1.6089497804641724,3
1770789561.92038608,80965101,3.2699999809265137,3.7549095153808594,-9.069999694824219,-10.087743759155273,0.0,1.670770287513733,3
1770789561.96037006,81005085,3.2699999809265137,3.670290231704712,-9.069999694824219,-10.003076553344727,0.0,1.7221906185150146,3
1770789562.00035405,81045069,3.0799999237060547,3.5808682441711426,-8.6899995803833,-9.9157133102417,0.0,1.7768099308013916,3
1770789562.04033804,81085053,3.0799999237060547,3.5026583671569824,-8.6899995803833,-9.82265567779541,0.0,1.8176419734954834,3
1770789562.08032203,81125037,3.069999933242798,3.4316823482513428,-8.6899995803833,-9.71047306060791,0.0,1.8562320470809937,3
1770789562.12030602,81165021,2.9099998474121094,3.3614084720611572,-8.319999694824219,-9.576980590820312,0.0,1.900615930557251,3
1770789562.16029000,81205005,2.8999998569488525,3.271195650100708,-8.319999694824219,-9.443270683288574,0.0,1.9419503211975098,3
1770789562.20027399,81244989,2.740000009536743,3.176255941390991,-8.079999923706055,-9.318011283874512,0.0,1.9897596836090088,3
1770789562.24025798,81284973,2.740000009536743,3.083838701248169,-8.079999923706055,-9.204703330993652,0.0,2.0433897972106934,3
1770789562.28024197,81324957,2.7300000190734863,3.0061817169189453,-8.079999923706055,-9.090190887451172,0.0,2.086263418197632,3
1770789562.32022595,81364941,2.5899999141693115,2.9535598754882812,-7.619999885559082,-8.975257873535156,0.0,2.1296591758728027,3
1770789562.36021018,81404925,2.5899999141693115,2.8948581218719482,-7.619999885559082,-8.860896110534668,0.0,2.181565284729004,3
1770789562.40019417,81444909,2.450000047683716,2.8340842723846436,-7.349999904632568,-8.755769729614258,0.0,2.2469985485076904,3
1770789562.44017816,81484893,2.450000047683716,2.7806856632232666,-7.349999904632568,-8.639383316040039,0.0,2.292409896850586,3
1770789562.48016214,81524877,2.450000047683716,2.720775842666626,-7.349999904632568,-8.5134916305542,0.0,2.3351686000823975,3
1770789562.52014613,81564861,2.309999942779541,2.6682841777801514,-6.96999979019165,-8.374114990234375,0.0,2.380030393600464,3
1770789562.56013012,81604845,2.309999942779541,2.615722417831421,-6.96999979019165,-8.229999542236328,0.0,2.4156649112701416,3
1770789562.60011411,81644829,2.169999837875366,2.5671515464782715,-6.730000019073486,-8.073458671569824,0.0,2.4436707496643066,3
1770789562.64009809,81684813,2.169999837875366,2.5077929496765137,-6.730000019073486,-7.929887771606445,0.0,2.481210470199585,3
1770789562.68008208,81724797,2.169999837875366,2.4555046558380127,-6.730000019073486,-7.793846607208252,0.0,2.5243208408355713,3
1770789562.72006607,81764781,2.0399999618530273,2.398153305053711,-6.480000019073486,-7.6474175453186035,0.0,2.569614887237549,3
1770789562.76005006,81804765,2.0399999618530273,2.3474833965301514,-6.480000019073486,-7.504679203033447,0.0,2.6276419162750244,3
1770789562.80003405,81844749,1.9199999570846558,2.3110191822052,-6.359999656677246,-7.367448806762695,0.0,2.6792848110198975,3
1770789562.84001803,81884733,1.9199999570846558,2.2762017250061035,-6.359999656677246,-7.241230487823486,0.0,2.732678174972534,3
1770789562.88000202,81924717,1.9199999570846558,2.2415719032287598,-6.359999656677246,-7.096066474914551,0.0,2.775047540664673,3
1770789562.91998601,81964701,1.7799999713897705,2.2058775424957275,-6.12999963760376,-6.943694114685059,0.0,2.7852001190185547,3
1770789562.95997000,82004685,1.7799999713897705,2.1670758724212646,-6.12999963760376,-6.787674903869629,0.0,2.790339708328247,3
1770789562.99995399,82044669,1.649999976158142,2.1279520988464355,-5.920000076293945,-6.643233299255371,0.0,2.8017983436584473,3
1770789563.03993797,82084653,1.649999976158142,2.082212209701538,-5.920000076293945,-6.5103840827941895,0.0,2.8210840225219727,3
1770789563.07992196,82124637,1.649999976158142,2.0301027297973633,-5.920000076293945,-6.399907112121582,0.0,2.8207719326019287,3
1770789563.11990619,82164621,1.559999942779541,1.9693045616149902,-5.940000057220459,-6.31364631652832,0.0,2.839688539505005,3
1770789563.15989017,82204605,1.559999942779541,1.9137734174728394,-5.940000057220459,-6.233299255371094,0.0,2.890977621078491,3
1770789563.19987416,82244589,1.5,1.8551121950149536,-5.599999904632568,-6.1603007316589355,0.0,2.9455478191375732,3
1770789563.23985815,82284573,1.5,1.8047281503677368,-5.599999904632568,-6.085391998291016,0.0,2.9930896759033203,3
1770789563.27984214,82324557,1.5,1.7550406455993652,-5.599999904632568,-6.036404132843018,0.0,3.039665460586548,3
1770789563.31982613,82364541,1.4199999570846558,1.7088584899902344,-5.400000095367432,-5.995792388916016,0.0,3.0837783813476562,3
1770789563.35981011,82404525,1.4199999570846558,1.6669307947158813,-5.400000095367432,-5.965570449829102,0.0,3.1128478050231934,3
1770789563.39979410,82444509,1.3399999141693115,1.6242586374282837,-5.139999866485596,-5.926628112792969,0.0,3.153595447540283,3
1770789563.43977809,82484493,1.3399999141693115,1.5943796634674072,-5.139999866485596,-5.876774787902832,0.0,3.1995620727539062,3
1770789563.47976208,82524477,1.3399999141693115,1.5677671432495117,-5.139999866485596,-5.830873489379883,0.0,3.234186887741089,3
1770789563.51974607,82564461,1.2599999904632568,1.5367127656936646,-4.960000038146973,-5.804878234863281,0.0,3.268514633178711,3
1770789563.55973005,82604445,1.2599999904632568,1.4967732429504395,-4.960000038146973,-5.7583746910095215,0.0,3.2963528633117676,3
1770789563.59971404,82644429,1.159999966621399,1.4562108516693115,-4.819999694824219,-5.703989028930664,0.0,3.3178460597991943,3
1770789563.63969803,82684413,1.159999966621399,1.4112884998321533,-4.819999694824219,-5.649574279785156,0.0,3.3300867080688477,3
1770789563.67968202,82724397,1.159999966621399,1.3684871196746826,-4.819999694824219,-5.562542915344238,0.0,3.3391411304473877,3
1770789563.71966600,82764381,1.090000033378601,1.3258603811264038,-4.769999980926514,-5.486945152282715,0.0,3.357264280319214,3
1770789563.75964999,82804365,1.090000033378601,1.2806367874145508,-4.769999980926514,-5.394049167633057,0.0,3.372469186782837,3
1770789563.79963398,82844349,1.0399999618530273,1.2371245622634888,-4.690000057220459,-5.277145862579346,0.0,3.3855104446411133,3
1770789563.83961797,82884333,1.0399999618530273,1.1921427249908447,-4.690000057220459,-5.171091556549072,0.0,3.4069936275482178,3
1770789563.87960196,82924317,1.0399999618530273,1.139412522315979,-4.690000057220459,-5.093455791473389,0.0,3.4312744140625,3
1770789563.92041898,82965134,0.9899999499320984,1.091931700706482,-4.670000076293945,-5.034722328186035,0.0,3.4528541564941406,3
1770789563.96040297,83005118,0.9899999499320984,1.0486096143722534,-4.670000076293945,-4.98372745513916,0.0,3.4792263507843018,3
1770789564.00038695,83045102,0.9399999976158142,1.0016931295394897,-4.539999961853027,-4.9414191246032715,0.0,3.4918136596679688,3
1770789564.04037118,83085086,0.9399999976158142,0.9562749862670898,-4.539999961853027,-4.912806510925293,0.0,3.507098913192749,3
1770789564.08035517,83125070,0.9399999976158142,0.915500819683075,-4.539999961853027,-4.896135330200195,0.0,3.530930995941162,3
1770789564.12033916,83165054,0.8999999761581421,0.8834931254386902,-4.460000038146973,-4.885408401489258,0.0,3.533677816390991,3
1770789564.16032314,83205038,0.8999999761581421,0.8508443236351013,-4.460000038146973,-4.878659725189209,0.0,3.5406367778778076,3
1770789564.20030713,83245022,0.8700000047683716,0.8202492594718933,-4.259999752044678,-4.860053062438965,0.0,3.5504238605499268,3
1770789564.24029112,83285006,0.8700000047683716,0.7927197217941284,-4.259999752044678,-4.838741302490234,0.0,3.5798165798187256,3
1770789564.28027511,83324990,0.8700000047683716,0.774513840675354,-4.259999752044678,-4.804596424102783,0.0,3.6197400093078613,3
1770789564.32025909,83364974,0.8399999737739563,0.7750338912010193,-4.199999809265137,-4.775337219238281,0.0,3.667080879211426,3
1770789564.36024308,83404958,0.8399999737739563,0.7876551151275635,-4.199999809265137,-4.734679698944092,0.0,3.6975202560424805,3
1770789564.40022707,83444942,0.7899999618530273,0.7945192456245422,-4.150000095367432,-4.687463760375977,0.0,3.713243246078491,3
1770789564.44021106,83484926,0.7799999713897705,0.7919192910194397,-4.150000095367432,-4.650247097015381,0.0,3.724193811416626,3
1770789564.48019505,83524910,0.7799999713897705,0.7804588079452515,-4.150000095367432,-4.601284503936768,0.0,3.7290542125701904,3
1770789564.52017903,83564894,0.7199999690055847,0.7804017663002014,-4.130000114440918,-4.548214435577393,0.0,3.724745750427246,3
1770789564.56016302,83604878,0.7199999690055847,0.7734836935997009,-4.130000114440918,-4.485472202301025,0.0,3.7272791862487793,3
1770789564.60014701,83644862,0.6699999570846558,0.781308114528656,-4.139999866485596,-4.431687355041504,0.0,3.7346267700195312,3
1770789564.64013100,83684846,0.6699999570846558,0.7930540442466736,-4.139999866485596,-4.373281002044678,0.0,3.7426531314849854,3
1770789564.68011498,83724830,0.6699999570846558,0.8048473000526428,-4.139999866485596,-4.318282604217529,0.0,3.753037214279175,3
1770789564.72009897,83764814,0.6299999952316284,0.7965098023414612,-4.110000133514404,-4.274542808532715,0.0,3.7613277435302734,3
1770789564.76008296,83804798,0.6299999952316284,0.7783291339874268,-4.110000133514404,-4.264379978179932,0.0,3.775442361831665,3
1770789564.80006719,83844782,0.5799999833106995,0.7597278952598572,-4.119999885559082,-4.268956661224365,0.0,3.788433313369751,3
1770789564.84005117,83884766,0.5799999833106995,0.7512279748916626,-4.119999885559082,-4.268066883087158,0.0,3.7963359355926514,3
1770789564.88003516,83924750,0.5799999833106995,0.7356181144714355,-4.119999885559082,-4.258813381195068,0.0,3.803036689758301,3
1770789564.92001915,83964734,0.550000011920929,0.7214009165763855,-4.029999732971191,-4.246772289276123,0.0,3.8012096881866455,3
1770789564.96000314,84004718,0.550000011920929,0.6953008770942688,-4.029999732971191,-4.244864463806152,0.0,3.8006680011749268,3
1770789564.99998713,84044702,0.5399999618530273,0.6636773943901062,-3.9800000190734863,-4.235980987548828,0.0,3.8025074005126953,3
1770789565.03997111,84084686,0.5399999618530273,0.6442463994026184,-3.9800000190734863,-4.221323013305664,0.0,3.8094732761383057,3
1770789565.07995510,84124670,0.5399999618530273,0.6372203230857849,-3.9800000190734863,-4.196682453155518,0.0,3.8217787742614746,3
1770789565.11993909,84164654,0.5299999713897705,0.6384034156799316,-3.929999828338623,-4.17521858215332,0.0,3.842594623565674,3
1770789565.15992308,84204638,0.5299999713897705,0.6309937834739685,-3.929999828338623,-4.157187461853027,0.0,3.8595898151397705,3
1770789565.19990706,84244622,0.5299999713897705,0.6320860385894775,-3.8299999237060547,-4.135234832763672,0.0,3.8662219047546387,3
1770789565.23989105,84284606,0.5299999713897705,0.6261138319969177,-3.8299999237060547,-4.114048957824707,0.0,3.8780112266540527,3
1770789565.27987504,84324590,0.5299999713897705,0.6109888553619385,-3.8299999237060547,-4.1086626052856445,0.0,3.9011130332946777,3
1770789565.31985903,84364574,0.5,0.5945863723754883,-3.8999998569488525,-4.1031174659729,0.0,3.924102306365967,3
1770789565.35984302,84404558,0.5,0.5804670453071594,-3.8999998569488525,-4.109791278839111,0.0,3.9294352531433105,3
1770789565.39982700,84444542,0.4599999785423279,0.5665225386619568,-3.859999895095825,-4.097243309020996,0.0,3.9358716011047363,3
1770789565.43981099,84484526,0.4599999785423279,0.5712097883224487,-3.859999895095825,-4.077132701873779,0.0,3.9278781414031982,3
1770789565.47979498,84524510,0.4599999785423279,0.5765034556388855,-3.859999895095825,-4.052011489868164,0.0,3.9195046424865723,3
1770789565.51977897,84564494,0.4399999976158142,0.5843562483787537,-3.75,-4.041299343109131,0.0,3.9088995456695557,3
1770789565.55976295,84604478,0.4399999976158142,0.5855717658996582,-3.75,-4.03204345703125,0.0,3.9075582027435303,3
1770789565.59974718,84644462,0.41999998688697815,0.5748567581176758,-3.7099997997283936,-4.034008502960205,0.0,3.9249138832092285,3
1770789565.63973117,84684446,0.41999998688697815,0.5455270409584045,-3.7099997997283936,-4.0330657958984375,0.0,3.957124948501587,3
1770789565.67971516,84724430,0.41999998688697815,0.5141410231590271,-3.7099997997283936,-4.041048049926758,0.0,3.966181755065918,3
1770789565.71969914,84764414,0.4099999964237213,0.48343831300735474,-3.6599998474121094,-4.019883632659912,0.0,3.9697189331054688,3
1770789565.75968313,84804398,0.4099999964237213,0.4454852044582367,-3.6599998474121094,-3.9878103733062744,0.0,3.9765853881835938,3
1770789565.79966712,84844382,0.3799999952316284,0.4131382703781128,-3.75,-3.9572367668151855,0.0,3.979872465133667,3
1770789565.83965111,84884366,0.3799999952316284,0.3692208230495453,-3.75,-3.9147965908050537,0.0,3.998014211654663,3
1770789565.87963510,84924350,0.3799999952316284,0.34301427006721497,-3.75,-3.8635973930358887,0.0,4.010680198669434,3
1770789565.91961908,84964334,0.3799999952316284,0.31857606768608093,-3.7300000190734863,-3.819690465927124,0.0,4.020327568054199,3
1770789565.95960307,85004318,0.3799999952316284,0.3074485659599304,-3.7300000190734863,-3.7802584171295166,0.0,4.030184268951416,3
1770789566.00042009,85045135,0.35999998450279236,0.3079443871974945,-3.819999933242798,-3.765491247177124,0.0,4.037403106689453,3
1770789566.04040408,85085119,0.35999998450279236,0.30963999032974243,-3.819999933242798,-3.7664542198181152,0.0,4.017163276672363,3
1770789566.08038807,85125103,0.35999998450279236,0.3015965521335602,-3.819999933242798,-3.7786436080932617,0.0,4.003287315368652,3
1770789566.12037206,85165087,0.35999998450279236,0.29579442739486694,-3.799999952316284,-3.7791495323181152,0.0,4.000490188598633,3
1770789566.16035604,85205071,0.35999998450279236,0.30533355474472046,-3.799999952316284,-3.7750465869903564,0.0,4.001690864562988,3
1770789566.20034003,85245055,0.35999998450279236,0.3247373104095459,-3.7200000286102295,-3.7878544330596924,0.0,4.010127544403076,3
1770789566.24032402,85285039,0.35999998450279236,0.327107310295105,-3.7200000286102295,-3.815455198287964,0.0,4.020603656768799,3
1770789566.28030801,85325023,0.35999998450279236,0.32000890374183655,-3.7200000286102295,-3.861053705215454,0.0,4.039377689361572,3
1770789566.32029200,85365007,0.35999998450279236,0.31230202317237854,-3.6999998092651367,-3.910836696624756,0.0,4.049206733703613,3
1770789566.36027598,85404991,0.35999998450279236,0.3036957383155823,-3.6999998092651367,-3.964301347732544,0.0,4.052774906158447,3
1770789566.40025997,85444975,0.3499999940395355,0.3148197829723358,-3.5399999618530273,-4.0225372314453125,0.0,4.045583248138428,3
1770789566.44024396,85484959,0.3499999940395355,0.3203129172325134,-3.5399999618530273,-4.060065746307373,0.0,4.045601844787598,3
1770789566.48022819,85524943,0.3499999940395355,0.33284154534339905,-3.5399999618530273,-4.084491729736328,0.0,4.046863555908203,3
1770789566.52021217,85564927,0.3499999940395355,0.32089605927467346,-3.4499998092651367,-4.097153186798096,0.0,4.041891574859619,3
1770789566.56019616,85604911,0.3499999940395355,0.301469624042511,-3.4499998092651367,-4.08084774017334,0.0,4.0483527183532715,3
1770789566.60018015,85644895,0.3499999940395355,0.2886412441730499,-3.369999885559082,-4.049587726593018,0.0,4.051686763763428,3
1770789566.64016414,85684879,0.3499999940395355,0.2815467417240143,-3.369999885559082,-4.018594741821289,0.0,4.062249660491943,3
1770789566.68014812,85724863,0.3499999940395355,0.27604490518569946,-3.369999885559082,-3.9691355228424072,0.0,4.087888240814209,3
1770789566.72013211,85764847,0.3499999940395355,0.27560314536094666,-3.4499998092651367,-3.916973352432251,0.0,4.105246067047119,3
1770789566.76011610,85804831,0.3499999940395355,0.2725514769554138,-3.4499998092651367,-3.8672118186950684,0.0,4.127341270446777,3
1770789566.80010009,85844815,0.3400000035762787,0.2734822928905487,-3.549999952316284,-3.79304838180542,0.0,4.148354530334473,3
1770789566.84008408,85884799,0.3400000035762787,0.26360225677490234,-3.549999952316284,-3.7288193702697754,0.0,4.153992176055908,3
1770789566.88006806,85924783,0.3400000035762787,0.2683126628398895,-3.549999952316284,-3.6738228797912598,0.0,4.1766767501831055,3
1770789566.92005205,85964767,0.3100000023841858,0.29446831345558167,-3.6499998569488525,-3.6517040729522705,0.0,4.187119960784912,3
1770789566.96003604,86004751,0.3100000023841858,0.3091972768306732,-3.6499998569488525,-3.640580654144287,0.0,4.190311908721924,3
1770789567.00002003,86044735,0.2800000011920929,0.32335248589515686,-3.629999876022339,-3.63826322555542,0.0,4.195374488830566,3
1770789567.04000401,86084719,0.0,0.3559893071651459,5.0,-3.6418468952178955,0.0,4.1660661697387695,3
1770789567.07998800,86124703,0.0,0.45864877104759216,5.0,-3.5899574756622314,0.0,3.980658769607544,3
1770789567.11997199,86164687,0.0,0.6520516276359558,5.0,-3.4106805324554443,0.0,3.5741918087005615,3
1770789567.15995598,86204671,0.0,0.9031017422676086,5.0,-3.0295145511627197,0.0,2.942498207092285,3
1770789567.19993997,86244655,0.0,1.1575555801391602,5.0,-2.406768560409546,0.0,2.131462335586548,3
1770789567.23992395,86284639,0.0,1.3964439630508423,5.0,-1.5807104110717773,0.0,1.1968696117401123,3
1770789567.27990818,86324623,0.0,1.57902193069458,5.0,-0.6111246943473816,0.0,0.19302502274513245,3
1770789567.31989217,86364607,0.0,1.6800512075424194,5.0,0.4517895579338074,0.0,359.1707458496094,3
1770789567.35987616,86404591,0.0,1.696407675743103,5.0,1.542539119720459,0.0,358.173095703125,3
1770789567.39986014,86444575,0.0,1.6097185611724854,5.0,2.6280620098114014,0.0,357.21551513671875,3
1770789567.43984413,86484559,0.0,1.4422667026519775,5.0,3.653940439224243,0.0,356.3208923339844,3
1770789567.47982812,86524543,0.0,1.2432652711868286,5.0,4.603402137756348,0.0,355.5020751953125,3
1770789567.51981211,86564527,0.0,1.0192677974700928,5.0,5.41224479675293,0.0,354.752197265625,3
1770789567.55979609,86604511,0.0,0.7943946123123169,5.0,6.066050052642822,0.0,354.0475158691406,3
1770789567.59978008,86644495,0.0,0.572965681552887,5.0,6.549930572509766,0.0,353.4038391113281,3
1770789567.63976407,86684479,0.0,0.36870163679122925,5.0,6.896755695343018,0.0,352.79339599609375,3
1770789567.67974806,86724463,0.0,0.18835687637329102,5.0,7.121070861816406,0.0,352.177734375,3
1770789567.71973205,86764447,0.0,0.018200354650616646,5.0,7.234849452972412,0.0,351.5752258300781,3
1770789567.75971603,86804431,0.0,-0.13729353249073029,5.0,7.220048904418945,0.0,350.9983215332031,3
1770789567.79970002,86844415,0.0,-0.28842392563819885,5.0,7.104086399078369,0.0,350.4651794433594,3
1770789567.83968401,86884399,0.0,-0.4029039740562439,5.0,6.913784980773926,0.0,349.9443359375,3
1770789567.87966800,86924383,0.0,-0.4623076915740967,5.0,6.6491522789001465,0.0,349.47344970703125,3
1770789567.91965199,86964367,0.0,-0.47556272149086,5.0,6.342875003814697,0.0,349.0279846191406,3
1770789567.95963597,87004351,0.0,-0.484760046005249,5.0,5.999069690704346,0.0,348.5981750488281,3
1770789567.99961996,87044335,0.0,-0.4756910502910614,5.0,5.648820400238037,0.0,348.17962646484375,3
1770789568.03960419,87084319,0.0,-0.444997638463974,5.0,5.330809593200684,0.0,347.7637023925781,3
1770789568.08042097,87125136,0.0,-0.38715291023254395,5.0,5.058365345001221,0.0,347.3713684082031,3
1770789568.12040496,87165120,0.0,-0.34075927734375,5.0,4.834023952484131,0.0,346.998291015625,3
1770789568.16038918,87205104,0.0,-0.28392720222473145,5.0,4.629837989807129,0.0,346.639404296875,3
1770789568.20037317,87245088,0.0,-0.2192797213792801,5.0,4.463779926300049,0.0,346.2953796386719,3
1770789568.24035716,87285072,0.0,-0.1564466953277588,5.0,4.340356826782227,0.0,345.96307373046875,3
1770789568.28034115,87325056,0.0,-0.1116257905960083,5.0,4.235440254211426,0.0,345.64739990234375,3
1770789568.32032514,87365040,0.0,-0.08028364181518555,5.0,4.16179895401001,0.0,345.3455505371094,3
1770789568.36030912,87405024,0.0,-0.06998381018638611,5.0,4.149116039276123,0.0,345.0604553222656,3
1770789568.40029311,87445008,0.0,-0.06699077039957047,5.0,4.180521011352539,0.0,344.79315185546875,3
1770789568.44027710,87484992,0.0,-0.05500451847910881,5.0,4.232393741607666,0.0,344.5336608886719,3
1770789568.48026109,87524976,0.0,-0.057654302567243576,5.0,4.298502445220947,0.0,344.2718200683594,3
1770789568.52024508,87564960,0.0,-0.05532248318195343,5.0,4.381531715393066,0.0,344.0265808105469,3
1770789568.56022906,87604944,0.0,-0.07132042199373245,5.0,4.486467361450195,0.0,343.7979736328125,3
1770789568.60021305,87644928,0.0,-0.07631637156009674,5.0,4.599546909332275,0.0,343.562255859375,3
1770789568.64019704,87684912,0.0,-0.07424928992986679,5.0,4.713571548461914,0.0,343.34527587890625,3
1770789568.68018103,87724896,0.0,-0.08743852376937866,5.0,4.821638584136963,0.0,343.14691162109375,3
1770789568.72016501,87764880,0.0,-0.0870044156908989,5.0,4.9360151290893555,0.0,342.959716796875,3
1770789568.76014900,87804864,0.0,-0.09224389493465424,5.0,5.026351451873779,0.0,342.77032470703125,3
1770789568.80013299,87844848,0.0,-0.1059410572052002,5.0,5.115901947021484,0.0,342.60302734375,3
1770789568.84011698,87884832,0.0,-0.11043708026409149,5.0,5.205449104309082,0.0,342.4505615234375,3
1770789568.88010097,87924816,0.0,-0.1223839521408081,5.0,5.26620626449585,0.0,342.29046630859375,3
1770789568.92008495,87964800,0.0,-0.13223400712013245,5.0,5.295036792755127,0.0,342.12420654296875,3
1770789568.96006918,88004784,0.0,-0.14280103147029877,5.0,5.2785210609436035,0.0,341.95947265625,3
1770789569.00005317,88044768,0.0,-0.17461055517196655,5.0,5.242847919464111,0.0,341.8010559082031,3
1770789569.04003716,88084752,0.0,-0.19415323436260223,5.0,5.2056097984313965,0.0,341.66925048828125,3
1770789569.08002114,88124736,0.0,-0.19297897815704346,5.0,5.18341588973999,0.0,341.5411071777344,3
1770789569.12000513,88164720,0.0,-0.18518607318401337,5.0,5.158382415771484,0.0,341.3892517089844,3
1770789569.15998912,88204704,0.0,-0.19103318452835083,5.0,5.1167097091674805,0.0,341.24603271484375,3
1770789569.19997311,88244688,0.0,-0.21309764683246613,5.0,5.093093395233154,0.0,341.1169738769531,3
1770789569.23995709,88284672,0.0,-0.22248612344264984,5.0,5.083843231201172,0.0,341.0043640136719,3
1770789569.27994108,88324656,0.0,-0.2427368015050888,5.0,5.079892158508301,0.0,340.9185485839844,3
1770789569.31992507,88364640,0.0,-0.26352643966674805,5.0,5.070766925811768,0.0,340.8425598144531,3
1770789569.35990906,88404624,0.0,-0.2728707492351532,5.0,5.036629676818848,0.0,340.7603454589844,3
1770789569.39989305,88444608,0.0,-0.27198469638824463,5.0,5.00358247756958,0.0,340.6646423339844,3
1770789569.43987703,88484592,0.0,-0.26046714186668396,5.0,4.990242004394531,0.0,340.5673828125,3
1770789569.47986102,88524576,0.0,-0.24315837025642395,5.0,5.003168106079102,0.0,340.4681396484375,3
1770789569.51984501,88564560,0.0,-0.2077353447675705,5.0,5.013829708099365,0.0,340.3714294433594,3
1770789569.55982900,88604544,0.0,-0.16148896515369415,5.0,5.013800144195557,0.0,340.2953796386719,3
1770789569.59981298,88644528,0.0,-0.12747153639793396,5.0,5.011249542236328,0.0,340.2259826660156,3
1770789569.63979697,88684512,0.0,-0.10584591329097748,5.0,5.016201019287109,0.0,340.14276123046875,3
1770789569.67978096,88724496,0.0,-0.0923910140991211,5.0,5.025265216827393,0.0,340.0703125,3
1770789569.71976519,88764480,0.0,-0.07047972083091736,5.0,5.016983509063721,0.0,339.9908447265625,3
1770789569.75974917,88804464,0.0,-0.07301580160856247,5.0,5.010603427886963,0.0,339.9184265136719,3
1770789569.79973316,88844448,0.0,-0.08441360294818878,5.0,4.990625381469727,0.0,339.8467712402344,3
1770789569.83971715,88884432,0.0,-0.09167992323637009,5.0,4.983297824859619,0.0,339.76824951171875,3
1770789569.87970114,88924416,0.0,-0.1065501943230629,5.0,4.979067325592041,0.0,339.7086181640625,3
1770789569.91968513,88964400,0.0,-0.12749281525611877,5.0,4.986541271209717,0.0,339.65533447265625,3
1770789569.95966911,89004384,0.0,-0.13650555908679962,5.0,4.985637187957764,0.0,339.61322021484375,3
1770789569.99965310,89044368,0.0,-0.12975679337978363,5.0,4.980729103088379,0.0,339.5569152832031,3
1770789570.03963709,89084352,0.0,-0.12156638503074646,5.0,4.976339817047119,0.0,339.51654052734375,3
1770789570.07962108,89124336,0.0,-0.11474055796861649,5.0,4.978892803192139,0.0,339.4769592285156,3
1770789570.11960506,89164320,0.0,-0.09937288612127304,5.0,4.957106590270996,0.0,339.44989013671875,3
1770789570.16042209,89205137,0.0,-0.07809506356716156,5.0,4.935201644897461,0.0,339.4342346191406,3
1770789570.20040607,89245121,0.0,-0.06479454785585403,5.0,4.930473804473877,0.0,339.4169921875,3
1770789570.24039006,89285105,0.0,-0.06263738125562668,5.0,4.93130350112915,0.0,339.39422607421875,3
1770789570.28037405,89325089,0.0,-0.09115567058324814,5.0,4.933826923370361,0.0,339.36773681640625,3
1770789570.32035804,89365073,0.0,-0.12197937816381454,5.0,4.9385786056518555,0.0,339.34820556640625,3
1770789570.36034203,89405057,0.0,-0.12955281138420105,5.0,4.939717769622803,0.0,339.32904052734375,3
1770789570.40032601,89445041,0.0,-0.15014271438121796,5.0,4.930361270904541,0.0,339.3179016113281,3
1770789570.44031000,89485025,0.0,-0.16539017856121063,5.0,4.920949935913086,0.0,339.30157470703125,3
1770789570.48029399,89525009,0.0,-0.18761307001113892,5.0,4.9151740074157715,0.0,339.2740173339844,3
1770789570.52027798,89564993,0.0,-0.20391584932804108,5.0,4.909041404724121,0.0,339.2535705566406,3
1770789570.56026196,89604977,0.0,-0.18418163061141968,5.0,4.883696556091309,0.0,339.2482604980469,3
1770789570.60024619,89644961,0.0,-0.15519066154956818,5.0,4.869222164154053,0.0,339.24481201171875,3
1770789570.64023018,89684945,0.0,-0.12992215156555176,5.0,4.848484039306641,0.0,339.2566223144531,3
1770789570.68021417,89724929,0.0,-0.10143014788627625,5.0,4.796744346618652,0.0,339.2552185058594,3
1770789570.72019815,89764913,0.0,-0.06518363207578659,5.0,4.727869510650635,0.0,339.2449951171875,3
1770789570.76018214,89804897,0.0,-0.039480969309806824,5.0,4.678828239440918,0.0,339.2384338378906,3
1770789570.80016613,89844881,0.0,-0.018060097470879555,5.0,4.643698692321777,0.0,339.2221374511719,3
1770789570.84015012,89884865,0.0,-0.006471514236181974,5.0,4.626294136047363,0.0,339.21234130859375,3
1770789570.88013411,89924849,0.0,-0.025028085336089134,5.0,4.6343536376953125,0.0,339.1913146972656,3
1770789570.92011809,89964833,0.0,-0.07169158011674881,5.0,4.6519775390625,0.0,339.1768493652344,3
1770789570.96010208,90004817,0.0,-0.1165853887796402,5.0,4.68744421005249,0.0,339.1495361328125,3
1770789571.00008607,90044801,0.0,-0.1357785165309906,5.0,4.722661018371582,0.0,339.133544921875,3
1770789571.04007006,90084785,0.0,-0.15238253772258759,5.0,4.753521919250488,0.0,339.10894775390625,3
1770789571.08005404,90124769,0.0,-0.167313352227211,5.0,4.782754421234131,0.0,339.0694885253906,3
1770789571.12003803,90164753,0.0,-0.18595194816589355,5.0,4.802718162536621,0.0,339.05804443359375,3
1770789571.16002202,90204737,0.0,-0.2127522975206375,5.0,4.808804512023926,0.0,339.0583801269531,3
1770789571.20000601,90244721,0.0,-0.22674953937530518,5.0,4.839624404907227,0.0,339.0542907714844,3
1770789571.23999000,90284705,0.0,-0.21065989136695862,5.0,4.875580310821533,0.0,339.0506591796875,3
1770789571.27997398,90324689,0.0,-0.20401886105537415,5.0,4.933587551116943,0.0,339.03717041015625,3
1770789571.31995797,90364673,0.0,-0.20129626989364624,5.0,4.987281322479248,0.0,339.01885986328125,3
1770789571.35994196,90404657,0.0,-0.1911446452140808,5.0,5.039179801940918,0.0,339.0159912109375,3
1770789571.39992619,90444641,0.0,-0.19546233117580414,5.0,5.082559585571289,0.0,339.0190124511719,3
1770789571.43991017,90484625,0.0,-0.1834450513124466,5.0,5.090668201446533,0.0,339.0125427246094,3
1770789571.47989416,90524609,0.0,-0.16466328501701355,5.0,5.080920219421387,0.0,339.0064697265625,3
1770789571.51987815,90564593,0.0,-0.15133430063724518,5.0,5.061192035675049,0.0,338.99981689453125,3
1770789571.55986214,90604577,0.0,-0.13706247508525848,5.0,5.029994964599609,0.0,338.978759765625,3
1770789571.59984612,90644561,0.0,-0.14127326011657715,5.0,5.007747650146484,0.0,338.9664306640625,3
1770789571.63983011,90684545,0.0,-0.1517687886953354,5.0,4.966280937194824,0.0,338.96954345703125,3
1770789571.67981410,90724529,0.0,-0.184726744890213,5.0,4.908138751983643,0.0,338.9718017578125,3
1770789571.71979809,90764513,0.0,-0.21501636505126953,5.0,4.858088970184326,0.0,338.98443603515625,3
1770789571.75978208,90804497,0.0,-0.22341594099998474,5.0,4.827365398406982,0.0,338.9800720214844,3
1770789571.79976606,90844481,0.0,-0.21144817769527435,5.0,4.812211513519287,0.0,338.97882080078125,3
1770789571.83975005,90884465,0.0,-0.19420677423477173,5.0,4.8007588386535645,0.0,338.9742736816406,3
1770789571.87973404,90924449,0.0,-0.18303819000720978,5.0,4.791932582855225,0.0,338.95623779296875,3
1770789571.91971803,90964433,0.0,-0.1761959046125412,5.0,4.7879791259765625,0.0,338.9252624511719,3
1770789571.95970201,91004417,0.0,-0.1759384274482727,5.0,4.760181903839111,0.0,338.9089050292969,3
1770789571.99968600,91044401,0.0,-0.15512791275978088,5.0,4.726759433746338,0.0,338.9030456542969,3
1770789572.03966999,91084385,0.0,-0.13167765736579895,5.0,4.703463554382324,0.0,338.89471435546875,3
1770789572.07965398,91124369,0.0,-0.11266331374645233,5.0,4.687246322631836,0.0,338.9037170410156,3
1770789572.11963797,91164353,0.0,-0.10687611997127533,5.0,4.684202194213867,0.0,338.92706298828125,3
1770789572.15962195,91204337,0.0,-0.10061537474393845,5.0,4.681080341339111,0.0,338.93145751953125,3
1770789572.19960618,91244321,0.0,-0.10422327369451523,5.0,4.672968864440918,0.0,338.91351318359375,3
1770789572.24042296,91285138,0.0,-0.11690963059663773,5.0,4.680819511413574,0.0,338.8807678222656,3
1770789572.28040719,91325122,0.0,-0.13234180212020874,5.0,4.70281982421875,0.0,338.8411865234375,3
1770789572.32039118,91365106,0.0,-0.1388886570930481,5.0,4.733931064605713,0.0,338.8300476074219,3
1770789572.36037517,91405090,0.0,-0.13370469212532043,5.0,4.760530948638916,0.0,338.843505859375,3
1770789572.40035915,91445074,0.0,-0.13162268698215485,5.0,4.794896125793457,0.0,338.8569641113281,3
1770789572.44034314,91485058,0.0,-0.11490932106971741,5.0,4.820923805236816,0.0,338.8714599609375,3
1770789572.48032713,91525042,0.0,-0.08082909882068634,5.0,4.845873832702637,0.0,338.87750244140625,3
1770789572.52031112,91565026,0.0,-0.06434899568557739,5.0,4.868042945861816,0.0,338.8905029296875,3
1770789572.56029510,91605010,0.0,-0.05765965208411217,5.0,4.877126693725586,0.0,338.9031982421875,3
1770789572.60027909,91644994,0.0,-0.049310050904750824,5.0,4.880792617797852,0.0,338.9093933105469,3
1770789572.64026308,91684978,0.0,-0.03400912135839462,5.0,4.88873291015625,0.0,338.9146728515625,3
1770789572.68024707,91724962,0.0,-0.012102939188480377,5.0,4.915935516357422,0.0,338.9227294921875,3
1770789572.72023106,91764946,0.0,-0.0032268899958580732,5.0,4.942960262298584,0.0,338.9388122558594,3
1770789572.76021504,91804930,0.0,-0.0105961998924613,5.0,4.964097023010254,0.0,338.9382629394531,3
1770789572.80019903,91844914,0.0,-0.04259999096393585,5.0,4.978902339935303,0.0,338.9306640625,3
1770789572.84018302,91884898,0.0,-0.09329995512962341,5.0,4.971480846405029,0.0,338.9337158203125,3
1770789572.88016701,91924882,0.0,-0.12915556132793427,5.0,4.946894645690918,0.0,338.9407653808594,3
1770789572.92015100,91964866,0.0,-0.176710844039917,5.0,4.927287578582764,0.0,338.9367370605469,3
1770789572.96013498,92004850,0.0,-0.2132192701101303,5.0,4.915027618408203,0.0,338.902099609375,3
1770789573.00011897,92044834,0.0,-0.22325247526168823,5.0,4.896888256072998,0.0,338.8598937988281,3
1770789573.04010296,92084818,0.0,-0.20722004771232605,5.0,4.890066623687744,0.0,338.8548889160156,3
1770789573.08008718,92124802,0.0,-0.19899845123291016,5.0,4.889643669128418,0.0,338.88287353515625,3
1770789573.12007117,92164786,0.0,-0.19599434733390808,5.0,4.860378742218018,0.0,338.89404296875,3
1770789573.16005516,92204770,0.0,-0.18612731993198395,5.0,4.830021381378174,0.0,338.9096984863281,3
1770789573.20003915,92244754,0.0,-0.17541366815567017,5.0,4.80145263671875,0.0,338.913330078125,3
1770789573.24002314,92284738,0.0,-0.18425773084163666,5.0,4.771250247955322,0.0,338.88916015625,3
1770789573.28000712,92324722,0.0,-0.17687073349952698,5.0,4.7444539070129395,0.0,338.861328125,3
1770789573.31999111,92364706,0.0,-0.1471644937992096,5.0,4.752814292907715,0.0,338.8445129394531,3
1770789573.35997510,92404690,0.0,-0.10953065752983093,5.0,4.76827335357666,0.0,338.8321533203125,3
1770789573.39995909,92444674,0.0,-0.07919921725988388,5.0,4.794108867645264,0.0,338.8432312011719,3
1770789573.43994308,92484658,0.0,-0.0463477224111557,5.0,4.807787895202637,0.0,338.8509216308594,3
1770789573.47992706,92524642,0.0,-0.0037949306424707174,5.0,4.843132495880127,0.0,338.8324279785156,3
1770789573.51991105,92564626,0.0,0.027994316071271896,5.0,4.8816351890563965,0.0,338.8386535644531,3
1770789573.55989504,92604610,0.0,0.04319511353969574,5.0,4.92491340637207,0.0,338.8445129394531,3
1770789573.59987903,92644594,0.0,0.04553564265370369,5.0,4.9438796043396,0.0,338.83465576171875,3
1770789573.63986301,92684578,0.0,0.041276272386312485,5.0,4.9501543045043945,0.0,338.8282470703125,3
1770789573.67984700,92724562,0.0,0.043960411101579666,5.0,4.962325572967529,0.0,338.8227844238281,3
1770789573.71983099,92764546,0.0,0.05136839672923088,5.0,4.980106830596924,0.0,338.8133850097656,3
1770789573.75981498,92804530,0.0,0.048953767865896225,5.0,5.002840518951416,0.0,338.7901306152344,3
1770789573.79979897,92844514,0.0,0.02081073261797428,5.0,5.010636806488037,0.0,338.7551574707031,3
1770789573.83978295,92884498,0.0,-0.0020676800049841404,5.0,4.995896816253662,0.0,338.72869873046875,3
1770789573.87976718,92924482,0.0,-0.02877328358590603,5.0,4.957491874694824,0.0,338.721435546875,3
1770789573.91975117,92964466,0.0,-0.05817292630672455,5.0,4.916448593139648,0.0,338.7119140625,3
1770789573.95973516,93004450,0.0,-0.07660803198814392,5.0,4.859096527099609,0.0,338.7100830078125,3
1770789573.99971914,93044434,0.0,-0.07427963614463806,5.0,4.820034980773926,0.0,338.711181640625,3
1770789574.03970313,93084418,0.0,-0.07162538915872574,5.0,4.80800724029541,0.0,338.72027587890625,3
1770789574.07968712,93124402,0.0,-0.07964706420898438,5.0,4.7820725440979,0.0,338.7182312011719,3
1770789574.11967111,93164386,0.0,-0.11017410457134247,5.0,4.755817413330078,0.0,338.7039489746094,3
1770789574.15965509,93204370,0.0,-0.13214658200740814,5.0,4.711001873016357,0.0,338.69659423828125,3
1770789574.19963908,93244354,0.0,-0.132242813706398,5.0,4.666111946105957,0.0,338.68798828125,3
1770789574.23962307,93284338,0.0,-0.10825136303901672,5.0,4.639282703399658,0.0,338.6860046386719,3
1770789574.27960706,93324322,0.0,-0.09107057005167007,5.0,4.620431423187256,0.0,338.6930847167969,3
1770789574.32042408,93365139,0.0,-0.05089245364069939,5.0,4.613601207733154,0.0,338.72808837890625,3
1770789574.36040807,93405123,0.0,-0.010153783485293388,5.0,4.606705188751221,0.0,338.7406005859375,3
1770789574.40039206,93445107,0.0,0.017885571345686913,5.0,4.632255554199219,0.0,338.74346923828125,3
1770789574.44037604,93485091,0.0,0.02273748070001602,5.0,4.6556830406188965,0.0,338.7478942871094,3
1770789574.48036003,93525075,0.0,0.022737285122275352,5.0,4.7105393409729,0.0,338.7488098144531,3
1770789574.52034402,93565059,0.0,0.03489271551370621,5.0,4.774944305419922,0.0,338.73895263671875,3
1770789574.56032801,93605043,0.0,0.04521724954247475,5.0,4.8115553855896,0.0,338.7099609375,3
1770789574.60031199,93645027,0.0,0.0529266782104969,5.0,4.821721076965332,0.0,338.667236328125,3
1770789574.64029598,93685011,0.0,0.04495197534561157,5.0,4.832995414733887,0.0,338.6739501953125,3
1770789574.68027997,93724995,0.0,0.01819707453250885,5.0,4.839630603790283,0.0,338.6960144042969,3
1770789574.72026396,93764979,0.0,-0.012039008550345898,5.0,4.822290420532227,0.0,338.6971435546875,3
1770789574.76024818,93804963,0.0,-0.04104809835553169,5.0,4.799879550933838,0.0,338.6882629394531,3
1770789574.80023217,93844947,0.0,-0.04266580194234848,5.0,4.808385848999023,0.0,338.6800842285156,3
1770789574.84021616,93884931,0.0,-0.03411712497472763,5.0,4.80074405670166,0.0,338.6676330566406,3
1770789574.88020015,93924915,0.0,-0.03518734499812126,5.0,4.781948089599609,0.0,338.67376708984375,3
1770789574.92018414,93964899,0.0,-0.048002611845731735,5.0,4.756823539733887,0.0,338.6806945800781,3
1770789574.96016812,94004883,0.0,-0.07479170709848404,5.0,4.745725154876709,0.0,338.6993408203125,3
1770789575.00015211,94044867,0.0,-0.09451175481081009,5.0,4.7391557693481445,0.0,338.695068359375,3
1770789575.04013610,94084851,0.0,-0.12182670086622238,5.0,4.747058391571045,0.0,338.6886291503906,3
1770789575.08012009,94124835,0.0,-0.15437176823616028,5.0,4.75819730758667,0.0,338.6881103515625,3
1770789575.12010407,94164819,0.0,-0.18626251816749573,5.0,4.785591125488281,0.0,338.69171142578125,3
1770789575.16008806,94204803,0.0,-0.20702390372753143,5.0,4.797649383544922,0.0,338.70574951171875,3
1770789575.20007205,94244787,0.0,-0.21399648487567902,5.0,4.796066761016846,0.0,338.70660400390625,3
1770789575.24005604,94284771,0.0,-0.22527243196964264,5.0,4.812527656555176,0.0,338.6927795410156,3
1770789575.28004003,94324755,0.0,-0.21567712724208832,5.0,4.8242716789245605,0.0,338.6831359863281,3
1770789575.32002401,94364739,0.0,-0.20666413009166718,5.0,4.837080001831055,0.0,338.68634033203125,3
1770789575.36000800,94404723,0.0,-0.1836279332637787,5.0,4.832911968231201,0.0,338.68389892578125,3
1770789575.39999199,94444707,0.0,-0.1437435746192932,5.0,4.828137397766113,0.0,338.6880798339844,3
1770789575.43997598,94484691,0.0,-0.09944604337215424,5.0,4.847722053527832,0.0,338.681884765625,3
1770789575.47995996,94524675,0.0,-0.06484130769968033,5.0,4.8569159507751465,0.0,338.66583251953125,3
1770789575.51994419,94564659,0.0,-0.02544769085943699,5.0,4.861023902893066,0.0,338.65911865234375,3
1770789575.55992818,94604643,0.0,-0.0018981550820171833,5.0,4.869269847869873,0.0,338.6569519042969,3
1770789575.59991217,94644627,0.0,0.014950059354305267,5.0,4.88313102722168,0.0,338.6533203125,3
1770789575.63989615,94684611,0.0,0.04315377399325371,5.0,4.898401260375977,0.0,338.6549987792969,3
1770789575.67988014,94724595,0.0,0.07941368967294693,5.0,4.919183731079102,0.0,338.6578674316406,3
1770789575.71986413,94764579,0.0,0.10745727270841599,5.0,4.933154106140137,0.0,338.6451110839844,3
1770789575.75984812,94804563,0.0,0.12397810816764832,5.0,4.926211833953857,0.0,338.6058654785156,3
1770789575.79983211,94844547,0.0,0.11114650219678879,5.0,4.917025089263916,0.0,338.5589904785156,3
1770789575.83981609,94884531,0.0,0.08270510286092758,5.0,4.925796985626221,0.0,338.511474609375,3
1770789575.87980008,94924515,0.0,0.06319519132375717,5.0,4.9546380043029785,0.0,338.4888610839844,3
1770789575.91978407,94964499,0.0,0.04766163229942322,5.0,4.965550899505615,0.0,338.5046691894531,3
1770789575.95976806,95004483,0.0,0.04218911752104759,5.0,4.946300029754639,0.0,338.5248107910156,3
1770789575.99975204,95044467,0.0,0.04845639318227768,5.0,4.924479961395264,0.0,338.53521728515625,3
1770789576.03973603,95084451,0.0,0.047092072665691376,5.0,4.897797584533691,0.0,338.5445556640625,3
1770789576.07972002,95124435,0.0,0.03651371970772743,5.0,4.909276008605957,0.0,338.54547119140625,3
1770789576.11970401,95164419,0.0,0.025824232026934624,5.0,4.921219825744629,0.0,338.5419616699219,3
1770789576.15968800,95204403,0.0,0.011417289264500141,5.0,4.935146808624268,0.0,338.530517578125,3
1770789576.19967198,95244387,0.0,-0.005224448628723621,5.0,4.939702033996582,0.0,338.5149230957031,3
1770789576.23965597,95284371,0.0,-0.014464952051639557,5.0,4.936384677886963,0.0,338.4866943359375,3
1770789576.27963996,95324355,0.0,-0.036136530339717865,5.0,4.913979530334473,0.0,338.4602355957031,3
1770789576.31962419,95364339,0.0,-0.05806739628314972,5.0,4.886194705963135,0.0,338.4410400390625,3
1770789576.35960817,95404323,0.0,-0.07465828955173492,5.0,4.863155841827393,0.0,338.433837890625,3
1770789576.40042496,95445140,0.0,-0.08659621328115463,5.0,4.843026161193848,0.0,338.4283447265625,3
1770789576.44040918,95485124,0.0,-0.09334970265626907,5.0,4.80551290512085,0.0,338.4188232421875,3
1770789576.48039317,95525108,0.0,-0.08986146003007889,5.0,4.772943496704102,0.0,338.432373046875,3
1770789576.52037716,95565092,0.0,-0.06824612617492676,5.0,4.76522159576416,0.0,338.4345397949219,3
1770789576.56036115,95605076,0.0,-0.05207747593522072,5.0,4.762126445770264,0.0,338.43115234375,3
1770789576.60034513,95645060,0.0,-0.026788966730237007,5.0,4.755431175231934,0.0,338.4403076171875,3
1770789576.64032912,95685044,0.0,0.010486972518265247,5.0,4.762263298034668,0.0,338.4647216796875,3
1770789576.68031311,95725028,0.0,0.03347703069448471,5.0,4.75723934173584,0.0,338.4621276855469,3
1770789576.72029710,95765012,0.0,0.03972909227013588,5.0,4.754813194274902,0.0,338.4637756347656,3
1770789576.76028109,95804996,0.0,0.048126302659511566,5.0,4.766476631164551,0.0,338.4627990722656,3
1770789576.80026507,95844980,0.0,0.06478194147348404,5.0,4.757838249206543,0.0,338.4620056152344,3
1770789576.84024906,95884964,0.0,0.07662228494882584,5.0,4.757864475250244,0.0,338.4593200683594,3
1770789576.88023305,95924948,0.0,0.06161097064614296,5.0,4.760897159576416,0.0,338.4561767578125,3
1770789576.92021704,95964932,0.0,0.03454931452870369,5.0,4.753366947174072,0.0,338.4271545410156,3
1770789576.96020103,96004916,0.0,0.011541764251887798,5.0,4.7629899978637695,0.0,338.4306335449219,3
1770789577.00018501,96044900,0.0,-0.015296834520995617,5.0,4.776760578155518,0.0,338.4474182128906,3
1770789577.04016900,96084884,0.0,-0.05100228264927864,5.0,4.778377056121826,0.0,338.4778747558594,3
1770789577.08015299,96124868,0.0,-0.12244980037212372,5.0,4.781691074371338,0.0,338.57928466796875,3
1770789577.12013698,96164852,0.0,-0.24385236203670502,5.0,4.799036026000977,0.0,338.8575439453125,3
1770789577.16012096,96204836,0.0,-0.39515820145606995,5.0,4.835320949554443,0.0,339.3754577636719,3
1770789577.20010519,96244820,0.0,-0.5573490262031555,5.0,4.86853551864624,0.0,340.1177978515625,3
1770789577.24008918,96284804,0.0,-0.7285105586051941,5.0,4.880212783813477,0.0,341.0369873046875,3
1770789577.28007317,96324788,0.0,-0.8864328861236572,5.0,4.881298542022705,0.0,342.07135009765625,3
1770789577.32005715,96364772,0.0,-1.0072696208953857,5.0,4.890317440032959,0.0,343.1990966796875,3
1770789577.36004114,96404756,0.0,-1.0647958517074585,5.0,4.893844127655029,0.0,344.3414306640625,3
1770789577.40002513,96444740,0.0,-1.0599243640899658,5.0,4.887454986572266,0.0,345.4585876464844,3
1770789577.44000912,96484724,0.0,-1.0171241760253906,5.0,4.8808465003967285,0.0,346.51605224609375,3
1770789577.47999310,96524708,0.0,-0.9392846822738647,5.0,4.859875202178955,0.0,347.5185546875,3
1770789577.51997709,96564692,0.0,-0.8433820009231567,5.0,4.810918807983398,0.0,348.47601318359375,3
1770789577.55996108,96604676,0.0,-0.7206348180770874,5.0,4.727964878082275,0.0,349.36480712890625,3
1770789577.59994507,96644660,0.0,-0.5884716510772705,5.0,4.628153324127197,0.0,350.2012634277344,3
1770789577.63992906,96684644,0.0,-0.4593697488307953,5.0,4.536928653717041,0.0,350.98406982421875,3
1770789577.67991304,96724628,0.0,-0.32906877994537354,5.0,4.466419696807861,0.0,351.71453857421875,3
1770789577.71989703,96764612,0.0,-0.21397186815738678,5.0,4.401176929473877,0.0,352.41192626953125,3
1770789577.75988102,96804596,0.0,-0.11648941785097122,5.0,4.341920852661133,0.0,353.0639953613281,3
1770789577.79986501,96844580,0.0,-0.035267069935798645,5.0,4.294782638549805,0.0,353.6756896972656,3
1770789577.83984900,96884564,0.0,0.022384459152817726,5.0,4.25161075592041,0.0,354.2530517578125,3
1770789577.87983298,96924548,0.0,0.0629120022058487,5.0,4.2190775871276855,0.0,354.8137512207031,3
1770789577.91981697,96964532,0.0,0.06647909432649612,5.0,4.208004951477051,0.0,355.35150146484375,3
1770789577.95980096,97004516,0.0,0.0691312924027443,5.0,4.211105823516846,0.0,355.88323974609375,3
1770789577.99978518,97044500,0.0,0.07466627657413483,5.0,4.245171546936035,0.0,356.3921203613281,3
1770789578.03976917,97084484,0.0,0.07314538955688477,5.0,4.285938262939453,0.0,356.8643493652344,3
1770789578.07975316,97124468,0.0,0.07138825207948685,5.0,4.324328899383545,0.0,357.3166198730469,3
1770789578.11973715,97164452,0.0,0.09344913810491562,5.0,4.376593589782715,0.0,357.7477722167969,3
1770789578.15972114,97204436,0.0,0.12699948251247406,5.0,4.426864147186279,0.0,358.1487731933594,3
1770789578.19970512,97244420,0.0,0.1410948932170868,5.0,4.472836494445801,0.0,358.50665283203125,3
1770789578.23968911,97284404,0.0,0.1120847836136818,5.0,4.505967617034912,0.0,358.8529052734375,3
1770789578.27967310,97324388,0.0,0.08946243673563004,5.0,4.552093505859375,0.0,359.1958923339844,3
1770789578.31965709,97364372,0.0,0.06200963631272316,5.0,4.599681854248047,0.0,359.5382995605469,3
1770789578.35964108,97404356,0.0,0.05322876200079918,5.0,4.641531944274902,0.0,359.8765563964844,3
1770789578.39962506,97444340,0.0,0.052472300827503204,5.0,4.666820526123047,0.0,0.19277547299861908,3
1770789578.43960905,97484324,0.0,0.04090457409620285,5.0,4.701581954956055,0.0,0.47851458191871643,3
1770789578.48042607,97525141,0.0,0.05278740078210831,5.0,4.740761756896973,0.0,0.7487265467643738,3
1770789578.52041006,97565125,0.0,0.09082572162151337,5.0,4.753319263458252,0.0,1.0064005851745605,3
1770789578.56039405,97605109,0.0,0.12849871814250946,5.0,4.768809795379639,0.0,1.2623049020767212,3
1770789578.60037804,97645093,0.0,0.17227812111377716,5.0,4.775232791900635,0.0,1.4994550943374634,3
1770789578.64036202,97685077,0.0,0.20147433876991272,5.0,4.757521152496338,0.0,1.7298598289489746,3
1770789578.68034601,97725061,0.0,0.2127062827348709,5.0,4.724277019500732,0.0,1.9481830596923828,3
1770789578.72033000,97765045,0.0,0.22668439149856567,5.0,4.6732940673828125,0.0,2.1415276527404785,3
1770789578.76031399,97805029,0.0,0.23228274285793304,5.0,4.621727466583252,0.0,2.3057899475097656,3
1770789578.80029798,97845013,0.0,0.20596078038215637,5.0,4.567553997039795,0.0,2.4902827739715576,3
1770789578.84028196,97884997,0.0,0.17272965610027313,5.0,4.527127265930176,0.0,2.6660850048065186,3
1770789578.88026619,97924981,0.0,0.15755657851696014,5.0,4.52037239074707,0.0,2.8341996669769287,3
1770789578.92025018,97964965,0.0,0.15140683948993683,5.0,4.538553237915039,0.0,2.978170394897461,3
1770789578.96023417,98004949,0.0,0.15600311756134033,5.0,4.575638771057129,0.0,3.1186985969543457,3
1770789579.00021815,98044933,0.0,0.16749215126037598,5.0,4.631783485412598,0.0,3.243295431137085,3
1770789579.04020214,98084917,0.0,0.19517801702022552,5.0,4.663708209991455,0.0,3.3818280696868896,3
1770789579.08018613,98124901,0.0,0.20489992201328278,5.0,4.683248043060303,0.0,3.5178768634796143,3
1770789579.12017012,98164885,0.0,0.1829925775527954,5.0,4.6981024742126465,0.0,3.65578556060791,3
1770789579.16015410,98204869,0.0,0.17651671171188354,5.0,4.709517002105713,0.0,3.788479804992676,3
1770789579.20013809,98244853,0.0,0.18004707992076874,5.0,4.726929187774658,0.0,3.917663097381592,3
1770789579.24012208,98284837,0.0,0.18314087390899658,5.0,4.735456943511963,0.0,4.03726053237915,3
1770789579.28010607,98324821,0.0,0.19702497124671936,5.0,4.746438026428223,0.0,4.161473751068115,3
1770789579.32009006,98364805,0.0,0.21606260538101196,5.0,4.7615966796875,0.0,4.254561901092529,3
1770789579.36007404,98404789,0.0,0.22037988901138306,5.0,4.794858932495117,0.0,4.341498374938965,3
1770789579.40005803,98444773,0.0,0.22489188611507416,5.0,4.8060150146484375,0.0,4.452559947967529,3
1770789579.44004202,98484757,0.0,0.2344847321510315,5.0,4.803743839263916,0.0,4.550045013427734,3
1770789579.48002601,98524741,0.0,0.24667693674564362,5.0,4.800788879394531,0.0,4.627312660217285,3
1770789579.52000999,98564725,0.0,0.26092612743377686,5.0,4.825458526611328,0.0,4.6945414543151855,3
1770789579.55999398,98604709,0.0,0.2615312337875366,5.0,4.861815929412842,0.0,4.767125606536865,3
1770789579.59997797,98644693,0.0,0.270113080739975,5.0,4.903172016143799,0.0,4.8561506271362305,3
1770789579.63996196,98684677,0.0,0.27595192193984985,5.0,4.9535417556762695,0.0,4.92726993560791,3
1770789579.67994618,98724661,0.0,0.266830176115036,5.0,4.992762565612793,0.0,4.972829818725586,3
1770789579.71993017,98764645,0.0,0.25915879011154175,5.0,5.009322643280029,0.0,5.005128860473633,3
1770789579.75991416,98804629,0.0,0.2569085657596588,5.0,4.993865489959717,0.0,5.033361911773682,3
1770789579.79989815,98844613,0.0,0.24256494641304016,5.0,4.9718403816223145,0.0,5.068475723266602,3
1770789579.83988214,98884597,0.0,0.23158402740955353,5.0,4.944900035858154,0.0,5.09094762802124,3
1770789579.87986612,98924581,0.0,0.2253214716911316,5.0,4.903408527374268,0.0,5.131161689758301,3
1770789579.91985011,98964565,0.0,0.21034106612205505,5.0,4.865538120269775,0.0,5.178097248077393,3
1770789579.95983410,99004549,0.0,0.20057065784931183,5.0,4.8107757568359375,0.0,5.212789058685303,3
1770789579.99981809,99044533,0.0,0.20324932038784027,5.0,4.76287841796875,0.0,5.258621692657471,3
1770789580.03980207,99084517,0.0,0.202548086643219,5.0,4.721107482910156,0.0,5.28543758392334,3
1770789580.07978606,99124501,0.0,0.19478653371334076,5.0,4.70662260055542,0.0,5.324522495269775,3
1770789580.11977005,99164485,0.0,0.18477268517017365,5.0,4.705433368682861,0.0,5.3643622398376465,3
1770789580.15975404,99204469,0.0,0.17400865256786346,5.0,4.714413166046143,0.0,5.399864196777344,3
1770789580.19973803,99244453,0.0,0.18212531507015228,5.0,4.7280144691467285,0.0,5.447476387023926,3
1770789580.23972201,99284437,0.0,0.1923581212759018,5.0,4.732229709625244,0.0,5.501185894012451,3
1770789580.27970600,99324421,0.0,0.20443812012672424,5.0,4.742330551147461,0.0,5.53991174697876,3
1770789580.31968999,99364405,0.0,0.22483733296394348,5.0,4.764284610748291,0.0,5.558832168579102,3
1770789580.35967398,99404389,0.0,0.25022459030151367,5.0,4.789373397827148,0.0,5.581258296966553,3
1770789580.39965796,99444373,0.0,0.26833462715148926,5.0,4.818375110626221,0.0,5.587827205657959,3
1770789580.43964219,99484357,0.0,0.27904292941093445,5.0,4.831202983856201,0.0,5.6093831062316895,3
1770789580.47962618,99524341,0.0,0.28531575202941895,5.0,4.857149124145508,0.0,5.630237102508545,3
1770789580.51961017,99564325,0.0,0.2574175000190735,5.0,4.8541154861450195,0.0,5.643160343170166,3
1770789580.56042719,99605142,0.0,0.23492887616157532,5.0,4.846806526184082,0.0,5.655313014984131,3
1770789580.60041118,99645126,0.0,0.22296030819416046,5.0,4.839192867279053,0.0,5.671626091003418,3
1770789580.64039516,99685110,0.0,0.22071631252765656,5.0,4.838757514953613,0.0,5.69879150390625,3
1770789580.68037915,99725094,0.0,0.19530268013477325,5.0,4.874139308929443,0.0,5.7167277336120605,3
1770789580.72036314,99765078,0.0,0.16993406414985657,5.0,4.9323954582214355,0.0,5.7436933517456055,3
1770789580.76034713,99805062,0.0,0.14970000088214874,5.0,4.975366115570068,0.0,5.760829925537109,3
1770789580.80033112,99845046,0.0,0.16670040786266327,5.0,5.0077056884765625,0.0,5.769049167633057,3
1770789580.84031510,99885030,0.0,0.17547234892845154,5.0,5.0196075439453125,0.0,5.771612167358398,3
1770789580.88029909,99925014,0.0,0.1830512434244156,5.0,5.004768371582031,0.0,5.768466472625732,3
1770789580.92028308,99964998,0.0,0.18363362550735474,5.0,5.000875473022461,0.0,5.775315284729004,3
1770789580.96026707,100004982,0.0,0.15294158458709717,5.0,4.979988098144531,0.0,5.7861456871032715,3
1770789581.00025105,100044966,0.0,0.14875659346580505,5.0,4.950648784637451,0.0,5.794267177581787,3
1770789581.04023504,100084950,0.0,0.14205582439899445,5.0,4.938858985900879,0.0,5.805485725402832,3
1770789581.08021903,100124934,0.0,0.14102111756801605,5.0,4.906160831451416,0.0,5.818312644958496,3
1770789581.12020302,100164918,0.0,0.14833834767341614,5.0,4.888298034667969,0.0,5.834682941436768,3
1770789581.16018701,100204902,0.0,0.14685222506523132,5.0,4.891106128692627,0.0,5.837095737457275,3
1770789581.20017099,100244886,0.0,0.14547717571258545,5.0,4.9090576171875,0.0,5.837578296661377,3
1770789581.24015498,100284870,0.0,0.14765574038028717,5.0,4.907872200012207,0.0,5.845939636230469,3
1770789581.28013897,100324854,0.0,0.1544054001569748,5.0,4.887910842895508,0.0,5.864502429962158,3
1770789581.32012296,100364838,0.0,0.16614626348018646,5.0,4.888009548187256,0.0,5.883213043212891,3
1770789581.36010718,100404822,0.0,0.1924583613872528,5.0,4.900820732116699,0.0,5.916301727294922,3
1770789581.40009117,100444806,0.0,0.2057371437549591,5.0,4.919449806213379,0.0,5.946516513824463,3
1770789581.44007516,100484790,0.0,0.19969555735588074,5.0,4.947779178619385,0.0,5.969500541687012,3
1770789581.48005915,100524774,0.0,0.20167900621891022,5.0,4.9787492752075195,0.0,5.995481491088867,3
1770789581.52004313,100564758,0.0,0.1920265406370163,5.0,4.989504337310791,0.0,6.018911361694336,3
1770789581.56002712,100604742,0.0,0.1834562122821808,5.0,4.980447769165039,0.0,6.036993503570557,3
1770789581.60001111,100644726,0.0,0.15792368352413177,5.0,4.965450763702393,0.0,6.044896602630615,3
1770789581.63999510,100684710,0.0,0.12438628822565079,5.0,4.978471279144287,0.0,6.061249732971191,3
1770789581.67997909,100724694,0.0,0.094210185110569,5.0,5.000482082366943,0.0,6.077058792114258,3
1770789581.71996307,100764678,0.0,0.06287303566932678,5.0,5.01675271987915,0.0,6.0802321434021,3
1770789581.75994706,100804662,0.0,0.032942235469818115,5.0,5.033153057098389,0.0,6.074506759643555,3
1770789581.79993105,100844646,0.0,0.03648674488067627,5.0,5.037230014801025,0.0,6.068471431732178,3
1770789581.83991504,100884630,0.0,0.03935277462005615,5.0,5.029994010925293,0.0,6.064721584320068,3
1770789581.87989902,100924614,0.0,0.07258699834346771,5.0,5.021039009094238,0.0,6.061691761016846,3
1770789581.91988301,100964598,0.0,0.09864694625139236,5.0,5.011999607086182,0.0,6.053164482116699,3
1770789581.95986700,101004582,0.0,0.10641568899154663,5.0,5.0253520011901855,0.0,6.0454277992248535,3
1770789581.99985099,101044566,0.0,0.12690943479537964,5.0,5.038506984710693,0.0,6.037369728088379,3
1770789582.03983498,101084550,0.0,0.1462632715702057,5.0,5.046393871307373,0.0,6.030539512634277,3
1770789582.07981896,101124534,0.0,0.1526414453983307,5.0,5.064486026763916,0.0,6.031645774841309,3
1770789582.11980319,101164518,0.0,0.13914436101913452,5.0,5.08179235458374,0.0,6.042098045349121,3
1770789582.15978718,101204502,0.0,0.11282886564731598,5.0,5.074993133544922,0.0,6.051618576049805,3
1770789582.19977117,101244486,0.0,0.09003020077943802,5.0,5.054325103759766,0.0,6.064033508300781,3
1770789582.23975515,101284470,0.0,0.09132503718137741,5.0,5.017696380615234,0.0,6.068647384643555,3
1770789582.27973914,101324454,0.0,0.09233143925666809,5.0,4.9860663414001465,0.0,6.0665764808654785,3
1770789582.31972313,101364438,0.0,0.08677264302968979,5.0,4.963152885437012,0.0,6.044066905975342,3
1770789582.35970712,101404422,0.0,0.07552462071180344,5.0,4.949082851409912,0.0,6.036435604095459,3
1770789582.39969110,101444406,0.0,0.06818464398384094,5.0,4.9412841796875,0.0,6.0459303855896,3
1770789582.43967509,101484390,0.0,0.07296044379472733,5.0,4.932000160217285,0.0,6.050356388092041,3
1770789582.47965908,101524374,0.0,0.06681083142757416,5.0,4.921772480010986,0.0,6.0737433433532715,3
1770789582.51964307,101564358,0.0,0.05815396085381508,5.0,4.912054538726807,0.0,6.094794273376465,3
1770789582.55962706,101604342,0.0,0.05475825071334839,5.0,4.89348030090332,0.0,6.099850177764893,3
1770789582.59961104,101644326,0.0,0.05421815812587738,5.0,4.883270740509033,0.0,6.081076145172119,3
1770789582.63959503,101684310,0.0,0.04981788247823715,5.0,4.900722980499268,0.0,6.069023132324219,3
1770789582.68041205,101725127,0.0,0.03971100598573685,5.0,4.918326377868652,0.0,6.05814266204834,3
1770789582.72039604,101765111,0.0,0.02749541401863098,5.0,4.954873085021973,0.0,6.068935871124268,3
1770789582.76038003,101805095,0.0,0.025492103770375252,5.0,4.994790077209473,0.0,6.081398010253906,3
1770789582.80036402,101845079,0.0,0.028402984142303467,5.0,5.027843475341797,0.0,6.080344200134277,3
1770789582.84034801,101885063,0.0,0.03511258587241173,5.0,5.030751705169678,0.0,6.074294567108154,3
1770789582.88033199,101925047,0.0,0.059232838451862335,5.0,5.022644996643066,0.0,6.083749294281006,3
1770789582.92031598,101965031,0.0,0.09580958634614944,5.0,4.9984211921691895,0.0,6.094748020172119,3
1770789582.96029997,102005015,0.0,0.11913733929395676,5.0,4.996299743652344,0.0,6.108278274536133,3
1770789583.00028396,102044999,0.0,0.14577245712280273,5.0,5.003531455993652,0.0,6.144051551818848,3
1770789583.04026818,102084983,0.0,0.16090063750743866,5.0,5.0033793449401855,0.0,6.1703338623046875,3
1770789583.08025217,102124967,0.0,0.17010712623596191,5.0,4.994287014007568,0.0,6.167660236358643,3
1770789583.12023616,102164951,0.0,0.173264279961586,5.0,4.986428260803223,0.0,6.1506147384643555,3
1770789583.16022015,102204935,0.0,0.16910229623317719,5.0,4.972742557525635,0.0,6.128305912017822,3
1770789583.20020413,102244919,0.0,0.16641561686992645,5.0,4.947816848754883,0.0,6.113368511199951,3
1770789583.24018812,102284903,0.0,0.16118134558200836,5.0,4.909663200378418,0.0,6.086162090301514,3
1770789583.28017211,102324887,0.0,0.16057342290878296,5.0,4.866391181945801,0.0,6.069257736206055,3
1770789583.32015610,102364871,0.0,0.1457839161157608,5.0,4.821962833404541,0.0,6.05220890045166,3
1770789583.36014009,102404855,0.0,0.12298940867185593,5.0,4.797586917877197,0.0,6.045409679412842,3
1770789583.40012407,102444839,0.0,0.08879074454307556,5.0,4.774726390838623,0.0,6.0545220375061035,3
1770789583.44010806,102484823,0.0,0.04596780985593796,5.0,4.775491237640381,0.0,6.059542655944824,3
1770789583.48009205,102524807,0.0,0.02500057779252529,5.0,4.78764533996582,0.0,6.084314346313477,3
1770789583.52007604,102564791,0.0,0.01253553293645382,5.0,4.802988529205322,0.0,6.098829746246338,3
1770789583.56006002,102604775,0.0,0.00017348869005218148,5.0,4.822386741638184,0.0,6.115952014923096,3
1770789583.60004401,102644759,0.0,-0.0014637098647654057,5.0,4.821447372436523,0.0,6.132055282592773,3
1770789583.64002800,102684743,0.0,0.017347030341625214,5.0,4.826304912567139,0.0,6.13088321685791,3
1770789583.68001199,102724727,0.0,0.04557434096932411,5.0,4.819267749786377,0.0,6.130424499511719,3
1770789583.71999598,102764711,0.0,0.06886550784111023,5.0,4.806942462921143,0.0,6.1253228187561035,3
1770789583.75997996,102804695,0.0,0.08016596734523773,5.0,4.810878753662109,0.0,6.101391792297363,3
1770789583.79996419,102844679,0.0,0.07371839880943298,5.0,4.838901996612549,0.0,6.090114116668701,3
1770789583.83994818,102884663,0.0,0.08136140555143356,5.0,4.864408016204834,0.0,6.081075668334961,3
1770789583.87993217,102924647,0.0,0.10519657284021378,5.0,4.892996311187744,0.0,6.099853515625,3
1770789583.91991615,102964631,0.0,0.1268760859966278,5.0,4.908590316772461,0.0,6.1122331619262695,3
1770789583.95990014,103004615,0.0,0.14289794862270355,5.0,4.909265995025635,0.0,6.110014915466309,3
1770789583.99988413,103044599,0.0,0.134689062833786,5.0,4.900668621063232,0.0,6.104667663574219,3
1770789584.03986812,103084583,0.0,0.10260466486215591,5.0,4.897078990936279,0.0,6.094631195068359,3
1770789584.07985210,103124567,0.0,0.05072886124253273,5.0,4.9006781578063965,0.0,6.090751647949219,3
1770789584.11983609,103164551,0.0,0.009439420886337757,5.0,4.903265953063965,0.0,6.094799041748047,3
1770789584.15982008,103204535,0.0,-0.04063102602958679,5.0,4.927542209625244,0.0,6.106243133544922,3
1770789584.19980407,103244519,0.0,-0.07957890629768372,5.0,4.957019805908203,0.0,6.139019012451172,3
1770789584.23978806,103284503,0.0,-0.10489540547132492,5.0,4.989139080047607,0.0,6.168417453765869,3
1770789584.27977204,103324487,0.0,-0.0995665043592453,5.0,5.018242359161377,0.0,6.198459148406982,3
1770789584.31975603,103364471,0.0,-0.087514229118824,5.0,5.038902282714844,0.0,6.206101417541504,3
1770789584.35974002,103404455,0.0,-0.06979789584875107,5.0,5.056612491607666,0.0,6.197010517120361,3
1770789584.39972401,103444439,0.0,-0.05137147009372711,5.0,5.062458515167236,0.0,6.180008888244629,3
1770789584.43970799,103484423,0.0,-0.048116691410541534,5.0,5.074535846710205,0.0,6.171956539154053,3
1770789584.47969198,103524407,0.0,-0.0362490713596344,5.0,5.081312656402588,0.0,6.177696704864502,3
1770789584.51967597,103564391,0.0,-0.033816080540418625,5.0,5.088787078857422,0.0,6.181102275848389,3
1770789584.55965996,103604375,0.0,-0.041190195828676224,5.0,5.093843460083008,0.0,6.196242809295654,3
1770789584.59964418,103644359,0.0,-0.04008984565734863,5.0,5.0875091552734375,0.0,6.2083611488342285,3
1770789584.63962817,103684343,0.0,-0.0400233119726181,5.0,5.094364166259766,0.0,6.211863040924072,3
1770789584.67961216,103724327,0.0,-0.042638592422008514,5.0,5.08118200302124,0.0,6.218689441680908,3
1770789584.71959615,103764311,0.0,-0.028040088713169098,5.0,5.037032604217529,0.0,6.214693069458008,3
1770789584.76041317,103805128,0.0,-0.009928866289556026,5.0,5.0121660232543945,0.0,6.188177585601807,3
1770789584.80039716,103845112,0.0,0.013905319385230541,5.0,5.013240337371826,0.0,6.161011695861816,3
1770789584.84038115,103885096,0.0,0.04697476699948311,5.0,5.0079851150512695,0.0,6.141556262969971,3
1770789584.88036513,103925080,0.0,0.06947822868824005,5.0,4.999056816101074,0.0,6.143686771392822,3
1770789584.92034912,103965064,0.0,0.09043923765420914,5.0,4.992386817932129,0.0,6.159404277801514,3
1770789584.96033311,104005048,0.0,0.111588254570961,5.0,4.983874320983887,0.0,6.160704135894775,3
1770789585.00031710,104045032,0.0,0.13508816063404083,5.0,4.9651103019714355,0.0,6.166262626647949,3
1770789585.04030108,104085016,0.0,0.1503460556268692,5.0,4.952273845672607,0.0,6.161463737487793,3
1770789585.08028507,104125000,0.0,0.1651243269443512,5.0,4.926947116851807,0.0,6.153861999511719,3
1770789585.12026906,104164984,0.0,0.17341262102127075,5.0,4.901561260223389,0.0,6.147207260131836,3
1770789585.16025305,104204968,0.0,0.17221252620220184,5.0,4.895262241363525,0.0,6.1625590324401855,3
1770789585.20023704,104244952,0.0,0.16835446655750275,5.0,4.914564609527588,0.0,6.174587249755859,3
1770789585.24022102,104284936,0.0,0.16523796319961548,5.0,4.8957695960998535,0.0,6.183515548706055,3
1770789585.28020501,104324920,0.0,0.15626968443393707,5.0,4.856439113616943,0.0,6.184671401977539,3
1770789585.32018900,104364904,0.0,0.13925252854824066,5.0,4.823845863342285,0.0,6.171902656555176,3
1770789585.36017299,104404888,0.0,0.10637644678354263,5.0,4.792399883270264,0.0,6.139551639556885,3
1770789585.40015697,104444872,0.0,0.07283936440944672,5.0,4.787891864776611,0.0,6.09168815612793,3
1770789585.44014096,104484856,0.0,0.03734024241566658,5.0,4.794685363769531,0.0,6.0683088302612305,3
1770789585.48012519,104524840,0.0,0.017132434993982315,5.0,4.814354419708252,0.0,6.087518215179443,3
1770789585.52010918,104564824,0.0,0.01923988200724125,5.0,4.836867809295654,0.0,6.100785255432129,3
1770789585.56009316,104604808,0.0,0.00938121136277914,5.0,4.856065273284912,0.0,6.100061893463135,3
1770789585.60007715,104644792,0.0,-0.014788099564611912,5.0,4.882815361022949,0.0,6.098607540130615,3
1770789585.64006114,104684776,0.0,-0.03789078816771507,5.0,4.933074474334717,0.0,6.108859062194824,3
1770789585.68004513,104724760,0.0,-0.05363871157169342,5.0,4.989511013031006,0.0,6.113957405090332,3
1770789585.72002912,104764744,0.0,-0.09504286199808121,5.0,5.0280842781066895,0.0,6.117944717407227,3
1770789585.76001310,104804728,0.0,-0.1290981024503708,5.0,5.062414169311523,0.0,6.129176139831543,3
1770789585.79999709,104844712,0.0,-0.16913749277591705,5.0,5.094419002532959,0.0,6.143675327301025,3
1770789585.83998108,104884696,0.0,-0.18810002505779266,5.0,5.113753318786621,0.0,6.133638381958008,3
1770789585.87996507,104924680,0.0,-0.17247414588928223,5.0,5.120976448059082,0.0,6.123798847198486,3
1770789585.91994905,104964664,0.0,-0.15589459240436554,5.0,5.129676342010498,0.0,6.11347770690918,3
1770789585.95993304,105004648,0.0,-0.15520165860652924,5.0,5.143772125244141,0.0,6.098454475402832,3
1770789585.99991703,105044632,0.0,-0.154231995344162,5.0,5.124565601348877,0.0,6.086392402648926,3
1770789586.03990102,105084616,0.0,-0.1500045657157898,5.0,5.116366386413574,0.0,6.089853763580322,3
1770789586.07988501,105124600,0.0,-0.14638245105743408,5.0,5.106354236602783,0.0,6.099743843078613,3
1770789586.11986899,105164584,0.0,-0.12714415788650513,5.0,5.092060089111328,0.0,6.121468544006348,3
1770789586.15985298,105204568,0.0,-0.113448366522789,5.0,5.085780143737793,0.0,6.142186641693115,3
1770789586.19983697,105244552,0.0,-0.11296676099300385,5.0,5.075839042663574,0.0,6.147554397583008,3
1770789586.23982096,105284536,0.0,-0.10802678763866425,5.0,5.046271800994873,0.0,6.147128105163574,3
1770789586.27980518,105324520,0.0,-0.11586499959230423,5.0,4.994698524475098,0.0,6.156581401824951,3
1770789586.31978917,105364504,0.0,-0.12027788907289505,5.0,4.936532020568848,0.0,6.157264709472656,3
1770789586.35977316,105404488,0.0,-0.11577396839857101,5.0,4.880214691162109,0.0,6.16539192199707,3
1770789586.39975715,105444472,0.0,-0.1147586852312088,5.0,4.853448390960693,0.0,6.168688774108887,3
1770789586.43974113,105484456,0.0,-0.11090148985385895,5.0,4.851873874664307,0.0,6.152661323547363,3
1770789586.47972512,105524440,0.0,-0.09347964078187943,5.0,4.855772495269775,0.0,6.1156206130981445,3
1770789586.51970911,105564424,0.0,-0.06416969746351242,5.0,4.861917495727539,0.0,6.0783467292785645,3
1770789586.55969310,105604408,0.0,-0.028448283672332764,5.0,4.86741828918457,0.0,6.067776203155518,3
1770789586.59967709,105644392,0.0,-0.006245305296033621,5.0,4.882356643676758,0.0,6.066608905792236,3
1770789586.63966107,105684376,0.0,0.007520475424826145,5.0,4.883515357971191,0.0,6.067236423492432,3
1770789586.67964506,105724360,0.0,0.02077016606926918,5.0,4.876388072967529,0.0,6.086967468261719,3
1770789586.71962905,105764344,0.0,0.029025163501501083,5.0,4.863113880157471,0.0,6.0987067222595215,3
1770789586.75961304,105804328,0.0,0.042231738567352295,5.0,4.8588948249816895,0.0,6.120706558227539,3
1770789586.79959702,105844312,0.0,0.055576302111148834,5.0,4.8716721534729,0.0,6.124817848205566,3
1770789586.84041405,105885129,0.0,0.08090323209762573,5.0,4.900086402893066,0.0,6.101369857788086,3
1770789586.88039804,105925113,0.0,0.10659849643707275,5.0,4.95161771774292,0.0,6.097383499145508,3
1770789586.92038202,105965097,0.0,0.12020719796419144,5.0,5.005152225494385,0.0,6.116456031799316,3
1770789586.96036601,106005081,0.0,0.11585674434900284,5.0,5.046394348144531,0.0,6.118348598480225,3
1770789587.00035000,106045065,0.0,0.11141620576381683,5.0,5.082287311553955,0.0,6.121631622314453,3
1770789587.04033399,106085049,0.0,0.1016690582036972,5.0,5.097624778747559,0.0,6.1302924156188965,3
1770789587.08031797,106125033,0.0,0.10239705443382263,5.0,5.108006000518799,0.0,6.088678359985352,3
1770789587.12030196,106165017,0.0,0.15227343142032623,5.0,5.103564262390137,0.0,5.854427814483643,3
1770789587.16028619,106205001,0.0,0.2761457562446594,5.0,5.099922180175781,0.0,5.377402305603027,3
1770789587.20027018,106244985,0.0,0.4308927357196808,5.0,5.086056709289551,0.0,4.651663303375244,3
1770789587.24025416,106284969,0.0,0.6081167459487915,5.0,5.057062149047852,0.0,3.7457501888275146,3
1770789587.28023815,106324953,0.0,0.7753167152404785,5.0,5.0082783699035645,0.0,2.713083267211914,3
1770789587.32022214,106364937,0.0,0.9020604491233826,5.0,4.9851555824279785,0.0,1.594508409500122,3
1770789587.36020613,106404921,0.0,0.9667159914970398,5.0,4.981096267700195,0.0,0.44976797699928284,3
1770789587.40019011,106444905,0.0,0.9801425337791443,5.0,4.988239765167236,0.0,359.32421875,3
1770789587.44017410,106484889,0.0,0.9595337510108948,5.0,4.981337547302246,0.0,358.223388671875,3
1770789587.48015809,106524873,0.0,0.9030216336250305,5.0,4.96818733215332,0.0,357.1866455078125,3
1770789587.52014208,106564857,0.0,0.8014925718307495,5.0,4.962887763977051,0.0,356.2208251953125,3
1770789587.56012607,106604841,0.0,0.6505885124206543,5.0,4.955804824829102,0.0,355.3277587890625,3
1770789587.60011005,106644825,0.0,0.49825191497802734,5.0,4.946788787841797,0.0,354.5071716308594,3
1770789587.64009404,106684809,0.0,0.3592245280742645,5.0,4.910085201263428,0.0,353.75506591796875,3
1770789587.68007803,106724793,0.0,0.23220926523208618,5.0,4.876167297363281,0.0,353.05584716796875,3
1770789587.72006202,106764777,0.0,0.13621048629283905,5.0,4.852188587188721,0.0,352.39215087890625,3
1770789587.76004601,106804761,0.0,0.052974049001932144,5.0,4.8448100090026855,0.0,351.7755126953125,3
1770789587.80002999,106844745,0.0,-0.014914149418473244,5.0,4.871031284332275,0.0,351.1864318847656,3
1770789587.84001398,106884729,0.0,-0.06343954801559448,5.0,4.920217037200928,0.0,350.63275146484375,3
1770789587.87999797,106924713,0.0,-0.09394516050815582,5.0,4.972105026245117,0.0,350.0869445800781,3
1770789587.91998196,106964697,0.0,-0.1491437405347824,5.0,5.00150203704834,0.0,349.56817626953125,3
1770789587.95996618,107004681,0.0,-0.18689851462841034,5.0,5.027056694030762,0.0,349.0865783691406,3
1770789587.99995017,107044665,0.0,-0.19912482798099518,5.0,5.0600666999816895,0.0,348.62225341796875,3
1770789588.03993416,107084649,0.0,-0.19627270102500916,5.0,5.095538139343262,0.0,348.1769714355469,3
1770789588.07991815,107124633,0.0,-0.21271134912967682,5.0,5.127921104431152,0.0,347.7628479003906,3
1770789588.11990213,107164617,0.0,-0.22098280489444733,5.0,5.170834064483643,0.0,347.3746337890625,3
1770789588.15988612,107204601,0.0,-0.2178160399198532,5.0,5.235722064971924,0.0,347.00164794921875,3
1770789588.19987011,107244585,0.0,-0.21759214997291565,5.0,5.293216228485107,0.0,346.6561584472656,3
1770789588.23985410,107284569,0.0,-0.20543986558914185,5.0,5.326706409454346,0.0,346.3128662109375,3
1770789588.27983809,107324553,0.0,-0.20585119724273682,5.0,5.343400001525879,0.0,345.9877014160156,3
1770789588.31982207,107364537,0.0,-0.19720105826854706,5.0,5.339332103729248,0.0,345.67218017578125,3
1770789588.35980606,107404521,0.0,-0.18726344406604767,5.0,5.32505464553833,0.0,345.3848876953125,3
1770789588.39979005,107444505,0.0,-0.1735152155160904,5.0,5.310235023498535,0.0,345.1233215332031,3
1770789588.43977404,107484489,0.0,-0.1414221227169037,5.0,5.288966178894043,0.0,344.8994445800781,3
1770789588.47975802,107524473,0.0,-0.11513862758874893,5.0,5.28917121887207,0.0,344.6661376953125,3
1770789588.51974201,107564457,0.0,-0.08477683365345001,5.0,5.2843475341796875,0.0,344.4253845214844,3
1770789588.55972600,107604441,0.0,-0.0565774068236351,5.0,5.2643141746521,0.0,344.2022399902344,3
1770789588.59970999,107644425,0.0,-0.025140786543488503,5.0,5.237429618835449,0.0,343.9921875,3
1770789588.63969398,107684409,0.0,-0.021623775362968445,5.0,5.215191841125488,0.0,343.77532958984375,3
1770789588.67967796,107724393,0.0,-0.03646049648523331,5.0,5.19681978225708,0.0,343.5653991699219,3
1770789588.71966219,107764377,0.0,-0.04928635433316231,5.0,5.175126552581787,0.0,343.36444091796875,3
1770789588.75964618,107804361,0.0,-0.07559197396039963,5.0,5.158222198486328,0.0,343.17388916015625,3
1770789588.79963017,107844345,0.0,-0.11371900141239166,5.0,5.155452251434326,0.0,342.9897155761719,3
1770789588.83961415,107884329,0.0,-0.1403893083333969,5.0,5.1494245529174805,0.0,342.827392578125,3
1770789588.87959814,107924313,0.0,-0.16519209742546082,5.0,5.133084297180176,0.0,342.6517333984375,3
1770789588.92041516,107965130,0.0,-0.2015443593263626,5.0,5.100166320800781,0.0,342.4910583496094,3
1770789588.96039915,108005114,0.0,-0.21920745074748993,5.0,5.0729475021362305,0.0,342.3468322753906,3
1770789589.00038314,108045098,0.0,-0.22779631614685059,5.0,5.069478988647461,0.0,342.2418518066406,3
1770789589.04036713,108085082,0.0,-0.2449381798505783,5.0,5.0822343826293945,0.0,342.1517028808594,3
1770789589.08035111,108125066,0.0,-0.2609301507472992,5.0,5.077267646789551,0.0,342.0444641113281,3
1770789589.12033510,108165050,0.0,-0.2593937814235687,5.0,5.0636820793151855,0.0,341.9388122558594,3
1770789589.16031909,108205034,0.0,-0.2892421782016754,5.0,5.050326824188232,0.0,341.818115234375,3
1770789589.20030308,108245018,0.0,-0.3095119297504425,5.0,5.0510640144348145,0.0,341.6997375488281,3
1770789589.24028707,108285002,0.0,-0.32620665431022644,5.0,5.050675392150879,0.0,341.5859069824219,3
1770789589.28027105,108324986,0.0,-0.34046754240989685,5.0,5.04638671875,0.0,341.4761962890625,3
1770789589.32025504,108364970,0.0,-0.3417101502418518,5.0,5.063220024108887,0.0,341.3724365234375,3
1770789589.36023903,108404954,0.0,-0.3284909725189209,5.0,5.082673072814941,0.0,341.263671875,3
1770789589.40022302,108444938,0.0,-0.30400341749191284,5.0,5.112475872039795,0.0,341.17462158203125,3
1770789589.44020700,108484922,0.0,-0.27551281452178955,5.0,5.12618350982666,0.0,341.077392578125,3
1770789589.48019099,108524906,0.0,-0.2605760097503662,5.0,5.130018711090088,0.0,340.9915466308594,3
1770789589.52017498,108564890,0.0,-0.24857448041439056,5.0,5.133309364318848,0.0,340.9018859863281,3
1770789589.56015897,108604874,0.0,-0.2344292551279068,5.0,5.136709690093994,0.0,340.8257751464844,3
1770789589.60014296,108644858,0.0,-0.21628788113594055,5.0,5.142254829406738,0.0,340.7792053222656,3
1770789589.64012718,108684842,0.0,-0.21410171687602997,5.0,5.136276721954346,0.0,340.7278137207031,3
1770789589.68011117,108724826,0.0,-0.21915315091609955,5.0,5.119397163391113,0.0,340.6558532714844,3
1770789589.72009516,108764810,0.0,-0.22026051580905914,5.0,5.117693901062012,0.0,340.5775146484375,3
1770789589.76007915,108804794,0.0,-0.2138661891222,5.0,5.120035171508789,0.0,340.4952392578125,3
1770789589.80006313,108844778,0.0,-0.205463245511055,5.0,5.13469934463501,0.0,340.4247741699219,3
1770789589.84004712,108884762,0.0,-0.21220330893993378,5.0,5.125053882598877,0.0,340.3624267578125,3
1770789589.88003111,108924746,0.0,-0.23723167181015015,5.0,5.114738464355469,0.0,340.3260192871094,3
1770789589.92001510,108964730,0.0,-0.2565328776836395,5.0,5.105039119720459,0.0,340.3039245605469,3
1770789589.95999908,109004714,0.0,-0.27190637588500977,5.0,5.067694664001465,0.0,340.2869567871094,3
1770789589.99998307,109044698,0.0,-0.2871028184890747,5.0,5.0607428550720215,0.0,340.2742919921875,3
1770789590.03996706,109084682,0.0,-0.28222987055778503,5.0,5.081548690795898,0.0,340.26519775390625,3
1770789590.07995105,109124666,0.0,-0.23747162520885468,5.0,5.1052961349487305,0.0,340.24462890625,3
1770789590.11993504,109164650,0.0,-0.20897743105888367,5.0,5.123586177825928,0.0,340.22271728515625,3
1770789590.15991902,109204634,0.0,-0.20174716413021088,5.0,5.134023666381836,0.0,340.21075439453125,3
1770789590.19990301,109244618,0.0,-0.18485552072525024,5.0,5.149599075317383,0.0,340.189208984375,3
1770789590.23988700,109284602,0.0,-0.16623727977275848,5.0,5.1763482093811035,0.0,340.14215087890625,3
1770789590.27987099,109324586,0.0,-0.15350136160850525,5.0,5.207733631134033,0.0,340.0975036621094,3
1770789590.31985497,109364570,0.0,-0.14679531753063202,5.0,5.223139762878418,0.0,340.06134033203125,3
1770789590.35983896,109404554,0.0,-0.15564490854740143,5.0,5.231657028198242,0.0,340.0220031738281,3
1770789590.39982319,109444538,0.0,-0.15802249312400818,5.0,5.225003719329834,0.0,340.0003662109375,3
1770789590.43980718,109484522,0.0,-0.17312447726726532,5.0,5.219092845916748,0.0,339.9783020019531,3
1770789590.47979116,109524506,0.0,-0.18555234372615814,5.0,5.214123725891113,0.0,339.9549560546875,3
1770789590.51977515,109564490,0.0,-0.20313361287117004,5.0,5.192763805389404,0.0,339.9350891113281,3
1770789590.55975914,109604474,0.0,-0.20942623913288116,5.0,5.177349090576172,0.0,339.9256286621094,3
1770789590.59974313,109644458,0.0,-0.2030147761106491,5.0,5.132357597351074,0.0,339.9326171875,3
1770789590.63972712,109684442,0.0,-0.18977366387844086,5.0,5.079473972320557,0.0,339.94415283203125,3
1770789590.67971110,109724426,0.0,-0.18601946532726288,5.0,5.0381550788879395,0.0,339.9577331542969,3
1770789590.71969509,109764410,0.0,-0.15913575887680054,5.0,5.0244221687316895,0.0,339.94769287109375,3
1770789590.75967908,109804394,0.0,-0.1216965988278389,5.0,5.031197547912598,0.0,339.9231872558594,3
1770789590.79966307,109844378,0.0,-0.10696396976709366,5.0,5.019840717315674,0.0,339.8915710449219,3
1770789590.83964705,109884362,0.0,-0.09259793907403946,5.0,5.003775596618652,0.0,339.8501892089844,3
1770789590.87963104,109924346,0.0,-0.07538101077079773,5.0,4.999945163726807,0.0,339.84136962890625,3
1770789590.91961503,109964330,0.0,-0.05654636770486832,5.0,4.976089000701904,0.0,339.8538818359375,3
1770789590.95959902,110004314,0.0,-0.03976133093237877,5.0,4.954338073730469,0.0,339.84478759765625,3
1770789591.00041604,110045131,0.0,-0.017465654760599136,5.0,4.93865442276001,0.0,339.8329772949219,3
1770789591.04040003,110085115,0.0,-0.007638720795512199,5.0,4.911282062530518,0.0,339.80706787109375,3
1770789591.08038402,110125099,0.0,-0.024210799485445023,5.0,4.878834247589111,0.0,339.7767028808594,3
1770789591.12036800,110165083,0.0,-0.030437538400292397,5.0,4.856791019439697,0.0,339.76806640625,3
1770789591.16035199,110205067,0.0,-0.04589639976620674,5.0,4.856126308441162,0.0,339.7730712890625,3
1770789591.20033598,110245051,0.0,-0.04046027734875679,5.0,4.870848178863525,0.0,339.784912109375,3
1770789591.24031997,110285035,0.0,-0.03743449226021767,5.0,4.8878374099731445,0.0,339.7933349609375,3
1770789591.28030396,110325019,0.0,-0.038322389125823975,5.0,4.912167072296143,0.0,339.80218505859375,3
1770789591.32028818,110365003,0.0,-0.0468316487967968,5.0,4.948180675506592,0.0,339.7978820800781,3
1770789591.36027217,110404987,0.0,-0.04978112876415253,5.0,4.995441913604736,0.0,339.78851318359375,3
1770789591.40025616,110444971,0.0,-0.05820303410291672,5.0,5.026447296142578,0.0,339.7961730957031,3
1770789591.44024014,110484955,0.0,-0.06824939697980881,5.0,5.033137321472168,0.0,339.7880859375,3
1770789591.48022413,110524939,0.0,-0.0895281434059143,5.0,5.017574310302734,0.0,339.7901916503906,3
1770789591.52020812,110564923,0.0,-0.0896386057138443,5.0,4.999750137329102,0.0,339.79376220703125,3
1770789591.56019211,110604907,0.0,-0.10743187367916107,5.0,4.994641304016113,0.0,339.7784729003906,3
1770789591.60017610,110644891,0.0,-0.13363301753997803,5.0,4.996476173400879,0.0,339.7713623046875,3
1770789591.64016008,110684875,0.0,-0.13672974705696106,5.0,4.978600978851318,0.0,339.7678527832031,3
1770789591.68014407,110724859,0.0,-0.11841113865375519,5.0,4.982641696929932,0.0,339.7530822753906,3
1770789591.72012806,110764843,0.0,-0.09926366060972214,5.0,4.993384838104248,0.0,339.725341796875,3
1770789591.76011205,110804827,0.0,-0.09530342370271683,5.0,4.988168239593506,0.0,339.7039794921875,3
1770789591.80009604,110844811,0.0,-0.09336350113153458,5.0,4.971282005310059,0.0,339.68487548828125,3
1770789591.84008002,110884795,0.0,-0.10409253090620041,5.0,4.967180252075195,0.0,339.66571044921875,3
1770789591.88006401,110924779,0.0,-0.11191249638795853,5.0,4.967979431152344,0.0,339.6467590332031,3
1770789591.92004800,110964763,0.0,-0.13400429487228394,5.0,4.976350784301758,0.0,339.6379699707031,3
1770789591.96003199,111004747,0.0,-0.13521337509155273,5.0,4.979291915893555,0.0,339.6390075683594,3
1770789592.00001597,111044731,0.0,-0.12564636766910553,5.0,4.995111465454102,0.0,339.6382751464844,3
1770789592.03999996,111084715,0.0,-0.11568000167608261,5.0,5.012367248535156,0.0,339.66070556640625,3
1770789592.07998419,111124699,0.0,-0.1310429871082306,5.0,5.038281440734863,0.0,339.6933898925781,3
1770789592.11996818,111164683,0.0,-0.1358226090669632,5.0,5.040095329284668,0.0,339.70501708984375,3
1770789592.15995216,111204667,0.0,-0.12340008467435837,5.0,5.033748626708984,0.0,339.6975402832031,3
1770789592.19993615,111244651,0.0,-0.10888976603746414,5.0,5.03096866607666,0.0,339.682861328125,3
1770789592.23992014,111284635,0.0,-0.1058531329035759,5.0,5.04744815826416,0.0,339.6674499511719,3
1770789592.27990413,111324619,0.0,-0.09836030751466751,5.0,5.082737922668457,0.0,339.64410400390625,3
1770789592.31988811,111364603,0.0,-0.09920252114534378,5.0,5.096208572387695,0.0,339.62451171875,3
1770789592.35987210,111404587,0.0,-0.11465716361999512,5.0,5.092670917510986,0.0,339.6205749511719,3
1770789592.39985609,111444571,0.0,-0.14285916090011597,5.0,5.089481830596924,0.0,339.62322998046875,3
1770789592.43984008,111484555,0.0,-0.16232022643089294,5.0,5.095435619354248,0.0,339.62939453125,3
1770789592.47982407,111524539,0.0,-0.15064693987369537,5.0,5.079182147979736,0.0,339.63568115234375,3
1770789592.51980805,111564523,0.0,-0.11363880336284637,5.0,5.063143253326416,0.0,339.6627502441406,3
1770789592.55979204,111604507,0.0,-0.0890737995505333,5.0,5.0758280754089355,0.0,339.6871032714844,3
1770789592.59977603,111644491,0.0,-0.08142832666635513,5.0,5.084310531616211,0.0,339.6943359375,3
1770789592.63976002,111684475,0.0,-0.08268316090106964,5.0,5.049052715301514,0.0,339.70953369140625,3
1770789592.67974401,111724459,0.0,-0.06763093918561935,5.0,5.001701354980469,0.0,339.7232360839844,3
1770789592.71972799,111764443,0.0,-0.028404997661709785,5.0,4.9597487449646,0.0,339.7117004394531,3
1770789592.75971198,111804427,0.0,0.01141892746090889,5.0,4.913549900054932,0.0,339.6980895996094,3
1770789592.79969597,111844411,0.0,0.03970915079116821,5.0,4.865629196166992,0.0,339.6974792480469,3
1770789592.83967996,111884395,0.0,0.03259783238172531,5.0,4.862207412719727,0.0,339.69140625,3
1770789592.87966418,111924379,0.0,0.031237253919243813,5.0,4.866765022277832,0.0,339.67926025390625,3
1770789592.91964817,111964363,0.0,0.023660680279135704,5.0,4.864824295043945,0.0,339.6662292480469,3
1770789592.95963216,112004347,0.0,0.010758102871477604,5.0,4.866603374481201,0.0,339.65948486328125,3
1770789592.99961615,112044331,0.0,-0.016257820650935173,5.0,4.862648963928223,0.0,339.6407165527344,3
1770789593.03960013,112084315,0.0,-0.03421110659837723,5.0,4.866225242614746,0.0,339.6267395019531,3
1770789593.08041716,112125132,0.0,-0.05376686528325081,5.0,4.860993385314941,0.0,339.61981201171875,3
1770789593.12040114,112165116,0.0,-0.06190657615661621,5.0,4.875102996826172,0.0,339.60498046875,3
1770789593.16038513,112205100,0.0,-0.08338147401809692,5.0,4.894947052001953,0.0,339.58489990234375,3
1770789593.20036912,112245084,0.0,-0.10567104816436768,5.0,4.92175817489624,0.0,339.5813903808594,3
1770789593.24035311,112285068,0.0,-0.1300971508026123,5.0,4.93000602722168,0.0,339.5983581542969,3
1770789593.28033710,112325052,0.0,-0.15055273473262787,5.0,4.9121809005737305,0.0,339.617431640625,3
1770789593.32032108,112365036,0.0,-0.15771597623825073,5.0,4.885039329528809,0.0,339.6217041015625,3
1770789593.36030507,112405020,0.0,-0.15534430742263794,5.0,4.888859748840332,0.0,339.6399230957031,3
1770789593.40028906,112445004,0.0,-0.15486784279346466,5.0,4.894721508026123,0.0,339.6572265625,3
1770789593.44027305,112484988,0.0,-0.16194573044776917,5.0,4.874887466430664,0.0,339.6631164550781,3
1770789593.48025703,112524972,0.0,-0.1608990579843521,5.0,4.852615833282471,0.0,339.6731262207031,3
1770789593.52024102,112564956,0.0,-0.15659838914871216,5.0,4.843358516693115,0.0,339.6700744628906,3
1770789593.56022501,112604940,0.0,-0.15348728001117706,5.0,4.8633809089660645,0.0,339.6717529296875,3
1770789593.60020900,112644924,0.0,-0.15672752261161804,5.0,4.874853610992432,0.0,339.65606689453125,3
1770789593.64019299,112684908,0.0,-0.15841014683246613,5.0,4.886440277099609,0.0,339.63677978515625,3
1770789593.68017697,112724892,0.0,-0.16823990643024445,5.0,4.906548500061035,0.0,339.6156921386719,3
1770789593.72016096,112764876,0.0,-0.17514343559741974,5.0,4.907353401184082,0.0,339.61309814453125,3
1770789593.76014519,112804860,0.0,-0.16536782681941986,5.0,4.9331374168396,0.0,339.61566162109375,3
1770789593.80012918,112844844,0.0,-0.1485912799835205,5.0,4.974878311157227,0.0,339.6177673339844,3
1770789593.84011316,112884828,0.0,-0.1552504450082779,5.0,5.004954814910889,0.0,339.61175537109375,3
1770789593.88009715,112924812,0.0,-0.15707987546920776,5.0,5.012436389923096,0.0,339.5970153808594,3
1770789593.92008114,112964796,0.0,-0.16308464109897614,5.0,5.0144548416137695,0.0,339.5832824707031,3
1770789593.96006513,113004780,0.0,-0.1605646014213562,5.0,5.023457050323486,0.0,339.573486328125,3
1770789594.00004911,113044764,0.0,-0.14242254197597504,5.0,5.032068252563477,0.0,339.5654602050781,3
1770789594.04003310,113084748,0.0,-0.13206322491168976,5.0,5.0063323974609375,0.0,339.5623779296875,3
1770789594.08001709,113124732,0.0,-0.13233144581317902,5.0,5.0068206787109375,0.0,339.55535888671875,3
1770789594.12000108,113164716,0.0,-0.13855861127376556,5.0,5.020531177520752,0.0,339.55035400390625,3
1770789594.15998507,113204700,0.0,-0.1412164270877838,5.0,5.031858444213867,0.0,339.55316162109375,3
1770789594.19996905,113244684,0.0,-0.1211232841014862,5.0,5.043907642364502,0.0,339.55859375,3
1770789594.23995304,113284668,0.0,-0.09499475359916687,5.0,5.033294200897217,0.0,339.58477783203125,3
1770789594.27993703,113324652,0.0,-0.08586876839399338,5.0,5.005837440490723,0.0,339.6014099121094,3
1770789594.31992102,113364636,0.0,-0.07566739618778229,5.0,4.984317779541016,0.0,339.6011962890625,3
1770789594.35990500,113404620,0.0,-0.05780522897839546,5.0,4.974353313446045,0.0,339.59063720703125,3
1770789594.39988899,113444604,0.0,-0.04185793176293373,5.0,4.963933944702148,0.0,339.572265625,3
1770789594.43987298,113484588,0.0,-0.04112156108021736,5.0,4.957263469696045,0.0,339.56451416015625,3
1770789594.47985697,113524572,0.0,-0.04449542611837387,5.0,4.957103252410889,0.0,339.5561218261719,3
1770789594.51984096,113564556,0.0,-0.03381789103150368,5.0,4.962137699127197,0.0,339.5424499511719,3
1770789594.55982518,113604540,0.0,-0.028155185282230377,5.0,4.961442947387695,0.0,339.52618408203125,3
1770789594.59980917,113644524,0.0,-0.041583992540836334,5.0,4.956850051879883,0.0,339.5246276855469,3
1770789594.63979316,113684508,0.0,-0.0417720228433609,5.0,4.966468811035156,0.0,339.5287170410156,3
1770789594.67977715,113724492,0.0,-0.03135991469025612,5.0,4.981408596038818,0.0,339.5473937988281,3
1770789594.71976113,113764476,0.0,-0.02206152305006981,5.0,5.0020060539245605,0.0,339.55743408203125,3
1770789594.75974512,113804460,0.0,-0.016261901706457138,5.0,5.021451950073242,0.0,339.5818176269531,3
1770789594.79972911,113844444,0.0,0.020493408665060997,5.0,5.023462295532227,0.0,339.59197998046875,3
1770789594.83971310,113884428,0.0,0.054200537502765656,5.0,5.0375165939331055,0.0,339.59149169921875,3
1770789594.87969708,113924412,0.0,0.06011302024126053,5.0,5.053793907165527,0.0,339.5840759277344,3
1770789594.91968107,113964396,0.0,0.05202847719192505,5.0,5.046318531036377,0.0,339.5552673339844,3
1770789594.95966506,114004380,0.0,0.04152652993798256,5.0,5.034640312194824,0.0,339.52008056640625,3
1770789594.99964905,114044364,0.0,0.019294684752821922,5.0,5.028048992156982,0.0,339.4947204589844,3
1770789595.03963304,114084348,0.0,0.010601546615362167,5.0,5.025345802307129,0.0,339.4913024902344,3
1770789595.07961702,114124332,0.0,0.0030246940441429615,5.0,5.00046443939209,0.0,339.4839782714844,3
1770789595.11960101,114164316,0.0,-0.0030500630382448435,5.0,4.970702171325684,0.0,339.4637145996094,3
1770789595.16041803,114205133,0.0,-0.011282339692115784,5.0,4.9501633644104,0.0,339.444091796875,3
1770789595.20040202,114245117,0.0,-0.046437252312898636,5.0,4.918676853179932,0.0,339.4374694824219,3
1770789595.24038601,114285101,0.0,-0.07932435721158981,5.0,4.9073309898376465,0.0,339.46441650390625,3
1770789595.28037000,114325085,0.0,-0.09717241674661636,5.0,4.916726589202881,0.0,339.50921630859375,3
1770789595.32035398,114365069,0.0,-0.10474690794944763,5.0,4.9417619705200195,0.0,339.5345153808594,3
1770789595.36033797,114405053,0.0,-0.1096893921494484,5.0,4.957729339599609,0.0,339.55206298828125,3
1770789595.40032196,114445037,0.0,-0.10882730782032013,5.0,4.963032245635986,0.0,339.54376220703125,3
1770789595.44030619,114485021,0.0,-0.0922788754105568,5.0,4.933529853820801,0.0,339.5276184082031,3
1770789595.48029017,114525005,0.0,-0.08690629154443741,5.0,4.9073944091796875,0.0,339.5169677734375,3
1770789595.52027416,114564989,0.0,-0.08908155560493469,5.0,4.889439105987549,0.0,339.5164794921875,3
1770789595.56025815,114604973,0.0,-0.0948932021856308,5.0,4.877246379852295,0.0,339.53204345703125,3
1770789595.60024214,114644957,0.0,-0.10540197789669037,5.0,4.873032569885254,0.0,339.5390625,3
1770789595.64022613,114684941,0.0,-0.11491763591766357,5.0,4.8565354347229,0.0,339.5467529296875,3
1770789595.68021011,114724925,0.0,-0.10630495101213455,5.0,4.852813243865967,0.0,339.521484375,3
1770789595.72019410,114764909,0.0,-0.08956768363714218,5.0,4.8466644287109375,0.0,339.4922790527344,3
1770789595.76017809,114804893,0.0,-0.08703776448965073,5.0,4.8499298095703125,0.0,339.47235107421875,3
1770789595.80016208,114844877,0.0,-0.07770223915576935,5.0,4.8705644607543945,0.0,339.46527099609375,3
1770789595.84014606,114884861,0.0,-0.05631920322775841,5.0,4.873966693878174,0.0,339.4795227050781,3
1770789595.88013005,114924845,0.0,-0.04663443937897682,5.0,4.875412464141846,0.0,339.4783935546875,3
1770789595.92011404,114964829,0.0,-0.026722781360149384,5.0,4.908700942993164,0.0,339.4717712402344,3
1770789595.96009803,115004813,0.0,-0.0075874850153923035,5.0,4.952639102935791,0.0,339.4711608886719,3
1770789596.00008202,115044797,0.0,0.0031206330750137568,5.0,4.9810590744018555,0.0,339.46270751953125,3
1770789596.04006600,115084781,0.0,-0.0039015307556837797,5.0,5.000904083251953,0.0,339.4571228027344,3
1770789596.08004999,115124765,0.0,-0.015524737536907196,5.0,5.02047061920166,0.0,339.4482421875,3
1770789596.12003398,115164749,0.0,-0.02314550243318081,5.0,5.027644157409668,0.0,339.4404602050781,3
1770789596.16001797,115204733,0.0,-0.014119097031652927,5.0,5.029262542724609,0.0,339.4359436035156,3
1770789596.20000196,115244717,0.0,-0.01119224727153778,5.0,5.024421691894531,0.0,339.424072265625,3
1770789596.23998618,115284701,0.0,-0.025309860706329346,5.0,5.0060906410217285,0.0,339.4239807128906,3
1770789596.27997017,115324685,0.0,-0.03131099045276642,5.0,4.983595371246338,0.0,339.41143798828125,3
1770789596.31995416,115364669,0.0,-0.03663630411028862,5.0,4.947638988494873,0.0,339.399169921875,3
1770789596.35993814,115404653,0.0,-0.047253794968128204,5.0,4.928147315979004,0.0,339.4048156738281,3
1770789596.39992213,115444637,0.0,-0.05412057042121887,5.0,4.9458394050598145,0.0,339.4075927734375,3
1770789596.43990612,115484621,0.0,-0.06942281126976013,5.0,4.978980541229248,0.0,339.4101257324219,3
1770789596.47989011,115524605,0.0,-0.09638575464487076,5.0,5.006622314453125,0.0,339.415283203125,3
1770789596.51987410,115564589,0.0,-0.12371459603309631,5.0,5.032347679138184,0.0,339.4396057128906,3
1770789596.55985808,115604573,0.0,-0.12650515139102936,5.0,5.046164035797119,0.0,339.45965576171875,3
1770789596.59984207,115644557,0.0,-0.1157752200961113,5.0,5.046240329742432,0.0,339.45733642578125,3
1770789596.63982606,115684541,0.0,-0.09164076298475266,5.0,5.053308963775635,0.0,339.4488525390625,3
1770789596.67981005,115724525,0.0,-0.08305440843105316,5.0,5.059450149536133,0.0,339.4301452636719,3
1770789596.71979403,115764509,0.0,-0.06238192319869995,5.0,5.074692726135254,0.0,339.43231201171875,3
1770789596.75977802,115804493,0.0,-0.05106214061379433,5.0,5.065619468688965,0.0,339.42364501953125,3
1770789596.79976201,115844477,0.0,-0.040362242609262466,5.0,5.030478477478027,0.0,339.41796875,3
1770789596.83974600,115884461,0.0,-0.025325508788228035,5.0,5.012035369873047,0.0,339.4141845703125,3
1770789596.87972999,115924445,0.0,-0.012253019027411938,5.0,5.0171942710876465,0.0,339.3774719238281,3
1770789596.91971397,115964429,0.0,-0.005992166232317686,5.0,5.049193382263184,0.0,339.33843994140625,3
1770789596.95969796,116004413,0.0,-0.008520040661096573,5.0,5.0865278244018555,0.0,339.3219909667969,3
1770789596.99968219,116044397,0.0,-0.0018213896546512842,5.0,5.1319122314453125,0.0,339.3377685546875,3
1770789597.03966618,116084381,0.0,0.025673773139715195,5.0,5.152909755706787,0.0,339.35369873046875,3
1770789597.07965016,116124365,0.0,0.06298462301492691,5.0,5.1321187019348145,0.0,339.36578369140625,3
1770789597.11963415,116164349,0.0,0.0654887780547142,5.0,5.097875118255615,0.0,339.4642639160156,3
1770789597.15961814,116204333,0.0,-0.012317776679992676,5.0,5.08531379699707,0.0,339.7588806152344,3
1770789597.19960213,116244317,0.0,-0.14510992169380188,5.0,5.1000165939331055,0.0,340.3063049316406,3
1770789597.24041915,116285134,0.0,-0.3276590406894684,5.0,5.126493453979492,0.0,341.0797424316406,3
1770789597.28040314,116325118,0.0,-0.48891106247901917,5.0,5.133502006530762,0.0,342.0166015625,3
1770789597.32038713,116365102,0.0,-0.6340013742446899,5.0,5.119336128234863,0.0,343.0809326171875,3
1770789597.36037111,116405086,0.0,-0.7522725462913513,5.0,5.079989910125732,0.0,344.1697692871094,3
1770789597.40035510,116445070,0.0,-0.829448401927948,5.0,5.03218936920166,0.0,345.2647399902344,3
1770789597.44033909,116485054,0.0,-0.8681254982948303,5.0,4.979604721069336,0.0,346.3360595703125,3
1770789597.48032308,116525038,0.0,-0.8831167817115784,5.0,4.923624515533447,0.0,347.3914489746094,3
1770789597.52030706,116565022,0.0,-0.8584675788879395,5.0,4.878260135650635,0.0,348.3971862792969,3
1770789597.56029105,116605006,0.0,-0.7836306691169739,5.0,4.857602596282959,0.0,349.3675842285156,3
1770789597.60027504,116644990,0.0,-0.6812111139297485,5.0,4.844027042388916,0.0,350.2913513183594,3
1770789597.64025903,116684974,0.0,-0.5623528957366943,5.0,4.795820713043213,0.0,351.1597900390625,3
1770789597.68024302,116724958,0.0,-0.4316478669643402,5.0,4.730371475219727,0.0,351.9507751464844,3
1770789597.72022700,116764942,0.0,-0.31455540657043457,5.0,4.671322822570801,0.0,352.71453857421875,3
1770789597.76021099,116804926,0.0,-0.19502785801887512,5.0,4.624960422515869,0.0,353.4495544433594,3
1770789597.80019498,116844910,0.0,-0.08317268639802933,5.0,4.574935436248779,0.0,354.13934326171875,3
1770789597.84017897,116884894,0.0,0.010641055181622505,5.0,4.535601615905762,0.0,354.77349853515625,3
1770789597.88016295,116924878,0.0,0.07429761439561844,5.0,4.516822338104248,0.0,355.3768005371094,3
1770789597.92014718,116964862,0.0,0.1043749749660492,5.0,4.4993085861206055,0.0,355.9263916015625,3
1770789597.96013117,117004846,0.0,0.13739056885242462,5.0,4.461493968963623,0.0,356.46392822265625,3
1770789598.00011516,117044830,0.0,0.1578364074230194,5.0,4.422215938568115,0.0,356.9831237792969,3
1770789598.04009914,117084814,0.0,0.15360702574253082,5.0,4.411173343658447,0.0,357.48577880859375,3
1770789598.08008313,117124798,0.0,0.15100057423114777,5.0,4.384273529052734,0.0,357.97991943359375,3
1770789598.12006712,117164782,0.0,0.14616593718528748,5.0,4.361310005187988,0.0,358.453369140625,3
1770789598.16005111,117204766,0.0,0.1301344484090805,5.0,4.365423679351807,0.0,358.8935852050781,3
1770789598.20003510,117244750,0.0,0.12000852823257446,5.0,4.39683198928833,0.0,359.29071044921875,3
1770789598.24001908,117284734,0.0,0.09574795514345169,5.0,4.426809787750244,0.0,359.66375732421875,3
1770789598.28000307,117324718,0.0,0.07654889672994614,5.0,4.454124450683594,0.0,0.033377744257450104,3
1770789598.31998706,117364702,0.0,0.04868582263588905,5.0,4.4464192390441895,0.0,0.38981756567955017,3
1770789598.35997105,117404686,0.0,0.04613223299384117,5.0,4.44633674621582,0.0,0.7209999561309814,3
1770789598.39995503,117444670,0.0,0.058648284524679184,5.0,4.462362766265869,0.0,1.0130189657211304,3
1770789598.43993902,117484654,0.0,0.09725392609834671,5.0,4.474899768829346,0.0,1.284621000289917,3
1770789598.47992301,117524638,0.0,0.1300806850194931,5.0,4.498691558837891,0.0,1.5392435789108276,3
1770789598.51990700,117564622,0.0,0.13204684853553772,5.0,4.540604591369629,0.0,1.7499780654907227,3
1770789598.55989099,117604606,0.0,0.11473049968481064,5.0,4.605138778686523,0.0,1.9749644994735718,3
1770789598.59987497,117644590,0.0,0.08660091459751129,5.0,4.6888628005981445,0.0,2.1857872009277344,3
1770789598.63985896,117684574,0.0,0.07272261381149292,5.0,4.772902488708496,0.0,2.4082467555999756,3
1770789598.67984319,117724558,0.0,0.06513531506061554,5.0,4.840176105499268,0.0,2.620103120803833,3
1770789598.71982718,117764542,0.0,0.06153630092740059,5.0,4.87571907043457,0.0,2.8145346641540527,3
1770789598.75981116,117804526,0.0,0.060851458460092545,5.0,4.886508941650391,0.0,3.0112099647521973,3
1770789598.79979515,117844510,0.0,0.0643007680773735,5.0,4.878269195556641,0.0,3.22087025642395,3
1770789598.83977914,117884494,0.0,0.06836645305156708,5.0,4.862664222717285,0.0,3.4286911487579346,3
1770789598.87976313,117924478,0.0,0.07317780703306198,5.0,4.871315002441406,0.0,3.625746488571167,3
1770789598.91974711,117964462,0.0,0.06966560333967209,5.0,4.866076946258545,0.0,3.8126306533813477,3
1770789598.95973110,118004446,0.0,0.0733693391084671,5.0,4.85237979888916,0.0,3.9709534645080566,3
1770789598.99971509,118044430,0.0,0.07485335320234299,5.0,4.817927360534668,0.0,4.099159240722656,3
1770789599.03969908,118084414,0.0,0.07687272131443024,5.0,4.767024993896484,0.0,4.224257946014404,3
1770789599.07968307,118124398,0.0,0.10115893930196762,5.0,4.714991092681885,0.0,4.351583003997803,3
1770789599.11966705,118164382,0.0,0.11993338912725449,5.0,4.684354305267334,0.0,4.468883037567139,3
1770789599.15965104,118204366,0.0,0.1374800056219101,5.0,4.660978317260742,0.0,4.583873748779297,3
1770789599.19963503,118244350,0.0,0.16125576198101044,5.0,4.672776222229004,0.0,4.6899333000183105,3
1770789599.23961902,118284334,0.0,0.20639817416667938,5.0,4.702291965484619,0.0,4.78513765335083,3
1770789599.27960300,118324318,0.0,0.2526865303516388,5.0,4.742770195007324,0.0,4.87958288192749,3
1770789599.32042003,118365135,0.0,0.30309057235717773,5.0,4.769094944000244,0.0,4.977044105529785,3
1770789599.36040401,118405119,0.0,0.32916173338890076,5.0,4.806872367858887,0.0,5.058115005493164,3
1770789599.40038800,118445103,0.0,0.33729279041290283,5.0,4.868448257446289,0.0,5.131467342376709,3
1770789599.44037199,118485087,0.0,0.33455580472946167,5.0,4.92116117477417,0.0,5.206609725952148,3
1770789599.48035598,118525071,0.0,0.3320061266422272,5.0,4.965827941894531,0.0,5.277623176574707,3
1770789599.52033997,118565055,0.0,0.32891616225242615,5.0,4.997633457183838,0.0,5.371769428253174,3
1770789599.56032395,118605039,0.0,0.3277774751186371,5.0,5.019561290740967,0.0,5.475116729736328,3
1770789599.60030818,118645023,0.0,0.31880220770835876,5.0,5.031136989593506,0.0,5.569223880767822,3
1770789599.64029217,118685007,0.0,0.31576746702194214,5.0,5.044286251068115,0.0,5.655506610870361,3
1770789599.68027616,118724991,0.0,0.3213508725166321,5.0,5.057407855987549,0.0,5.732503890991211,3
1770789599.72026014,118764975,0.0,0.33607882261276245,5.0,5.072132587432861,0.0,5.824589252471924,3
1770789599.76024413,118804959,0.0,0.36328548192977905,5.0,5.062576770782471,0.0,5.914011001586914,3
1770789599.80022812,118844943,0.0,0.35828202962875366,5.0,5.0456862449646,0.0,5.9830756187438965,3
1770789599.84021211,118884927,0.0,0.3524865508079529,5.0,5.019433975219727,0.0,6.055961608886719,3
1770789599.88019609,118924911,0.0,0.32498201727867126,5.0,4.984084606170654,0.0,6.113473892211914,3
1770789599.92018008,118964895,0.0,0.30692407488822937,5.0,4.960753440856934,0.0,6.154175281524658,3
1770789599.96016407,119004879,0.0,0.29927241802215576,5.0,4.941471576690674,0.0,6.206778049468994,3
1770789600.00014806,119044863,0.0,0.291628897190094,5.0,4.913238048553467,0.0,6.257228374481201,3
1770789600.04013205,119084847,0.0,0.3041081726551056,5.0,4.879333019256592,0.0,6.330135822296143,3
1770789600.08011603,119124831,0.0,0.3320689797401428,5.0,4.856314659118652,0.0,6.4075493812561035,3
1770789600.12010002,119164815,0.0,0.352133572101593,5.0,4.826202392578125,0.0,6.460996150970459,3
1770789600.16008401,119204799,0.0,0.3538869321346283,5.0,4.798155784606934,0.0,6.488643646240234,3
1770789600.20006800,119244783,0.0,0.3165755271911621,5.0,4.831979751586914,0.0,6.503067493438721,3
1770789600.24005198,119284767,0.0,0.26486828923225403,5.0,4.867351055145264,0.0,6.508534908294678,3
1770789600.28003597,119324751,0.0,0.22652636468410492,5.0,4.898921489715576,0.0,6.5392279624938965,3
1770789600.32001996,119364735,0.0,0.213920459151268,5.0,4.935009479522705,0.0,6.5586090087890625,3
1770789600.36000419,119404719,0.0,0.2101334184408188,5.0,4.959977149963379,0.0,6.586258888244629,3
1770789600.39998817,119444703,0.0,0.1850011944770813,5.0,4.980783462524414,0.0,6.608767509460449,3
1770789600.43997216,119484687,0.0,0.15514983236789703,5.0,5.008525371551514,0.0,6.6433329582214355,3
1770789600.47995615,119524671,0.0,0.12039516121149063,5.0,5.032515525817871,0.0,6.65569543838501,3
1770789600.51994014,119564655,0.0,0.08923787623643875,5.0,5.06709098815918,0.0,6.67916202545166,3
1770789600.55992413,119604639,0.0,0.0681583508849144,5.0,5.084999084472656,0.0,6.701028347015381,3
1770789600.59990811,119644623,0.0,0.058946963399648666,5.0,5.0924577713012695,0.0,6.719831943511963,3
1770789600.63989210,119684607,0.0,0.056155312806367874,5.0,5.103233814239502,0.0,6.733736038208008,3
1770789600.67987609,119724591,0.0,0.07878850400447845,5.0,5.121026515960693,0.0,6.740886211395264,3
1770789600.71986008,119764575,0.0,0.09404129534959793,5.0,5.119079113006592,0.0,6.76063346862793,3
1770789600.75984406,119804559,0.0,0.10637623816728592,5.0,5.1119818687438965,0.0,6.788628578186035,3
1770789600.79982805,119844543,0.0,0.11471643298864365,5.0,5.094074726104736,0.0,6.8275980949401855,3
1770789600.83981204,119884527,0.0,0.14157748222351074,5.0,5.068457126617432,0.0,6.85367488861084,3
1770789600.87979603,119924511,0.0,0.15396451950073242,5.0,5.057010650634766,0.0,6.8790154457092285,3
1770789600.91978002,119964495,0.0,0.15847335755825043,5.0,5.042979717254639,0.0,6.8996710777282715,3
1770789600.95976400,120004479,0.0,0.17251119017601013,5.0,5.008876800537109,0.0,6.913095474243164,3
1770789600.99974799,120044463,0.0,0.1599266231060028,5.0,4.983321189880371,0.0,6.92950963973999,3
1770789601.03973198,120084447,0.0,0.11070164293050766,5.0,4.969020843505859,0.0,6.922482013702393,3
1770789601.07971597,120124431,0.0,0.07881053537130356,5.0,4.981659889221191,0.0,6.904870986938477,3
1770789601.11969995,120164415,0.0,0.055459000170230865,5.0,5.00723934173584,0.0,6.882763385772705,3
1770789601.15968418,120204399,0.0,0.051705457270145416,5.0,5.019749164581299,0.0,6.8849663734436035,3
1770789601.19966817,120244383,0.0,0.05127623677253723,5.0,5.037827491760254,0.0,6.889854907989502,3
1770789601.23965216,120284367,0.0,0.04142007231712341,5.0,5.044684886932373,0.0,6.8953857421875,3
1770789601.27963614,120324351,0.0,0.02088126540184021,5.0,5.025842189788818,0.0,6.913528919219971,3
1770789601.31962013,120364335,0.0,0.00471390038728714,5.0,5.006095886230469,0.0,6.942132949829102,3
1770789601.35960412,120404319,0.0,-0.016599521040916443,5.0,4.986178398132324,0.0,6.96467924118042,3
1770789601.40042114,120445136,0.0,-0.04358207434415817,5.0,4.97041654586792,0.0,6.972589492797852,3
1770789601.44040513,120485120,0.0,-0.05146603286266327,5.0,4.962804317474365,0.0,6.962691307067871,3
1770789601.48038912,120525104,0.0,-0.053399987518787384,5.0,4.944602012634277,0.0,6.915096759796143,3
1770789601.52037311,120565088,0.0,-0.0473509356379509,5.0,4.934695720672607,0.0,6.8665289878845215,3
1770789601.56035709,120605072,0.0,-0.035304080694913864,5.0,4.9387526512146,0.0,6.844222068786621,3
1770789601.60034108,120645056,0.0,-0.009805376641452312,5.0,4.948774337768555,0.0,6.837645053863525,3
1770789601.64032507,120685040,0.0,0.026031894609332085,5.0,4.957319259643555,0.0,6.821234226226807,3
1770789601.68030906,120725024,0.0,0.028805840760469437,5.0,4.970734119415283,0.0,6.820356369018555,3
1770789601.72029305,120765008,0.0,0.04194667190313339,5.0,4.981534004211426,0.0,6.828498363494873,3
1770789601.76027703,120804992,0.0,0.0466606505215168,5.0,5.001397132873535,0.0,6.855625629425049,3
1770789601.80026102,120844976,0.0,0.0538146086037159,5.0,5.020114421844482,0.0,6.901048183441162,3
1770789601.84024501,120884960,0.0,0.08216464519500732,5.0,5.033184051513672,0.0,6.937338829040527,3
1770789601.88022900,120924944,0.0,0.10712158679962158,5.0,5.037440776824951,0.0,6.959679126739502,3
1770789601.92021298,120964928,0.0,0.1273299604654312,5.0,5.047980308532715,0.0,6.970111846923828,3
1770789601.96019697,121004912,0.0,0.12337657809257507,5.0,5.058597087860107,0.0,6.97180700302124,3
1770789602.00018096,121044896,0.0,0.11138017475605011,5.0,5.072021484375,0.0,6.971230983734131,3
1770789602.04016519,121084880,0.0,0.10206753015518188,5.0,5.08817720413208,0.0,6.950339317321777,3
1770789602.08014917,121124864,0.0,0.09839879721403122,5.0,5.085018157958984,0.0,6.935553073883057,3
1770789602.12013316,121164848,0.0,0.10381080210208893,5.0,5.067567348480225,0.0,6.925314903259277,3
1770789602.16011715,121204832,0.0,0.10703279078006744,5.0,5.0405964851379395,0.0,6.90973424911499,3
1770789602.20010114,121244816,0.0,0.11245889961719513,5.0,5.011595726013184,0.0,6.915134429931641,3
1770789602.24008512,121284800,0.0,0.11100118607282639,5.0,4.988561153411865,0.0,6.921397686004639,3
1770789602.28006911,121324784,0.0,0.10815072804689407,5.0,4.967356204986572,0.0,6.942846298217773,3
1770789602.32005310,121364768,0.0,0.12855209410190582,5.0,4.960440158843994,0.0,6.974799633026123,3
1770789602.36003709,121404752,0.0,0.1674819439649582,5.0,4.943535327911377,0.0,6.988353252410889,3
1770789602.40002108,121444736,0.0,0.20435397326946259,5.0,4.943297386169434,0.0,6.995289325714111,3
1770789602.44000506,121484720,0.0,0.22134028375148773,5.0,4.941395282745361,0.0,6.988641262054443,3
1770789602.47998905,121524704,0.0,0.20761606097221375,5.0,4.943511009216309,0.0,6.977225303649902,3
1770789602.51997304,121564688,0.0,0.17846010625362396,5.0,4.951717376708984,0.0,6.956663608551025,3
1770789602.55995703,121604672,0.0,0.1509966105222702,5.0,4.9918622970581055,0.0,6.948379039764404,3
1770789602.59994102,121644656,0.0,0.12339551001787186,5.0,5.022437572479248,0.0,6.964023590087891,3
1770789602.63992500,121684640,0.0,0.11141416430473328,5.0,5.036125183105469,0.0,6.978374004364014,3
1770789602.67990899,121724624,0.0,0.10143192857503891,5.0,5.062699794769287,0.0,7.005796909332275,3
1770789602.71989298,121764608,0.0,0.08303656429052353,5.0,5.076052188873291,0.0,7.030318260192871,3
1770789602.75987697,121804592,0.0,0.06708426028490067,5.0,5.089530944824219,0.0,7.046103000640869,3
1770789602.79986095,121844576,0.0,0.05323966592550278,5.0,5.091948509216309,0.0,7.05403995513916,3
1770789602.83984518,121884560,0.0,0.06858891248703003,5.0,5.088644981384277,0.0,7.05423641204834,3
1770789602.87982917,121924544,0.0,0.062278710305690765,5.0,5.089294910430908,0.0,7.034054756164551,3
1770789602.91981316,121964528,0.0,0.05681663379073143,5.0,5.110429286956787,0.0,7.025652885437012,3
1770789602.95979714,122004512,0.0,0.06408233940601349,5.0,5.138380527496338,0.0,7.007563591003418,3
1770789602.99978113,122044496,0.0,0.052119284868240356,5.0,5.156593322753906,0.0,6.9962382316589355,3
1770789603.03976512,122084480,0.0,0.03436862677335739,5.0,5.164123058319092,0.0,6.995950222015381,3
1770789603.07974911,122124464,0.0,0.028612984344363213,5.0,5.154693603515625,0.0,6.999504089355469,3
1770789603.11973310,122164448,0.0,0.03738975152373314,5.0,5.148949146270752,0.0,7.016373157501221,3
1770789603.15971708,122204432,0.0,0.06686300784349442,5.0,5.134572505950928,0.0,7.0323920249938965,3
1770789603.19970107,122244416,0.0,0.088920958340168,5.0,5.107036113739014,0.0,7.067048072814941,3
1770789603.23968506,122284400,0.0,0.09184224903583527,5.0,5.0663604736328125,0.0,7.102786064147949,3
1770789603.27966905,122324384,0.0,0.12622961401939392,5.0,5.011561870574951,0.0,7.121698379516602,3
1770789603.31965303,122364368,0.0,0.1498183310031891,5.0,4.966869354248047,0.0,7.11963415145874,3
1770789603.35963702,122404352,0.0,0.16400371491909027,5.0,4.945454120635986,0.0,7.111728668212891,3
1770789603.39962101,122444336,0.0,0.1808300018310547,5.0,4.958722114562988,0.0,7.114971160888672,3
1770789603.43960500,122484320,0.0,0.1933550387620926,5.0,4.9802565574646,0.0,7.134992599487305,3
1770789603.48042202,122525137,0.0,0.19267545640468597,5.0,5.0142292976379395,0.0,7.127649307250977,3
1770789603.52040601,122565121,0.0,0.17727135121822357,5.0,5.036461353302002,0.0,7.118531703948975,3
1770789603.56039000,122605105,0.0,0.17340822517871857,5.0,5.054271697998047,0.0,7.10096549987793,3
1770789603.60037398,122645089,0.0,0.18355895578861237,5.0,5.086094379425049,0.0,7.073969841003418,3
1770789603.64035797,122685073,0.0,0.16648119688034058,5.0,5.114094257354736,0.0,7.042655944824219,3
1770789603.68034196,122725057,0.0,0.14332813024520874,5.0,5.127509117126465,0.0,7.027929782867432,3
1770789603.72032619,122765041,0.0,0.12665122747421265,5.0,5.139132499694824,0.0,7.034425735473633,3
1770789603.76031017,122805025,0.0,0.10190489143133163,5.0,5.1311774253845215,0.0,7.043240070343018,3
1770789603.80029416,122845009,0.0,0.09014244377613068,5.0,5.109917640686035,0.0,7.059992790222168,3
1770789603.84027815,122884993,0.0,0.08897879719734192,5.0,5.072404384613037,0.0,7.072694301605225,3
1770789603.88026214,122924977,0.0,0.07367973774671555,5.0,5.041945934295654,0.0,7.082039833068848,3
1770789603.92024612,122964961,0.0,0.0835147425532341,5.0,5.002322673797607,0.0,7.082530498504639,3
1770789603.96023011,123004945,0.0,0.09295009821653366,5.0,4.981419563293457,0.0,7.068058013916016,3
1770789604.00021410,123044929,0.0,0.1021769791841507,5.0,4.97636604309082,0.0,7.060013771057129,3
1770789604.04019809,123084913,0.0,0.1149681955575943,5.0,4.98192024230957,0.0,7.047446250915527,3
1770789604.08018208,123124897,0.0,0.12984275817871094,5.0,4.98200798034668,0.0,7.027334213256836,3
1770789604.12016606,123164881,0.0,0.12938296794891357,5.0,4.9692816734313965,0.0,7.012811660766602,3
1770789604.16015005,123204865,0.0,0.11893351376056671,5.0,4.951998233795166,0.0,7.001255035400391,3
1770789604.20013404,123244849,0.0,0.11476953327655792,5.0,4.9366960525512695,0.0,6.996987819671631,3
1770789604.24011803,123284833,0.0,0.113531194627285,5.0,4.907756328582764,0.0,6.969862937927246,3
1770789604.28010201,123324817,0.0,0.10567563027143478,5.0,4.901535987854004,0.0,6.953653812408447,3
1770789604.32008600,123364801,0.0,0.08840881288051605,5.0,4.918842792510986,0.0,6.949650287628174,3
1770789604.36006999,123404785,0.0,0.06406237930059433,5.0,4.930551052093506,0.0,6.946747779846191,3
1770789604.40005398,123444769,0.0,0.044766321778297424,5.0,4.928584098815918,0.0,6.9269890785217285,3
1770789604.44003797,123484753,0.0,0.043132394552230835,5.0,4.945885181427002,0.0,6.920424938201904,3
1770789604.48002195,123524737,0.0,0.05076123774051666,5.0,4.9715657234191895,0.0,6.925467014312744,3
1770789604.52000618,123564721,0.0,0.04375150799751282,5.0,4.998035907745361,0.0,6.949162006378174,3
1770789604.55999017,123604705,0.0,0.033531174063682556,5.0,5.015148162841797,0.0,6.964973449707031,3
1770789604.59997416,123644689,0.0,0.05200010538101196,5.0,5.035227298736572,0.0,6.991991996765137,3
1770789604.63995814,123684673,0.0,0.06746252626180649,5.0,5.044719696044922,0.0,7.002298831939697,3
1770789604.67994213,123724657,0.0,0.07848232239484787,5.0,5.050555229187012,0.0,7.0032830238342285,3
1770789604.71992612,123764641,0.0,0.07698766142129898,5.0,5.035572052001953,0.0,7.008398056030273,3
1770789604.75991011,123804625,0.0,0.07433977723121643,5.0,5.035825729370117,0.0,7.008194446563721,3
1770789604.79989409,123844609,0.0,0.0691046416759491,5.0,5.031793117523193,0.0,6.998284339904785,3
1770789604.83987808,123884593,0.0,0.071192167699337,5.0,5.025143146514893,0.0,6.98673677444458,3
1770789604.87986207,123924577,0.0,0.07046864181756973,5.0,5.026337623596191,0.0,7.0014166831970215,3
1770789604.91984606,123964561,0.0,0.06271830201148987,5.0,5.029189109802246,0.0,6.994609832763672,3
1770789604.95983005,124004545,0.0,0.058338962495326996,5.0,5.047178745269775,0.0,6.9763875007629395,3
1770789604.99981403,124044529,0.0,0.054006751626729965,5.0,5.057930946350098,0.0,6.967575550079346,3
1770789605.03979802,124084513,0.0,0.03864729776978493,5.0,5.05232572555542,0.0,6.948636531829834,3
1770789605.07978201,124124497,0.0,0.03899889811873436,5.0,5.041320323944092,0.0,6.949703216552734,3
1770789605.11976600,124164481,0.0,0.03867054358124733,5.0,5.0167059898376465,0.0,6.963320732116699,3
1770789605.15974998,124204465,0.0,0.034304797649383545,5.0,4.983530521392822,0.0,6.969871520996094,3
1770789605.19973397,124244449,0.0,0.037609539926052094,5.0,4.951869010925293,0.0,6.972017765045166,3
1770789605.23971796,124284433,0.0,0.04282933473587036,5.0,4.933116912841797,0.0,6.959940433502197,3
1770789605.27970219,124324417,0.0,0.039049770683050156,5.0,4.909840106964111,0.0,6.9520463943481445,3
1770789605.31968617,124364401,0.0,0.026156090199947357,5.0,4.891789436340332,0.0,6.951285362243652,3
1770789605.35967016,124404385,0.0,0.014183750376105309,5.0,4.87875509262085,0.0,6.955049514770508,3
1770789605.39965415,124444369,0.0,-0.0065944017842411995,5.0,4.884634494781494,0.0,6.955715656280518,3
1770789605.43963814,124484353,0.0,-0.03373851999640465,5.0,4.892856597900391,0.0,6.942323207855225,3
1770789605.47962213,124524337,0.0,-0.044974830001592636,5.0,4.908645153045654,0.0,6.93396520614624,3
1770789605.51960611,124564321,0.0,-0.04851187765598297,5.0,4.924733638763428,0.0,6.926711082458496,3
1770789605.56042314,124605138,0.0,-0.046508219093084335,5.0,4.920910835266113,0.0,6.911282539367676,3
1770789605.60040712,124645122,0.0,-0.0537627711892128,5.0,4.9358344078063965,0.0,6.901432037353516,3
1770789605.64039111,124685106,0.0,-0.06625043600797653,5.0,4.9676127433776855,0.0,6.890106201171875,3
1770789605.68037510,124725090,0.0,-0.09155212342739105,5.0,5.008137226104736,0.0,6.8744635581970215,3
1770789605.72035909,124765074,0.0,-0.1227990984916687,5.0,5.0283355712890625,0.0,6.85952615737915,3
1770789605.76034307,124805058,0.0,-0.14128908514976501,5.0,5.040466785430908,0.0,6.847205638885498,3
1770789605.80032706,124845042,0.0,-0.14228244125843048,5.0,5.0306715965271,0.0,6.845629692077637,3
1770789605.84031105,124885026,0.0,-0.13244038820266724,5.0,5.010404109954834,0.0,6.847189903259277,3
1770789605.88029504,124925010,0.0,-0.11296200007200241,5.0,4.979916095733643,0.0,6.856963634490967,3
1770789605.92027903,124964994,0.0,-0.0905437171459198,5.0,4.970582485198975,0.0,6.871741771697998,3
1770789605.96026301,125004978,0.0,-0.0757775828242302,5.0,4.9605560302734375,0.0,6.883530139923096,3
1770789606.00024700,125044962,0.0,-0.060310568660497665,5.0,4.947116851806641,0.0,6.88565731048584,3
1770789606.04023099,125084946,0.0,-0.04921863228082657,5.0,4.94707727432251,0.0,6.8766398429870605,3
1770789606.08021498,125124930,0.0,-0.04560720920562744,5.0,4.950235843658447,0.0,6.867417812347412,3
1770789606.12019897,125164914,0.0,-0.03912924602627754,5.0,4.9481730461120605,0.0,6.8534040451049805,3
1770789606.16018319,125204898,0.0,-0.04358525946736336,5.0,4.968273162841797,0.0,6.8325982093811035,3
1770789606.20016718,125244882,0.0,-0.0501658134162426,5.0,4.992528438568115,0.0,6.800008296966553,3
1770789606.24015117,125284866,0.0,-0.03891618177294731,5.0,5.03033447265625,0.0,6.765986919403076,3
1770789606.28013515,125324850,0.0,-0.03779646381735802,5.0,5.061526298522949,0.0,6.740879058837891,3
1770789606.32011914,125364834,0.0,-0.03849790245294571,5.0,5.063101291656494,0.0,6.74593448638916,3
1770789606.36010313,125404818,0.0,-0.03809215873479843,5.0,5.048397064208984,0.0,6.742915630340576,3
1770789606.40008712,125444802,0.0,-0.02957228571176529,5.0,5.037975311279297,0.0,6.7537007331848145,3
1770789606.44007111,125484786,0.0,-0.017220428213477135,5.0,5.061606407165527,0.0,6.772879123687744,3
1770789606.48005509,125524770,0.0,-0.014333980157971382,5.0,5.087757110595703,0.0,6.785831451416016,3
1770789606.52003908,125564754,0.0,-0.01222086139023304,5.0,5.112276554107666,0.0,6.783792972564697,3
1770789606.56002307,125604738,0.0,-0.01328244712203741,5.0,5.113898277282715,0.0,6.8057780265808105,3
1770789606.60000706,125644722,0.0,-0.015171919949352741,5.0,5.110104560852051,0.0,6.835155487060547,3
1770789606.63999104,125684706,0.0,-0.0025695671793073416,5.0,5.107184410095215,0.0,6.850966453552246,3
1770789606.67997503,125724690,0.0,0.013138826936483383,5.0,5.067547798156738,0.0,6.867979526519775,3
1770789606.71995902,125764674,0.0,0.02038428746163845,5.0,5.031485080718994,0.0,6.894016265869141,3
1770789606.75994301,125804658,0.0,0.010508351027965546,5.0,5.009157180786133,0.0,6.896661758422852,3
1770789606.79992700,125844642,0.0,0.004941897466778755,5.0,4.9837775230407715,0.0,6.90294075012207,3
1770789606.83991098,125884626,0.0,-0.013319950550794601,5.0,4.995834827423096,0.0,6.9087958335876465,3
1770789606.87989497,125924610,0.0,-0.028825337067246437,5.0,5.006180763244629,0.0,6.901714324951172,3
1770789606.91987896,125964594,0.0,-0.05727414786815643,5.0,5.001610279083252,0.0,6.886183738708496,3
1770789606.95986319,126004578,0.0,-0.06643480062484741,5.0,4.98397159576416,0.0,6.879015922546387,3
1770789606.99984717,126044562,0.0,-0.05309702083468437,5.0,4.955499649047852,0.0,6.863114356994629,3
1770789607.03983116,126084546,0.0,-0.05805477127432823,5.0,4.936707019805908,0.0,6.839179992675781,3
1770789607.07981515,126124530,0.0,-0.04480636864900589,5.0,4.92998743057251,0.0,6.822291374206543,3
1770789607.11979914,126164514,0.0,-0.033429112285375595,5.0,4.909453392028809,0.0,6.808708667755127,3
1770789607.15978312,126204498,0.0,0.01594090647995472,5.0,4.900144577026367,0.0,6.697446346282959,3
1770789607.19976711,126244482,0.0,0.12109170854091644,5.0,4.917566776275635,0.0,6.381195068359375,3
1770789607.23975110,126284466,0.0,0.26972055435180664,5.0,4.944277763366699,0.0,5.810812950134277,3
1770789607.27973509,126324450,0.0,0.4625348746776581,5.0,4.962550163269043,0.0,5.014443874359131,3
1770789607.31971908,126364434,0.0,0.6784877181053162,5.0,4.988157272338867,0.0,4.032862663269043,3
1770789607.35970306,126404418,0.0,0.8747020363807678,5.0,5.034393787384033,0.0,2.944009780883789,3
1770789607.39968705,126444402,0.0,0.9963688254356384,5.0,5.083563327789307,0.0,1.8079240322113037,3
1770789607.43967104,126484386,0.0,1.0573872327804565,5.0,5.1358418464660645,0.0,0.6873567700386047,3
1770789607.47965503,126524370,0.0,1.081947684288025,5.0,5.175836563110352,0.0,359.5992431640625,3
1770789607.51963902,126564354,0.0,1.0520265102386475,5.0,5.190103530883789,0.0,358.5604248046875,3
1770789607.55962300,126604338,0.0,0.9932770133018494,5.0,5.178757667541504,0.0,357.57794189453125,3
1770789607.59960699,126644322,0.0,0.890207827091217,5.0,5.168370723724365,0.0,356.66265869140625,3
1770789607.64042401,126685139,0.0,0.7509114146232605,5.0,5.15509557723999,0.0,355.8184509277344,3
1770789607.68040800,126725123,0.0,0.5978038907051086,5.0,5.158275604248047,0.0,355.01947021484375,3
1770789607.72039199,126765107,0.0,0.441074013710022,5.0,5.141661643981934,0.0,354.26708984375,3
1770789607.76037598,126805091,0.0,0.29870131611824036,5.0,5.116439342498779,0.0,353.58001708984375,3
1770789607.80035996,126845075,0.0,0.16986910998821259,5.0,5.093175888061523,0.0,352.9262390136719,3
1770789607.84034419,126885059,0.0,0.06178990378975868,5.0,5.071420669555664,0.0,352.3062438964844,3
1770789607.88032818,126925043,0.0,-0.01295623928308487,5.0,5.0483856201171875,0.0,351.7338562011719,3
1770789607.92031217,126965027,0.0,-0.06702722609043121,5.0,5.049537658691406,0.0,351.1835021972656,3
1770789607.96029615,127005011,0.0,-0.0993020236492157,5.0,5.038991928100586,0.0,350.6666259765625,3
1770789608.00028014,127044995,0.0,-0.1150861456990242,5.0,5.025357246398926,0.0,350.177001953125,3
1770789608.04026413,127084979,0.0,-0.13563673198223114,5.0,5.019906044006348,0.0,349.71868896484375,3
1770789608.08024812,127124963,0.0,-0.16541193425655365,5.0,5.011588096618652,0.0,349.2667236328125,3
1770789608.12023211,127164947,0.0,-0.208518847823143,5.0,4.982461929321289,0.0,348.827880859375,3
1770789608.16021609,127204931,0.0,-0.22454394400119781,5.0,4.958549976348877,0.0,348.4013977050781,3
1770789608.20020008,127244915,0.0,-0.2269013524055481,5.0,4.955831050872803,0.0,347.9971008300781,3
1770789608.24018407,127284899,0.0,-0.2201722115278244,5.0,4.959968566894531,0.0,347.6002197265625,3
1770789608.28016806,127324883,0.0,-0.22025753557682037,5.0,4.9411187171936035,0.0,347.2183837890625,3
1770789608.32015204,127364867,0.0,-0.2117442488670349,5.0,4.926844596862793,0.0,346.87945556640625,3
1770789608.36013603,127404851,0.0,-0.1900496929883957,5.0,4.915109634399414,0.0,346.57965087890625,3
1770789608.40012002,127444835,0.0,-0.1736879050731659,5.0,4.937836170196533,0.0,346.2908935546875,3
1770789608.44010401,127484819,0.0,-0.1617635041475296,5.0,4.978367328643799,0.0,346.00146484375,3
1770789608.48008800,127524803,0.0,-0.148783877491951,5.0,5.021853923797607,0.0,345.7168884277344,3
1770789608.52007198,127564787,0.0,-0.11412040889263153,5.0,5.065145492553711,0.0,345.4506530761719,3
1770789608.56005597,127604771,0.0,-0.08343954384326935,5.0,5.103195667266846,0.0,345.20269775390625,3
1770789608.60003996,127644755,0.0,-0.06962591409683228,5.0,5.149855613708496,0.0,344.9456787109375,3
1770789608.64002419,127684739,0.0,-0.08318185806274414,5.0,5.177199363708496,0.0,344.70220947265625,3
1770789608.68000817,127724723,0.0,-0.1122828871011734,5.0,5.21302604675293,0.0,344.49053955078125,3
1770789608.71999216,127764707,0.0,-0.14608098566532135,5.0,5.244760990142822,0.0,344.28948974609375,3
1770789608.75997615,127804691,0.0,-0.1865171641111374,5.0,5.269750118255615,0.0,344.0993347167969,3
1770789608.79996014,127844675,0.0,-0.23767538368701935,5.0,5.278017044067383,0.0,343.91448974609375,3
1770789608.83994412,127884659,0.0,-0.2757605314254761,5.0,5.277379989624023,0.0,343.7621154785156,3
1770789608.87992811,127924643,0.0,-0.2974400520324707,5.0,5.284817218780518,0.0,343.62921142578125,3
1770789608.91991210,127964627,0.0,-0.311876118183136,5.0,5.304522514343262,0.0,343.5024719238281,3
1770789608.95989609,128004611,0.0,-0.30780497193336487,5.0,5.313455104827881,0.0,343.36114501953125,3
1770789608.99988008,128044595,0.0,-0.2842460572719574,5.0,5.3039350509643555,0.0,343.2102966308594,3
1770789609.03986406,128084579,0.0,-0.2536315321922302,5.0,5.287599086761475,0.0,343.0854187011719,3
1770789609.07984805,128124563,0.0,-0.2240976095199585,5.0,5.277220726013184,0.0,342.9761962890625,3
1770789609.11983204,128164547,0.0,-0.18348576128482819,5.0,5.288177967071533,0.0,342.8815002441406,3
1770789609.15981603,128204531,0.0,-0.15734617412090302,5.0,5.317913055419922,0.0,342.7906494140625,3
1770789609.19980001,128244515,0.0,-0.15453588962554932,5.0,5.313760757446289,0.0,342.71484375,3
1770789609.23978400,128284499,0.0,-0.15936066210269928,5.0,5.285739898681641,0.0,342.6346435546875,3
1770789609.27976799,128324483,0.0,-0.15680314600467682,5.0,5.246881484985352,0.0,342.5420227050781,3
1770789609.31975198,128364467,0.0,-0.15110178291797638,5.0,5.208114147186279,0.0,342.4492492675781,3
1770789609.35973597,128404451,0.0,-0.1619376391172409,5.0,5.170746326446533,0.0,342.3464050292969,3
1770789609.39971995,128444435,0.0,-0.17595459520816803,5.0,5.121237754821777,0.0,342.22698974609375,3
1770789609.43970418,128484419,0.0,-0.1883731484413147,5.0,5.082458019256592,0.0,342.10943603515625,3
1770789609.47968817,128524403,0.0,-0.22300729155540466,5.0,5.060361385345459,0.0,342.0112609863281,3
1770789609.51967216,128564387,0.0,-0.2544848620891571,5.0,5.056255340576172,0.0,341.9525451660156,3
1770789609.55965614,128604371,0.0,-0.28011149168014526,5.0,5.059719562530518,0.0,341.913818359375,3
1770789609.59964013,128644355,0.0,-0.28919729590415955,5.0,5.0746660232543945,0.0,341.8812561035156,3
1770789609.63962412,128684339,0.0,-0.2922676205635071,5.0,5.088161468505859,0.0,341.8274841308594,3
1770789609.67960811,128724323,0.0,-0.3004695177078247,5.0,5.086862087249756,0.0,341.77789306640625,3
1770789609.72042513,128765140,0.0,-0.3040533661842346,5.0,5.066770076751709,0.0,341.7286071777344,3
1770789609.76040912,128805124,0.0,-0.2796449661254883,5.0,5.0571818351745605,0.0,341.6775207519531,3
1770789609.80039310,128845108,0.0,-0.26640304923057556,5.0,5.058419227600098,0.0,341.6062316894531,3
1770789609.84037709,128885092,0.0,-0.24371232092380524,5.0,5.059443950653076,0.0,341.5286865234375,3
1770789609.88036108,128925076,0.0,-0.2121575027704239,5.0,5.086092948913574,0.0,341.4688415527344,3
1770789609.92034507,128965060,0.0,-0.19807754456996918,5.0,5.122867584228516,0.0,341.41241455078125,3
1770789609.96032906,129005044,0.0,-0.1986800730228424,5.0,5.187387466430664,0.0,341.3589172363281,3
1770789610.00031304,129045028,0.0,-0.2054973840713501,5.0,5.2596635818481445,0.0,341.30084228515625,3
1770789610.04029703,129085012,0.0,-0.2093096226453781,5.0,5.31557559967041,0.0,341.2685241699219,3
1770789610.08028102,129124996,0.0,-0.22289744019508362,5.0,5.354632377624512,0.0,341.2427062988281,3
1770789610.12026501,129164980,0.0,-0.23578038811683655,5.0,5.370508670806885,0.0,341.1932373046875,3
1770789610.16024899,129204964,0.0,-0.24690604209899902,5.0,5.360342502593994,0.0,341.1253662109375,3
1770789610.20023298,129244948,0.0,-0.2623317241668701,5.0,5.358900547027588,0.0,341.0704345703125,3
1770789610.24021697,129284932,0.0,-0.2756892144680023,5.0,5.373484134674072,0.0,341.0302734375,3
1770789610.28020096,129324916,0.0,-0.28074732422828674,5.0,5.377804279327393,0.0,340.9842529296875,3
1770789610.32018518,129364900,0.0,-0.25901931524276733,5.0,5.374307632446289,0.0,340.953369140625,3
1770789610.36016917,129404884,0.0,-0.24315059185028076,5.0,5.374960422515869,0.0,340.92425537109375,3
1770789610.40015316,129444868,0.0,-0.2354802042245865,5.0,5.384777069091797,0.0,340.90765380859375,3
1770789610.44013715,129484852,0.0,-0.21478983759880066,5.0,5.363086223602295,0.0,340.8914794921875,3
1770789610.48012114,129524836,0.0,-0.19605332612991333,5.0,5.326241970062256,0.0,340.87347412109375,3
1770789610.52010512,129564820,0.0,-0.1768803596496582,5.0,5.270255088806152,0.0,340.8507385253906,3
1770789610.56008911,129604804,0.0,-0.16388928890228271,5.0,5.212222576141357,0.0,340.82415771484375,3
1770789610.60007310,129644788,0.0,-0.15756139159202576,5.0,5.152793884277344,0.0,340.7824401855469,3
1770789610.64005709,129684772,0.0,-0.15207578241825104,5.0,5.0978498458862305,0.0,340.7513427734375,3
1770789610.68004107,129724756,0.0,-0.13583235442638397,5.0,5.053865909576416,0.0,340.7121276855469,3
1770789610.72002506,129764740,0.0,-0.13706043362617493,5.0,5.011153697967529,0.0,340.6624755859375,3
1770789610.76000905,129804724,0.0,-0.1546269655227661,5.0,4.974172115325928,0.0,340.619384765625,3
1770789610.79999304,129844708,0.0,-0.16284587979316711,5.0,4.979274749755859,0.0,340.5953063964844,3
1770789610.83997703,129884692,0.0,-0.16301678121089935,5.0,5.008591651916504,0.0,340.5888977050781,3
1770789610.87996101,129924676,0.0,-0.16174985468387604,5.0,5.052377223968506,0.0,340.58538818359375,3
1770789610.91994500,129964660,0.0,-0.15003961324691772,5.0,5.103893280029297,0.0,340.5937194824219,3
1770789610.95992899,130004644,0.0,-0.14804787933826447,5.0,5.125877857208252,0.0,340.60748291015625,3
1770789610.99991298,130044628,0.0,-0.13154056668281555,5.0,5.143048286437988,0.0,340.624755859375,3
1770789611.03989697,130084612,0.0,-0.11497657001018524,5.0,5.1570658683776855,0.0,340.6313781738281,3
1770789611.07988119,130124596,0.0,-0.10082206130027771,5.0,5.1617536544799805,0.0,340.6598815917969,3
1770789611.11986518,130164580,0.0,-0.0992969200015068,5.0,5.168542861938477,0.0,340.687744140625,3
1770789611.15984917,130204564,0.0,-0.12038573622703552,5.0,5.159381866455078,0.0,340.7179260253906,3
1770789611.19983315,130244548,0.0,-0.1272852122783661,5.0,5.129955768585205,0.0,340.71807861328125,3
1770789611.23981714,130284532,0.0,-0.11732534319162369,5.0,5.118031024932861,0.0,340.71844482421875,3
1770789611.27980113,130324516,0.0,-0.10322743654251099,5.0,5.109940528869629,0.0,340.7330017089844,3
1770789611.31978512,130364500,0.0,-0.09505957365036011,5.0,5.116250038146973,0.0,340.7447509765625,3
1770789611.35976911,130404484,0.0,-0.08672860264778137,5.0,5.113609313964844,0.0,340.7417297363281,3
1770789611.39975309,130444468,0.0,-0.06707926839590073,5.0,5.0993523597717285,0.0,340.7344970703125,3
1770789611.43973708,130484452,0.0,-0.03781946748495102,5.0,5.08884334564209,0.0,340.71728515625,3
1770789611.47972107,130524436,0.0,-0.019093690440058708,5.0,5.081335544586182,0.0,340.7101135253906,3
1770789611.51970506,130564420,0.0,-0.011072855442762375,5.0,5.055281639099121,0.0,340.7041015625,3
1770789611.55968904,130604404,0.0,-0.014332653023302555,5.0,5.012609481811523,0.0,340.71337890625,3
1770789611.59967303,130644388,0.0,-0.015510465018451214,5.0,4.981791973114014,0.0,340.71319580078125,3
1770789611.63965702,130684372,0.0,-0.01095107477158308,5.0,4.9771728515625,0.0,340.71075439453125,3
1770789611.67964101,130724356,0.0,0.0019989516586065292,5.0,4.973440170288086,0.0,340.7193298339844,3
1770789611.71962500,130764340,0.0,-0.010552486404776573,5.0,4.967785358428955,0.0,340.7228088378906,3
1770789611.75960898,130804324,0.0,-0.029456229880452156,5.0,4.9449262619018555,0.0,340.7233581542969,3
1770789611.80042601,130845141,0.0,-0.0691612958908081,5.0,4.930281639099121,0.0,340.718994140625,3
1770789611.84040999,130885125,0.0,-0.11126712709665298,5.0,4.931911945343018,0.0,340.7130126953125,3
1770789611.88039398,130925109,0.0,-0.12142063677310944,5.0,4.949208736419678,0.0,340.7116394042969,3
1770789611.92037797,130965093,0.0,-0.11252787709236145,5.0,4.975893497467041,0.0,340.7020263671875,3
1770789611.96036196,131005077,0.0,-0.11356769502162933,5.0,4.991092205047607,0.0,340.690185546875,3
1770789612.00034618,131045061,0.0,-0.11475861817598343,5.0,5.0104241371154785,0.0,340.674072265625,3
1770789612.04033017,131085045,0.0,-0.12272724509239197,5.0,5.006442070007324,0.0,340.6760559082031,3
1770789612.08031416,131125029,0.0,-0.14177057147026062,5.0,5.001641273498535,0.0,340.6725769042969,3
1770789612.12029815,131165013,0.0,-0.1357411891222,5.0,4.986950397491455,0.0,340.6729736328125,3
1770789612.16028214,131204997,0.0,-0.12835241854190826,5.0,4.9715046882629395,0.0,340.6631774902344,3
1770789612.20026612,131244981,0.0,-0.12952889502048492,5.0,4.952646732330322,0.0,340.6574401855469,3
1770789612.24025011,131284965,0.0,-0.12165286391973495,5.0,4.954409122467041,0.0,340.66455078125,3
1770789612.28023410,131324949,0.0,-0.10054715722799301,5.0,4.962955951690674,0.0,340.6634216308594,3
1770789612.32021809,131364933,0.0,-0.07903585582971573,5.0,4.9661335945129395,0.0,340.65606689453125,3
1770789612.36020207,131404917,0.0,-0.08129365742206573,5.0,4.984093189239502,0.0,340.64849853515625,3
1770789612.40018606,131444901,0.0,-0.08782555907964706,5.0,5.022461414337158,0.0,340.65045166015625,3
1770789612.44017005,131484885,0.0,-0.10166294127702713,5.0,5.0409440994262695,0.0,340.6501159667969,3
1770789612.48015404,131524869,0.0,-0.1215430498123169,5.0,5.025205612182617,0.0,340.64801025390625,3
1770789612.52013803,131564853,0.0,-0.1318822056055069,5.0,4.99959135055542,0.0,340.65777587890625,3
1770789612.56012201,131604837,0.0,-0.1328560709953308,5.0,4.9890851974487305,0.0,340.647705078125,3
1770789612.60010600,131644821,0.0,-0.1393408328294754,5.0,4.961956977844238,0.0,340.613037109375,3
1770789612.64008999,131684805,0.0,-0.1312076598405838,5.0,4.939849853515625,0.0,340.5931701660156,3
1770789612.68007398,131724789,0.0,-0.11254029721021652,5.0,4.945845127105713,0.0,340.5731201171875,3
1770789612.72005796,131764773,0.0,-0.10489727556705475,5.0,4.967096328735352,0.0,340.5545654296875,3
1770789612.76004219,131804757,0.0,-0.07746578752994537,5.0,4.984291076660156,0.0,340.5310363769531,3
1770789612.80002618,131844741,0.0,-0.05616893619298935,5.0,4.979430198669434,0.0,340.5389404296875,3
1770789612.84001017,131884725,0.0,-0.04196128994226456,5.0,4.965185642242432,0.0,340.5450744628906,3
1770789612.87999415,131924709,0.0,-0.06113017722964287,5.0,4.951285362243652,0.0,340.5516052246094,3
1770789612.91997814,131964693,0.0,-0.07615568488836288,5.0,4.9635009765625,0.0,340.5572814941406,3
1770789612.95996213,132004677,0.0,-0.07488857209682465,5.0,4.9694671630859375,0.0,340.5655212402344,3
1770789612.99994612,132044661,0.0,-0.05960837006568909,5.0,4.969844818115234,0.0,340.5797424316406,3
1770789613.03993011,132084645,0.0,-0.05645833536982536,5.0,5.004541873931885,0.0,340.606689453125,3
1770789613.07991409,132124629,0.0,-0.03206548094749451,5.0,5.027274131774902,0.0,340.62347412109375,3
1770789613.11989808,132164613,0.0,-0.00876765325665474,5.0,5.043071269989014,0.0,340.61981201171875,3
1770789613.15988207,132204597,0.0,-0.018353745341300964,5.0,5.065617084503174,0.0,340.593017578125,3
1770789613.19986606,132244581,0.0,-0.01552626769989729,5.0,5.087944984436035,0.0,340.58489990234375,3
1770789613.23985004,132284565,0.0,-0.018614383414387703,5.0,5.112576007843018,0.0,340.5787658691406,3
1770789613.27983403,132324549,0.0,-0.03626237437129021,5.0,5.144633769989014,0.0,340.5786437988281,3
1770789613.31981802,132364533,0.0,-0.025834668427705765,5.0,5.1879987716674805,0.0,340.5823059082031,3
1770789613.35980201,132404517,0.0,-0.029131518676877022,5.0,5.214352607727051,0.0,340.59161376953125,3
1770789613.39978600,132444501,0.0,-0.047742344439029694,5.0,5.233814239501953,0.0,340.5978088378906,3
1770789613.43976998,132484485,0.0,-0.07368597388267517,5.0,5.215785026550293,0.0,340.5904235839844,3
1770789613.47975397,132524469,0.0,-0.10411752015352249,5.0,5.176527976989746,0.0,340.58074951171875,3
1770789613.51973796,132564453,0.0,-0.1142483800649643,5.0,5.141244411468506,0.0,340.5633239746094,3
1770789613.55972219,132604437,0.0,-0.1140526682138443,5.0,5.1138176918029785,0.0,340.5469970703125,3
1770789613.59970617,132644421,0.0,-0.11784927546977997,5.0,5.083674430847168,0.0,340.5498962402344,3
1770789613.63969016,132684405,0.0,-0.11365406215190887,5.0,5.043736457824707,0.0,340.57305908203125,3
1770789613.67967415,132724389,0.0,-0.120570108294487,5.0,5.024672985076904,0.0,340.5841064453125,3
1770789613.71965814,132764373,0.0,-0.12030163407325745,5.0,5.023601531982422,0.0,340.5758972167969,3
1770789613.75964212,132804357,0.0,-0.11893794685602188,5.0,5.013872146606445,0.0,340.57794189453125,3
1770789613.79962611,132844341,0.0,-0.11267344653606415,5.0,5.0208001136779785,0.0,340.5871887207031,3
1770789613.83961010,132884325,0.0,-0.09372135251760483,5.0,5.031343936920166,0.0,340.5885314941406,3
1770789613.88042712,132925142,0.0,-0.059739239513874054,5.0,5.026762962341309,0.0,340.5826416015625,3
1770789613.92041111,132965126,0.0,-0.05091974884271622,5.0,5.023348808288574,0.0,340.5536804199219,3
1770789613.96039510,133005110,0.0,-0.06177005171775818,5.0,5.033267498016357,0.0,340.5412292480469,3
1770789614.00037909,133045094,0.0,-0.08349888026714325,5.0,5.029640197753906,0.0,340.5303039550781,3
1770789614.04036307,133085078,0.0,-0.09414812177419662,5.0,5.009244918823242,0.0,340.556884765625,3
1770789614.08034706,133125062,0.0,-0.10097729414701462,5.0,4.986756324768066,0.0,340.5634765625,3
1770789614.12033105,133165046,0.0,-0.11742857843637466,5.0,4.957858562469482,0.0,340.58099365234375,3
1770789614.16031504,133205030,0.0,-0.12458192557096481,5.0,4.927212715148926,0.0,340.5995788574219,3
1770789614.20029902,133245014,0.0,-0.12808965146541595,5.0,4.892863750457764,0.0,340.60626220703125,3
1770789614.24028301,133284998,0.0,-0.13748380541801453,5.0,4.883567810058594,0.0,340.6043395996094,3
1770789614.28026700,133324982,0.0,-0.13657890260219574,5.0,4.892967224121094,0.0,340.5992736816406,3
1770789614.32025099,133364966,0.0,-0.1326839029788971,5.0,4.894762992858887,0.0,340.5927429199219,3
1770789614.36023498,133404950,0.0,-0.12811830639839172,5.0,4.896739959716797,0.0,340.5797424316406,3
1770789614.40021896,133444934,0.0,-0.13226662576198578,5.0,4.9327898025512695,0.0,340.55859375,3
1770789614.44020319,133484918,0.0,-0.1373448669910431,5.0,4.987589359283447,0.0,340.5516357421875,3
1770789614.48018718,133524902,0.0,-0.127354234457016,5.0,5.030378818511963,0.0,340.56396484375,3
1770789614.52017117,133564886,0.0,-0.09793388098478317,5.0,5.0494704246521,0.0,340.5822448730469,3
1770789614.56015515,133604870,0.0,-0.08523819595575333,5.0,5.046511650085449,0.0,340.6231689453125,3
1770789614.60013914,133644854,0.0,-0.06652931123971939,5.0,5.030290603637695,0.0,340.64996337890625,3
1770789614.64012313,133684838,0.0,-0.04590927064418793,5.0,5.023257255554199,0.0,340.6612854003906,3
1770789614.68010712,133724822,0.0,-0.03368061035871506,5.0,5.027268886566162,0.0,340.657958984375,3
1770789614.72009110,133764806,0.0,-0.0025886963121593,5.0,5.048715114593506,0.0,340.6515197753906,3
1770789614.76007509,133804790,0.0,0.024460799992084503,5.0,5.084660053253174,0.0,340.6500549316406,3
1770789614.80005908,133844774,0.0,0.03239287808537483,5.0,5.10236930847168,0.0,340.65606689453125,3
1770789614.84004307,133884758,0.0,0.05478185787796974,5.0,5.1055731773376465,0.0,340.6484680175781,3
1770789614.88002706,133924742,0.0,0.08927907049655914,5.0,5.1235761642456055,0.0,340.641357421875,3
1770789614.92001104,133964726,0.0,0.08193720132112503,5.0,5.129544258117676,0.0,340.6200256347656,3
1770789614.95999503,134004710,0.0,0.06431074440479279,5.0,5.122918128967285,0.0,340.6058349609375,3
1770789614.99997902,134044694,0.0,0.047569531947374344,5.0,5.110687732696533,0.0,340.59307861328125,3
1770789615.03996301,134084678,0.0,0.011631056666374207,5.0,5.082866668701172,0.0,340.5848693847656,3
1770789615.07994699,134124662,0.0,-0.016659226268529892,5.0,5.055262565612793,0.0,340.5802307128906,3
1770789615.11993098,134164646,0.0,-0.04657202214002609,5.0,5.031052589416504,0.0,340.576904296875,3
1770789615.15991497,134204630,0.0,-0.057726480066776276,5.0,4.993997573852539,0.0,340.5760498046875,3
1770789615.19989896,134244614,0.0,-0.03702102228999138,5.0,4.973470687866211,0.0,340.5732727050781,3
1770789615.23988318,134284598,0.0,-0.03227841481566429,5.0,4.944094181060791,0.0,340.57611083984375,3
1770789615.27986717,134324582,0.0,-0.049797408282756805,5.0,4.928798675537109,0.0,340.5617370605469,3
1770789615.31985116,134364566,0.0,-0.06233954057097435,5.0,4.919494152069092,0.0,340.55999755859375,3
1770789615.35983515,134404550,0.0,-0.06452267616987228,5.0,4.909090042114258,0.0,340.54931640625,3
1770789615.39981914,134444534,0.0,-0.0798383429646492,5.0,4.891371726989746,0.0,340.5367126464844,3
1770789615.43980312,134484518,0.0,-0.09836675971746445,5.0,4.8721418380737305,0.0,340.53289794921875,3
1770789615.47978711,134524502,0.0,-0.10697183012962341,5.0,4.867001056671143,0.0,340.5428771972656,3
1770789615.51977110,134564486,0.0,-0.11909045279026031,5.0,4.877779960632324,0.0,340.5481262207031,3
1770789615.55975509,134604470,0.0,-0.10942980647087097,5.0,4.892898082733154,0.0,340.54669189453125,3
1770789615.59973907,134644454,0.0,-0.09009221941232681,5.0,4.916906833648682,0.0,340.5437927246094,3
1770789615.63972306,134684438,0.0,-0.06143416091799736,5.0,4.926825523376465,0.0,340.5340270996094,3
1770789615.67970705,134724422,0.0,-0.025818075984716415,5.0,4.938019275665283,0.0,340.538330078125,3
1770789615.71969104,134764406,0.0,0.007496109697967768,5.0,4.975718021392822,0.0,340.5533142089844,3
1770789615.75967503,134804390,0.0,0.03930514678359032,5.0,5.017451763153076,0.0,340.5514221191406,3
1770789615.79965901,134844374,0.0,0.07649075984954834,5.0,5.054941654205322,0.0,340.549072265625,3
1770789615.83964300,134884358,0.0,0.10272645205259323,5.0,5.083123207092285,0.0,340.54315185546875,3
1770789615.87962699,134924342,0.0,0.11221089214086533,5.0,5.09476900100708,0.0,340.5354919433594,3
1770789615.91961098,134964326,0.0,0.09626756608486176,5.0,5.075725078582764,0.0,340.5316467285156,3
1770789615.95959496,135004310,0.0,0.07030557096004486,5.0,5.052323818206787,0.0,340.5305480957031,3
1770789616.00041199,135045127,0.0,0.042706314474344254,5.0,5.029010772705078,0.0,340.5305480957031,3
1770789616.04039598,135085111,0.0,0.024234076961874962,5.0,5.020936012268066,0.0,340.515869140625,3
1770789616.08037996,135125095,0.0,-0.0015289013972505927,5.0,5.033359527587891,0.0,340.5108337402344,3
1770789616.12036419,135165079,0.0,-0.0268666110932827,5.0,5.031880855560303,0.0,340.49468994140625,3
1770789616.16034818,135205063,0.0,-0.046327993273735046,5.0,5.022113800048828,0.0,340.4775695800781,3
1770789616.20033216,135245047,0.0,-0.07455557584762573,5.0,5.000036716461182,0.0,340.4886474609375,3
1770789616.24031615,135285031,0.0,-0.10450296849012375,5.0,4.957001209259033,0.0,340.4936828613281,3
1770789616.28030014,135325015,0.0,-0.1256111115217209,5.0,4.909997463226318,0.0,340.4964294433594,3
1770789616.32028413,135364999,0.0,-0.14422735571861267,5.0,4.9023284912109375,0.0,340.5023498535156,3
1770789616.36026812,135404983,0.0,-0.15679176151752472,5.0,4.919987678527832,0.0,340.5122375488281,3
1770789616.40025210,135444967,0.0,-0.1400887817144394,5.0,4.940788745880127,0.0,340.5259094238281,3
1770789616.44023609,135484951,0.0,-0.11823927611112595,5.0,4.9577956199646,0.0,340.5304260253906,3
1770789616.48022008,135524935,0.0,-0.11135831475257874,5.0,4.987705707550049,0.0,340.5325927734375,3
1770789616.52020407,135564919,0.0,-0.10689496994018555,5.0,5.017873287200928,0.0,340.53033447265625,3
1770789616.56018806,135604903,0.0,-0.0998542532324791,5.0,5.02705717086792,0.0,340.53778076171875,3
1770789616.60017204,135644887,0.0,-0.08673936873674393,5.0,5.002394199371338,0.0,340.56378173828125,3
1770789616.64015603,135684871,0.0,-0.09306607395410538,5.0,4.985832691192627,0.0,340.58380126953125,3
1770789616.68014002,135724855,0.0,-0.09465017169713974,5.0,4.985897541046143,0.0,340.6072998046875,3
1770789616.72012401,135764839,0.0,-0.07699375599622726,5.0,4.997110843658447,0.0,340.60748291015625,3
1770789616.76010799,135804823,0.0,-0.06365027278661728,5.0,5.0054521560668945,0.0,340.5941467285156,3
1770789616.80009198,135844807,0.0,-0.05003366619348526,5.0,5.0114970207214355,0.0,340.57257080078125,3
1770789616.84007597,135884791,0.0,-0.030296923592686653,5.0,5.003288745880127,0.0,340.5547790527344,3
1770789616.88005996,135924775,0.0,-0.012631799094378948,5.0,4.9728827476501465,0.0,340.54443359375,3
1770789616.92004418,135964759,0.0,0.0048107486218214035,5.0,4.952073097229004,0.0,340.5235900878906,3
1770789616.96002817,136004743,0.0,0.0012010782957077026,5.0,4.937497138977051,0.0,340.4935302734375,3
1770789617.00001216,136044727,0.0,-0.0003619365452323109,5.0,4.956862449645996,0.0,340.46734619140625,3
1770789617.03999615,136084711,0.0,-0.006770745851099491,5.0,4.995906352996826,0.0,340.4505310058594,3
1770789617.07998013,136124695,0.0,-0.010512320324778557,5.0,5.044435024261475,0.0,340.44305419921875,3
1770789617.11996412,136164679,0.0,-0.006984345149248838,5.0,5.093572616577148,0.0,340.449951171875,3
1770789617.15994811,136204663,0.0,-0.028325656428933144,5.0,5.104973793029785,0.0,340.4902038574219,3
1770789617.19993210,136244647,0.0,-0.10634878277778625,5.0,5.1089277267456055,0.0,340.678955078125,3
1770789617.23991609,136284631,0.0,-0.22938036918640137,5.0,5.104330062866211,0.0,341.094970703125,3
1770789617.27990007,136324615,0.0,-0.38257598876953125,5.0,5.087924003601074,0.0,341.7322998046875,3
1770789617.31988406,136364599,0.0,-0.5763813257217407,5.0,5.074779510498047,0.0,342.5701904296875,3
1770789617.35986805,136404583,0.0,-0.7683111429214478,5.0,5.064016342163086,0.0,343.5647888183594,3
1770789617.39985204,136444567,0.0,-0.9148633480072021,5.0,5.043595790863037,0.0,344.6593933105469,3
1770789617.43983603,136484551,0.0,-1.0132933855056763,5.0,5.010161876678467,0.0,345.7798156738281,3
1770789617.47982001,136524535,0.0,-1.0645506381988525,5.0,4.981080055236816,0.0,346.9014892578125,3
1770789617.51980400,136564519,0.0,-1.0460307598114014,5.0,4.94549036026001,0.0,347.99169921875,3
1770789617.55978799,136604503,0.0,-0.984490156173706,5.0,4.9024739265441895,0.0,349.02093505859375,3
1770789617.59977198,136644487,0.0,-0.8936666250228882,5.0,4.853052139282227,0.0,349.9987487792969,3
1770789617.63975596,136684471,0.0,-0.7763841152191162,5.0,4.808948516845703,0.0,350.925537109375,3
1770789617.67974019,136724455,0.0,-0.6355646252632141,5.0,4.762109279632568,0.0,351.8026428222656,3
1770789617.71972418,136764439,0.0,-0.4930207431316376,5.0,4.709912300109863,0.0,352.6290283203125,3
1770789617.75970817,136804423,0.0,-0.37019434571266174,5.0,4.674111843109131,0.0,353.3917236328125,3
1770789617.79969215,136844407,0.0,-0.260826975107193,5.0,4.647432804107666,0.0,354.09954833984375,3
1770789617.83967614,136884391,0.0,-0.15511973202228546,5.0,4.6127142906188965,0.0,354.7671813964844,3
1770789617.87966013,136924375,0.0,-0.06826945394277573,5.0,4.595066547393799,0.0,355.3928527832031,3
1770789617.91964412,136964359,0.0,0.01895746774971485,5.0,4.602427959442139,0.0,355.9862365722656,3
1770789617.95962811,137004343,0.0,0.07789847999811172,5.0,4.609677314758301,0.0,356.5540771484375,3
1770789617.99961209,137044327,0.0,0.10110533982515335,5.0,4.606822967529297,0.0,357.09246826171875,3
1770789618.03959608,137084311,0.0,0.10870236903429031,5.0,4.611878871917725,0.0,357.6123046875,3
1770789618.08041310,137125128,0.0,0.10226880013942719,5.0,4.642260551452637,0.0,358.10797119140625,3
1770789618.12039709,137165112,0.0,0.11570070683956146,5.0,4.676133155822754,0.0,358.5976257324219,3
1770789618.16038108,137205096,0.0,0.1278425008058548,5.0,4.715545654296875,0.0,359.0419616699219,3
1770789618.20036507,137245080,0.0,0.14522463083267212,5.0,4.751923561096191,0.0,359.4696044921875,3
1770789618.24034905,137285064,0.0,0.15749791264533997,5.0,4.781495094299316,0.0,359.8769226074219,3
1770789618.28033304,137325048,0.0,0.15402957797050476,5.0,4.773905277252197,0.0,0.2751923203468323,3
1770789618.32031703,137365032,0.0,0.14419713616371155,5.0,4.786013126373291,0.0,0.6804552674293518,3
1770789618.36030102,137405016,0.0,0.14054492115974426,5.0,4.792201995849609,0.0,1.0604257583618164,3
1770789618.40028501,137445000,0.0,0.13262322545051575,5.0,4.783262252807617,0.0,1.4048343896865845,3
1770789618.44026899,137484984,0.0,0.11604823917150497,5.0,4.780797481536865,0.0,1.707318663597107,3
1770789618.48025298,137524968,0.0,0.1004653349518776,5.0,4.773705959320068,0.0,2.0001134872436523,3
1770789618.52023697,137564952,0.0,0.10485970228910446,5.0,4.773251533508301,0.0,2.2929625511169434,3
1770789618.56022096,137604936,0.0,0.11367721855640411,5.0,4.770242691040039,0.0,2.581711530685425,3
1770789618.60020518,137644920,0.0,0.11170105636119843,5.0,4.760255336761475,0.0,2.843106746673584,3
1770789618.64018917,137684904,0.0,0.12346145510673523,5.0,4.739269733428955,0.0,3.1054444313049316,3
1770789618.68017316,137724888,0.0,0.14677055180072784,5.0,4.7237629890441895,0.0,3.3548312187194824,3
1770789618.72015715,137764872,0.0,0.16857919096946716,5.0,4.711367130279541,0.0,3.5841002464294434,3
1770789618.76014113,137804856,0.0,0.17058312892913818,5.0,4.71633243560791,0.0,3.79764723777771,3
1770789618.80012512,137844840,0.0,0.17249099910259247,5.0,4.700056076049805,0.0,4.005270957946777,3
1770789618.84010911,137884824,0.0,0.16804631054401398,5.0,4.685088157653809,0.0,4.198811054229736,3
1770789618.88009310,137924808,0.0,0.15740138292312622,5.0,4.696758270263672,0.0,4.387345314025879,3
1770789618.92007709,137964792,0.0,0.1583431512117386,5.0,4.714182376861572,0.0,4.571316242218018,3
1770789618.96006107,138004776,0.0,0.16050387918949127,5.0,4.7278876304626465,0.0,4.755847454071045,3
1770789619.00004506,138044760,0.0,0.15724800527095795,5.0,4.764275074005127,0.0,4.934323310852051,3
1770789619.04002905,138084744,0.0,0.16685712337493896,5.0,4.810687065124512,0.0,5.085539817810059,3
1770789619.08001304,138124728,0.0,0.18328958749771118,5.0,4.8631157875061035,0.0,5.238414287567139,3
1770789619.11999702,138164712,0.0,0.16874557733535767,5.0,4.9128618240356445,0.0,5.379140853881836,3
1770789619.15998101,138204696,0.0,0.15420125424861908,5.0,4.979641437530518,0.0,5.497184753417969,3
1770789619.19996500,138244680,0.0,0.15120579302310944,5.0,5.014944553375244,0.0,5.6028876304626465,3
1770789619.23994899,138284664,0.0,0.16012723743915558,5.0,5.035648822784424,0.0,5.700094223022461,3
1770789619.27993298,138324648,0.0,0.16787463426589966,5.0,5.015720367431641,0.0,5.782966613769531,3
1770789619.31991696,138364632,0.0,0.19101394712924957,5.0,4.979687690734863,0.0,5.847591400146484,3
1770789619.35990119,138404616,0.0,0.20727096498012543,5.0,4.9642744064331055,0.0,5.902223587036133,3
1770789619.39988518,138444600,0.0,0.21172058582305908,5.0,4.960301399230957,0.0,5.9908766746521,3
1770789619.43986917,138484584,0.0,0.21864821016788483,5.0,4.966389179229736,0.0,6.086043357849121,3
1770789619.47985315,138524568,0.0,0.22876852750778198,5.0,4.97216796875,0.0,6.196754455566406,3
1770789619.51983714,138564552,0.0,0.239795982837677,5.0,4.989206314086914,0.0,6.300471305847168,3
1770789619.55982113,138604536,0.0,0.2526490092277527,5.0,4.989407062530518,0.0,6.380293846130371,3
1770789619.59980512,138644520,0.0,0.2705219089984894,5.0,4.981741905212402,0.0,6.4454169273376465,3
1770789619.63978910,138684504,0.0,0.2859705686569214,5.0,4.949072360992432,0.0,6.4901227951049805,3
1770789619.67977309,138724488,0.0,0.29312747716903687,5.0,4.88590145111084,0.0,6.54382848739624,3
1770789619.71975708,138764472,0.0,0.3017738163471222,5.0,4.848631858825684,0.0,6.6070709228515625,3
1770789619.75974107,138804456,0.0,0.29146242141723633,5.0,4.826186656951904,0.0,6.665788173675537,3
1770789619.79972506,138844440,0.0,0.2844230532646179,5.0,4.800048351287842,0.0,6.70591402053833,3
1770789619.83970904,138884424,0.0,0.26715537905693054,5.0,4.794961929321289,0.0,6.74858283996582,3
1770789619.87969303,138924408,0.0,0.24009381234645844,5.0,4.8065924644470215,0.0,6.783870697021484,3
1770789619.91967702,138964392,0.0,0.2127791792154312,5.0,4.846899509429932,0.0,6.8147196769714355,3
1770789619.95966101,139004376,0.0,0.178620845079422,5.0,4.879133224487305,0.0,6.841535568237305,3
1770789619.99964499,139044360,0.0,0.15761436522006989,5.0,4.939965724945068,0.0,6.891708850860596,3
1770789620.03962898,139084344,0.0,0.15883493423461914,5.0,5.003561019897461,0.0,6.956751823425293,3
1770789620.07961297,139124328,0.0,0.14201386272907257,5.0,5.042509078979492,0.0,7.012236595153809,3
1770789620.11959696,139164312,0.0,0.1416606307029724,5.0,5.0780863761901855,0.0,7.059167861938477,3
1770789620.16041398,139205129,0.0,0.13835419714450836,5.0,5.098255634307861,0.0,7.0978617668151855,3
1770789620.20039797,139245113,0.0,0.14486125111579895,5.0,5.107036113739014,0.0,7.127901554107666,3
1770789620.24038196,139285097,0.0,0.1561412811279297,5.0,5.102209091186523,0.0,7.173149585723877,3
1770789620.28036618,139325081,0.0,0.1713448315858841,5.0,5.089908123016357,0.0,7.21500825881958,3
1770789620.32035017,139365065,0.0,0.18931415677070618,5.0,5.061645030975342,0.0,7.259957313537598,3
1770789620.36033416,139405049,0.0,0.22390559315681458,5.0,5.044309139251709,0.0,7.313852310180664,3
1770789620.40031815,139445033,0.0,0.22295540571212769,5.0,5.023456573486328,0.0,7.35703182220459,3
1770789620.44030213,139485017,0.0,0.1916274130344391,5.0,4.9791741371154785,0.0,7.380697727203369,3
1770789620.48028612,139525001,0.0,0.1739540696144104,5.0,4.946980953216553,0.0,7.420331001281738,3
1770789620.52027011,139564985,0.0,0.17574872076511383,5.0,4.940150260925293,0.0,7.437752723693848,3
1770789620.56025410,139604969,0.0,0.17831438779830933,5.0,4.913562297821045,0.0,7.449687957763672,3
1770789620.60023808,139644953,0.0,0.18303415179252625,5.0,4.8669562339782715,0.0,7.452834606170654,3
1770789620.64022207,139684937,0.0,0.17321060597896576,5.0,4.829968452453613,0.0,7.456884384155273,3
1770789620.68020606,139724921,0.0,0.15376973152160645,5.0,4.804626941680908,0.0,7.461536407470703,3
1770789620.72019005,139764905,0.0,0.11414925009012222,5.0,4.809719562530518,0.0,7.450810432434082,3
1770789620.76017404,139804889,0.0,0.0869198590517044,5.0,4.821876049041748,0.0,7.453222274780273,3
1770789620.80015802,139844873,0.0,0.08009222149848938,5.0,4.851718902587891,0.0,7.479900360107422,3
1770789620.84014201,139884857,0.0,0.08131656795740128,5.0,4.883068561553955,0.0,7.507338047027588,3
1770789620.88012600,139924841,0.0,0.08687780052423477,5.0,4.903225898742676,0.0,7.528629302978516,3
1770789620.92010999,139964825,0.0,0.07879351079463959,5.0,4.926788806915283,0.0,7.537564754486084,3
1770789620.96009398,140004809,0.0,0.10277736932039261,5.0,4.941509246826172,0.0,7.562788009643555,3
1770789621.00007796,140044793,0.0,0.1281278431415558,5.0,4.961739540100098,0.0,7.585595607757568,3
1770789621.04006219,140084777,0.0,0.1351565718650818,5.0,4.987307548522949,0.0,7.5957231521606445,3
1770789621.08004618,140124761,0.0,0.1435108780860901,5.0,5.009718894958496,0.0,7.610473155975342,3
1770789621.12003016,140164745,0.0,0.16396836936473846,5.0,5.029504776000977,0.0,7.617620944976807,3
1770789621.16001415,140204729,0.0,0.17358055710792542,5.0,5.041268348693848,0.0,7.611071586608887,3
1770789621.19999814,140244713,0.0,0.18626007437705994,5.0,5.0608320236206055,0.0,7.616696357727051,3
1770789621.23998213,140284697,0.0,0.2039477527141571,5.0,5.0891571044921875,0.0,7.616132736206055,3
1770789621.27996612,140324681,0.0,0.22375260293483734,5.0,5.11971378326416,0.0,7.60106086730957,3
1770789621.31995010,140364665,0.0,0.22804775834083557,5.0,5.142436504364014,0.0,7.591534614562988,3
1770789621.35993409,140404649,0.0,0.2188204675912857,5.0,5.133361339569092,0.0,7.606512546539307,3
1770789621.39991808,140444633,0.0,0.20078475773334503,5.0,5.117729187011719,0.0,7.62654972076416,3
1770789621.43990207,140484617,0.0,0.1903783082962036,5.0,5.084501266479492,0.0,7.654985427856445,3
1770789621.47988605,140524601,0.0,0.16898852586746216,5.0,5.022338390350342,0.0,7.687942028045654,3
1770789621.51987004,140564585,0.0,0.1367214471101761,5.0,4.965211868286133,0.0,7.701335906982422,3
1770789621.55985403,140604569,0.0,0.11356600373983383,5.0,4.913796424865723,0.0,7.709967613220215,3
1770789621.59983802,140644553,0.0,0.09196792542934418,5.0,4.887093544006348,0.0,7.722356796264648,3
1770789621.63982201,140684537,0.0,0.07735035568475723,5.0,4.887448787689209,0.0,7.717655658721924,3
1770789621.67980599,140724521,0.0,0.08674918115139008,5.0,4.906126976013184,0.0,7.712653636932373,3
1770789621.71978998,140764505,0.0,0.10523480176925659,5.0,4.907110214233398,0.0,7.726822853088379,3
1770789621.75977397,140804489,0.0,0.12089118361473083,5.0,4.91730260848999,0.0,7.717548847198486,3
1770789621.79975796,140844473,0.0,0.10347161442041397,5.0,4.940261363983154,0.0,7.69639253616333,3
1770789621.83974218,140884457,0.0,0.09508377313613892,5.0,4.974974632263184,0.0,7.660971164703369,3
1770789621.87972617,140924441,0.0,0.0703037679195404,5.0,4.999867916107178,0.0,7.623805522918701,3
1770789621.91971016,140964425,0.0,0.05964401736855507,5.0,5.005021572113037,0.0,7.604192733764648,3
1770789621.95969415,141004409,0.0,0.06449096649885178,5.0,5.004077434539795,0.0,7.582306861877441,3
1770789621.99967813,141044393,0.0,0.0905270129442215,5.0,5.012556552886963,0.0,7.58241605758667,3
1770789622.03966212,141084377,0.0,0.11788582801818848,5.0,5.028099536895752,0.0,7.616086483001709,3
1770789622.07964611,141124361,0.0,0.14423075318336487,5.0,5.047169208526611,0.0,7.647993564605713,3
1770789622.11963010,141164345,0.0,0.17111492156982422,5.0,5.072269916534424,0.0,7.673698425292969,3
1770789622.15961409,141204329,0.0,0.18584060668945312,5.0,5.085853576660156,0.0,7.694830894470215,3
1770789622.19959807,141244313,0.0,0.1997222751379013,5.0,5.080193996429443,0.0,7.70966100692749,3
1770789622.24041510,141285130,0.0,0.20858176052570343,5.0,5.061244964599609,0.0,7.705538272857666,3
1770789622.28039908,141325114,0.0,0.21152091026306152,5.0,5.047569274902344,0.0,7.6881422996521,3
1770789622.32038307,141365098,0.0,0.20898602902889252,5.0,5.033141136169434,0.0,7.6852335929870605,3
1770789622.36036706,141405082,0.0,0.22556236386299133,5.0,5.021350860595703,0.0,7.678002834320068,3
1770789622.40035105,141445066,0.0,0.23765583336353302,5.0,4.994443416595459,0.0,7.649881362915039,3
1770789622.44033504,141485050,0.0,0.2204597294330597,5.0,4.9939045906066895,0.0,7.609891414642334,3
1770789622.48031902,141525034,0.0,0.20202068984508514,5.0,5.000131130218506,0.0,7.594647407531738,3
1770789622.52030301,141565018,0.0,0.19002212584018707,5.0,5.000523567199707,0.0,7.596288204193115,3
1770789622.56028700,141605002,0.0,0.18909987807273865,5.0,4.987324237823486,0.0,7.591267108917236,3
1770789622.60027099,141644986,0.0,0.1872171014547348,5.0,4.960721015930176,0.0,7.5959649085998535,3
1770789622.64025497,141684970,0.0,0.16288647055625916,5.0,4.909205913543701,0.0,7.582971096038818,3
1770789622.68023896,141724954,0.0,0.1321507841348648,5.0,4.883797645568848,0.0,7.580441474914551,3
1770789622.72022319,141764938,0.0,0.09491267055273056,5.0,4.881198883056641,0.0,7.589778423309326,3
1770789622.76020718,141804922,0.0,0.05856163054704666,5.0,4.863936901092529,0.0,7.5998382568359375,3
1770789622.80019116,141844906,0.0,0.043327268213033676,5.0,4.844904899597168,0.0,7.628584861755371,3
1770789622.84017515,141884890,0.0,0.03566765785217285,5.0,4.841873645782471,0.0,7.654027462005615,3
1770789622.88015914,141924874,0.0,0.03600075840950012,5.0,4.832389831542969,0.0,7.665846347808838,3
1770789622.92014313,141964858,0.0,0.02515067532658577,5.0,4.855319023132324,0.0,7.659558296203613,3
1770789622.96012712,142004842,0.0,0.010477677918970585,5.0,4.902004718780518,0.0,7.648740768432617,3
1770789623.00011110,142044826,0.0,0.006528258323669434,5.0,4.965053558349609,0.0,7.639902591705322,3
1770789623.04009509,142084810,0.0,-5.4375203035306185e-05,5.0,5.021221160888672,0.0,7.637029647827148,3
1770789623.08007908,142124794,0.0,0.0037517508026212454,5.0,5.050730228424072,0.0,7.631834506988525,3
1770789623.12006307,142164778,0.0,0.005040907301008701,5.0,5.068570613861084,0.0,7.6263957023620605,3
1770789623.16004705,142204762,0.0,0.0024469296913594007,5.0,5.058596134185791,0.0,7.621728420257568,3
1770789623.20003104,142244746,0.0,0.012168614193797112,5.0,5.036289691925049,0.0,7.625822067260742,3
1770789623.24001503,142284730,0.0,0.026470841839909554,5.0,5.028759479522705,0.0,7.658548831939697,3
1770789623.27999902,142324714,0.0,0.03327890485525131,5.0,5.009353160858154,0.0,7.699934005737305,3
1770789623.31998301,142364698,0.0,0.04037048667669296,5.0,5.000826358795166,0.0,7.712666988372803,3
1770789623.35996699,142404682,0.0,0.03615322709083557,5.0,4.996520042419434,0.0,7.689545154571533,3
1770789623.39995098,142444666,0.0,0.03433316946029663,5.0,4.991868495941162,0.0,7.6453375816345215,3
1770789623.43993497,142484650,0.0,0.04051750525832176,5.0,4.983376502990723,0.0,7.617299556732178,3
1770789623.47991896,142524634,0.0,0.06687676161527634,5.0,4.981847286224365,0.0,7.607786178588867,3
1770789623.51990318,142564618,0.0,0.09618017077445984,5.0,4.9689459800720215,0.0,7.5872650146484375,3
1770789623.55988717,142604602,0.0,0.11515340954065323,5.0,4.959184169769287,0.0,7.575911521911621,3
1770789623.59987116,142644586,0.0,0.11892642080783844,5.0,4.944385051727295,0.0,7.573840141296387,3
1770789623.63985515,142684570,0.0,0.09350518137216568,5.0,4.918948173522949,0.0,7.576189041137695,3
1770789623.67983913,142724554,0.0,0.064151331782341,5.0,4.918575763702393,0.0,7.585178375244141,3
1770789623.71982312,142764538,0.0,0.031852252781391144,5.0,4.947000980377197,0.0,7.59723424911499,3
1770789623.75980711,142804522,0.0,-0.01110094878822565,5.0,4.979956150054932,0.0,7.58620548248291,3
1770789623.79979110,142844506,0.0,-0.04824654757976532,5.0,5.024266242980957,0.0,7.59166955947876,3
1770789623.83977509,142884490,0.0,-0.060348473489284515,5.0,5.06264591217041,0.0,7.591404914855957,3
1770789623.87975907,142924474,0.0,-0.08266571164131165,5.0,5.090319633483887,0.0,7.589179039001465,3
1770789623.91974306,142964458,0.0,-0.1053800880908966,5.0,5.102508544921875,0.0,7.5917277336120605,3
1770789623.95972705,143004442,0.0,-0.10077017545700073,5.0,5.11132287979126,0.0,7.609951496124268,3
1770789623.99971104,143044426,0.0,-0.07973955571651459,5.0,5.111007213592529,0.0,7.6281633377075195,3
1770789624.03969502,143084410,0.0,-0.027435382828116417,5.0,5.113211631774902,0.0,7.644759654998779,3
1770789624.07967901,143124394,0.0,0.008323931135237217,5.0,5.102589130401611,0.0,7.6534810066223145,3
1770789624.11966300,143164378,0.0,0.025557052344083786,5.0,5.096983909606934,0.0,7.6501145362854,3
1770789624.15964699,143204362,0.0,0.016354117542505264,5.0,5.076551914215088,0.0,7.63970947265625,3
1770789624.19963098,143244346,0.0,-0.0019911215640604496,5.0,5.040221691131592,0.0,7.630475997924805,3
1770789624.23961496,143284330,0.0,0.0007490065763704479,5.0,5.0144782066345215,0.0,7.638554573059082,3
1770789624.27959919,143324314,0.0,-0.0027876452077180147,5.0,5.0110578536987305,0.0,7.647403717041016,3
1770789624.32041597,143365131,0.0,-0.025430597364902496,5.0,5.021958351135254,0.0,7.635309219360352,3
1770789624.36039996,143405115,0.0,-0.03118988312780857,5.0,5.046328544616699,0.0,7.616286277770996,3
1770789624.40038419,143445099,0.0,-0.03629303351044655,5.0,5.072710037231445,0.0,7.61143159866333,3
1770789624.44036818,143485083,0.0,-0.041312675923109055,5.0,5.0877685546875,0.0,7.596871376037598,3
1770789624.48035216,143525067,0.0,-0.039545174688100815,5.0,5.091614723205566,0.0,7.597218036651611,3
1770789624.52033615,143565051,0.0,-0.026162371039390564,5.0,5.0992751121521,0.0,7.5860772132873535,3
1770789624.56032014,143605035,0.0,0.0013336781412363052,5.0,5.095483779907227,0.0,7.601407527923584,3
1770789624.60030413,143645019,0.0,0.033824700862169266,5.0,5.079237461090088,0.0,7.60974645614624,3
1770789624.64028811,143685003,0.0,0.042846087366342545,5.0,5.051734447479248,0.0,7.606836795806885,3
1770789624.68027210,143724987,0.0,0.05327033996582031,5.0,5.028656005859375,0.0,7.612639904022217,3
1770789624.72025609,143764971,0.0,0.0698314979672432,5.0,5.015984535217285,0.0,7.603545665740967,3
1770789624.76024008,143804955,0.0,0.09938280284404755,5.0,5.007109642028809,0.0,7.5997700691223145,3
1770789624.80022407,143844939,0.0,0.1274459809064865,5.0,5.004924774169922,0.0,7.57911491394043,3
1770789624.84020805,143884923,0.0,0.1287228912115097,5.0,4.986433029174805,0.0,7.537760257720947,3
1770789624.88019204,143924907,0.0,0.14040769636631012,5.0,4.9745283126831055,0.0,7.505420207977295,3
1770789624.92017603,143964891,0.0,0.14231127500534058,5.0,4.966226100921631,0.0,7.484872817993164,3
1770789624.96016002,144004875,0.0,0.12535814940929413,5.0,4.963527202606201,0.0,7.4813737869262695,3
1770789625.00014400,144044859,0.0,0.11118500679731369,5.0,4.96165657043457,0.0,7.4900078773498535,3
1770789625.04012799,144084843,0.0,0.10223143547773361,5.0,4.96464729309082,0.0,7.507397651672363,3
1770789625.08011198,144124827,0.0,0.09263351559638977,5.0,4.952948570251465,0.0,7.5289130210876465,3
1770789625.12009597,144164811,0.0,0.061297457665205,5.0,4.966859340667725,0.0,7.542698860168457,3
1770789625.16007996,144204795,0.0,0.047492530196905136,5.0,4.9945197105407715,0.0,7.543636798858643,3
1770789625.20006418,144244779,0.0,0.03161388263106346,5.0,5.0433878898620605,0.0,7.546820640563965,3
1770789625.24004817,144284763,0.0,0.016794251278042793,5.0,5.082637310028076,0.0,7.542797088623047,3
1770789625.28003216,144324747,0.0,0.011461450718343258,5.0,5.10444450378418,0.0,7.524148941040039,3
1770789625.32001615,144364731,0.0,0.011208095587790012,5.0,5.1045098304748535,0.0,7.490544319152832,3
1770789625.36000013,144404715,0.0,0.015693608671426773,5.0,5.108057022094727,0.0,7.4654340744018555,3
1770789625.39998412,144444699,0.0,0.0248311348259449,5.0,5.111112117767334,0.0,7.446854114532471,3
1770789625.43996811,144484683,0.0,0.04197760298848152,5.0,5.1263203620910645,0.0,7.434747695922852,3
1770789625.47995210,144524667,0.0,0.06163669005036354,5.0,5.151486396789551,0.0,7.427467346191406,3
1770789625.51993608,144564651,0.0,0.045600637793540955,5.0,5.177955627441406,0.0,7.415124416351318,3
1770789625.55992007,144604635,0.0,0.017673557624220848,5.0,5.1739397048950195,0.0,7.40729284286499,3
1770789625.59990406,144644619,0.0,0.007900191470980644,5.0,5.185520648956299,0.0,7.3946733474731445,3
1770789625.63988805,144684603,0.0,0.0017443860415369272,5.0,5.176804065704346,0.0,7.381611347198486,3
1770789625.67987204,144724587,0.0,0.004097282886505127,5.0,5.16341495513916,0.0,7.38197660446167,3
1770789625.71985602,144764571,0.0,0.0029470648150891066,5.0,5.140520095825195,0.0,7.399194717407227,3
1770789625.75984001,144804555,0.0,-0.01824473775923252,5.0,5.123814105987549,0.0,7.420616626739502,3
1770789625.79982400,144844539,0.0,-0.030636005103588104,5.0,5.1090192794799805,0.0,7.431930065155029,3
1770789625.83980799,144884523,0.0,-0.039119794964790344,5.0,5.093404769897461,0.0,7.436011791229248,3
1770789625.87979198,144924507,0.0,-0.032472141087055206,5.0,5.05935001373291,0.0,7.45216178894043,3
1770789625.91977596,144964491,0.0,-0.013452813029289246,5.0,5.026839733123779,0.0,7.452794551849365,3
1770789625.95976019,145004475,0.0,0.0015587916132062674,5.0,4.986647605895996,0.0,7.446447849273682,3
1770789625.99974418,145044459,0.0,0.03123181127011776,5.0,4.938533782958984,0.0,7.449461460113525,3
1770789626.03972816,145084443,0.0,0.055902834981679916,5.0,4.911407947540283,0.0,7.452733039855957,3
1770789626.07971215,145124427,0.0,0.06240107864141464,5.0,4.888895034790039,0.0,7.454883098602295,3
1770789626.11969614,145164411,0.0,0.06463168561458588,5.0,4.890074729919434,0.0,7.4522013664245605,3
1770789626.15968013,145204395,0.0,0.06283485144376755,5.0,4.918223857879639,0.0,7.449007987976074,3
1770789626.19966412,145244379,0.0,0.06271597743034363,5.0,4.941562175750732,0.0,7.452726364135742,3
1770789626.23964810,145284363,0.0,0.05599650368094444,5.0,4.970601558685303,0.0,7.455397129058838,3
1770789626.27963209,145324347,0.0,0.04411408677697182,5.0,5.0015082359313965,0.0,7.46437931060791,3
1770789626.31961608,145364331,0.0,0.0367976538836956,5.0,5.020559310913086,0.0,7.461538791656494,3
1770789626.35960007,145404315,0.0,0.025405732914805412,5.0,5.0450968742370605,0.0,7.451153755187988,3
1770789626.40041709,145445132,0.0,0.01832394488155842,5.0,5.074032783508301,0.0,7.439754009246826,3
1770789626.44040108,145485116,0.0,-0.016656605526804924,5.0,5.094857215881348,0.0,7.420146465301514,3
1770789626.48038507,145525100,0.0,-0.062155596911907196,5.0,5.094620704650879,0.0,7.400951862335205,3
1770789626.52036905,145565084,0.0,-0.1014593169093132,5.0,5.0759100914001465,0.0,7.391172885894775,3
1770789626.56035304,145605068,0.0,-0.1403069645166397,5.0,5.0745038986206055,0.0,7.404529094696045,3
1770789626.60033703,145645052,0.0,-0.15958215296268463,5.0,5.0538434982299805,0.0,7.408803939819336,3
1770789626.64032102,145685036,0.0,-0.17186440527439117,5.0,5.026726722717285,0.0,7.403741836547852,3
1770789626.68030500,145725020,0.0,-0.16465875506401062,5.0,5.003732204437256,0.0,7.413485050201416,3
1770789626.72028899,145765004,0.0,-0.13346920907497406,5.0,4.982527732849121,0.0,7.417148590087891,3
1770789626.76027298,145804988,0.0,-0.08263231068849564,5.0,4.9686994552612305,0.0,7.4256720542907715,3
1770789626.80025697,145844972,0.0,-0.022485127672553062,5.0,4.9499993324279785,0.0,7.448531627655029,3
1770789626.84024096,145884956,0.0,0.018866639584302902,5.0,4.946399688720703,0.0,7.4562764167785645,3
1770789626.88022518,145924940,0.0,0.01169570442289114,5.0,4.937839508056641,0.0,7.437861442565918,3
1770789626.92020917,145964924,0.0,0.03652973473072052,5.0,4.952755451202393,0.0,7.436095714569092,3
1770789626.96019316,146004908,0.0,0.07218189537525177,5.0,4.980691432952881,0.0,7.440713882446289,3
1770789627.00017715,146044892,0.0,0.11805608868598938,5.0,5.023307800292969,0.0,7.447701930999756,3
1770789627.04016113,146084876,0.0,0.15940509736537933,5.0,5.035628795623779,0.0,7.4456868171691895,3
1770789627.08014512,146124860,0.0,0.1837499737739563,5.0,5.020662307739258,0.0,7.443604469299316,3
1770789627.12012911,146164844,0.0,0.2027503103017807,5.0,4.981108665466309,0.0,7.412347316741943,3
1770789627.16011310,146204828,0.0,0.2055850327014923,5.0,4.9412994384765625,0.0,7.384678840637207,3
1770789627.20009708,146244812,0.0,0.23445242643356323,5.0,4.925093650817871,0.0,7.250581741333008,3
1770789627.24008107,146284796,0.0,0.3240932822227478,5.0,4.913846969604492,0.0,6.923781871795654,3
1770789627.28006506,146324780,0.0,0.460094690322876,5.0,4.926266670227051,0.0,6.363153457641602,3
1770789627.32004905,146364764,0.0,0.6226513385772705,5.0,4.950272083282471,0.0,5.5859055519104,3
1770789627.36003304,146404748,0.0,0.8044120669364929,5.0,4.979736328125,0.0,4.636962413787842,3
1770789627.40001702,146444732,0.0,0.9431392550468445,5.0,5.011773109436035,0.0,3.5696194171905518,3
1770789627.44000101,146484716,0.0,1.030395269393921,5.0,5.031293869018555,0.0,2.4536657333374023,3
1770789627.47998500,146524700,0.0,1.0790371894836426,5.0,5.051405906677246,0.0,1.3214764595031738,3
1770789627.51996899,146564684,0.0,1.0897151231765747,5.0,5.0419087409973145,0.0,0.20251299440860748,3
1770789627.55995297,146604668,0.0,1.040523886680603,5.0,5.041439056396484,0.0,359.15338134765625,3
1770789627.59993696,146644652,0.0,0.9375584721565247,5.0,5.056519985198975,0.0,358.1705322265625,3
1770789627.63992119,146684636,0.0,0.7928177118301392,5.0,5.057368278503418,0.0,357.23223876953125,3
1770789627.67990518,146724620,0.0,0.6298676133155823,5.0,5.053460121154785,0.0,356.3690490722656,3
1770789627.71988916,146764604,0.0,0.4860074818134308,5.0,5.056736946105957,0.0,355.5874938964844,3
1770789627.75987315,146804588,0.0,0.3591448962688446,5.0,5.051510334014893,0.0,354.8634948730469,3
1770789627.79985714,146844572,0.0,0.2610416114330292,5.0,5.038983345031738,0.0,354.18939208984375,3
1770789627.83984113,146884556,0.0,0.17705218493938446,5.0,5.035378932952881,0.0,353.563232421875,3
1770789627.87982512,146924540,0.0,0.09766773879528046,5.0,5.036106586456299,0.0,352.9443664550781,3
1770789627.91980910,146964524,0.0,0.025248588994145393,5.0,5.044681072235107,0.0,352.36248779296875,3
1770789627.95979309,147004508,0.0,-0.03165378049015999,5.0,5.058858394622803,0.0,351.8254699707031,3
1770789627.99977708,147044492,0.0,-0.060017894953489304,5.0,5.079237461090088,0.0,351.3013916015625,3
1770789628.03976107,147084476,0.0,-0.05257433280348778,5.0,5.1101837158203125,0.0,350.81463623046875,3
1770789628.07974505,147124460,0.0,-0.054935116320848465,5.0,5.14054012298584,0.0,350.3655090332031,3
1770789628.11972904,147164444,0.0,-0.06427561491727829,5.0,5.15770959854126,0.0,349.93060302734375,3
1770789628.15971303,147204428,0.0,-0.10582811385393143,5.0,5.173709869384766,0.0,349.4994812011719,3
1770789628.19969702,147244412,0.0,-0.1352185755968094,5.0,5.182714462280273,0.0,349.0874938964844,3
1770789628.23968101,147284396,0.0,-0.13536790013313293,5.0,5.185723304748535,0.0,348.68646240234375,3
1770789628.27966499,147324380,0.0,-0.12104547023773193,5.0,5.184659004211426,0.0,348.3155212402344,3
1770789628.31964898,147364364,0.0,-0.1164264902472496,5.0,5.185352325439453,0.0,347.9793701171875,3
1770789628.35963297,147404348,0.0,-0.13057155907154083,5.0,5.194799900054932,0.0,347.6541442871094,3
1770789628.39961696,147444332,0.0,-0.13151885569095612,5.0,5.210599422454834,0.0,347.3418884277344,3
1770789628.43960118,147484316,0.0,-0.13706377148628235,5.0,5.202359199523926,0.0,347.0147705078125,3
1770789628.48041797,147525133,0.0,-0.15864457190036774,5.0,5.1825852394104,0.0,346.70623779296875,3
1770789628.52040195,147565117,0.0,-0.15086007118225098,5.0,5.1691975593566895,0.0,346.42864990234375,3
1770789628.56038618,147605101,0.0,-0.15874935686588287,5.0,5.161538124084473,0.0,346.1644592285156,3
1770789628.60037017,147645085,0.0,-0.1945645809173584,5.0,5.160207271575928,0.0,345.914794921875,3
1770789628.64035416,147685069,0.0,-0.21201997995376587,5.0,5.177169322967529,0.0,345.68450927734375,3
1770789628.68033814,147725053,0.0,-0.23722125589847565,5.0,5.2037458419799805,0.0,345.450439453125,3
1770789628.72032213,147765037,0.0,-0.2599834203720093,5.0,5.225033283233643,0.0,345.2243347167969,3
1770789628.76030612,147805021,0.0,-0.27831628918647766,5.0,5.2319231033325195,0.0,345.019775390625,3
1770789628.80029011,147845005,0.0,-0.27036163210868835,5.0,5.212355613708496,0.0,344.8371276855469,3
1770789628.84027410,147884989,0.0,-0.24828465282917023,5.0,5.179790019989014,0.0,344.656494140625,3
1770789628.88025808,147924973,0.0,-0.22545914351940155,5.0,5.151544570922852,0.0,344.478759765625,3
1770789628.92024207,147964957,0.0,-0.20889121294021606,5.0,5.122669696807861,0.0,344.32080078125,3
1770789628.96022606,148004941,0.0,-0.20934881269931793,5.0,5.116878032684326,0.0,344.179931640625,3
1770789629.00021005,148044925,0.0,-0.2256363332271576,5.0,5.118497371673584,0.0,344.0248107910156,3
1770789629.04019403,148084909,0.0,-0.23628666996955872,5.0,5.135214805603027,0.0,343.8561706542969,3
1770789629.08017802,148124893,0.0,-0.2512098550796509,5.0,5.150006294250488,0.0,343.716064453125,3
1770789629.12016201,148164877,0.0,-0.2615407705307007,5.0,5.176896572113037,0.0,343.5845031738281,3
1770789629.16014600,148204861,0.0,-0.247826486825943,5.0,5.226888179779053,0.0,343.46380615234375,3
1770789629.20012999,148244845,0.0,-0.24141883850097656,5.0,5.270464897155762,0.0,343.34259033203125,3
1770789629.24011397,148284829,0.0,-0.23485714197158813,5.0,5.296571254730225,0.0,343.2366027832031,3
1770789629.28009796,148324813,0.0,-0.22889083623886108,5.0,5.294748783111572,0.0,343.1314392089844,3
1770789629.32008219,148364797,0.0,-0.21416667103767395,5.0,5.280946254730225,0.0,343.0236511230469,3
1770789629.36006618,148404781,0.0,-0.18493065237998962,5.0,5.2643632888793945,0.0,342.9127197265625,3
1770789629.40005016,148444765,0.0,-0.16780899465084076,5.0,5.238234519958496,0.0,342.80181884765625,3
1770789629.44003415,148484749,0.0,-0.15694794058799744,5.0,5.213140964508057,0.0,342.7038879394531,3
1770789629.48001814,148524733,0.0,-0.14677897095680237,5.0,5.193909168243408,0.0,342.6360778808594,3
1770789629.52000213,148564717,0.0,-0.12849242985248566,5.0,5.170951843261719,0.0,342.5869445800781,3
1770789629.55998611,148604701,0.0,-0.10752134770154953,5.0,5.1273674964904785,0.0,342.53887939453125,3
1770789629.59997010,148644685,0.0,-0.0928526446223259,5.0,5.061263084411621,0.0,342.490234375,3
1770789629.63995409,148684669,0.0,-0.10891620069742203,5.0,5.001603603363037,0.0,342.44384765625,3
1770789629.67993808,148724653,0.0,-0.1314835548400879,5.0,4.98034143447876,0.0,342.4051513671875,3
1770789629.71992207,148764637,0.0,-0.15201428532600403,5.0,4.976646423339844,0.0,342.35699462890625,3
1770789629.75990605,148804621,0.0,-0.17971697449684143,5.0,4.9877095222473145,0.0,342.29473876953125,3
1770789629.79989004,148844605,0.0,-0.19026698172092438,5.0,5.031118869781494,0.0,342.2319030761719,3
1770789629.83987403,148884589,0.0,-0.20282414555549622,5.0,5.091793060302734,0.0,342.17327880859375,3
1770789629.87985802,148924573,0.0,-0.20201079547405243,5.0,5.1564130783081055,0.0,342.13055419921875,3
1770789629.91984200,148964557,0.0,-0.22204327583312988,5.0,5.212996482849121,0.0,342.0916748046875,3
1770789629.95982599,149004541,0.0,-0.24267561733722687,5.0,5.268445014953613,0.0,342.03228759765625,3
1770789629.99980998,149044525,0.0,-0.24410110712051392,5.0,5.315655708312988,0.0,341.9701843261719,3
1770789630.03979397,149084509,0.0,-0.2502632141113281,5.0,5.348241329193115,0.0,341.9162902832031,3
1770789630.07977796,149124493,0.0,-0.2416871339082718,5.0,5.3775634765625,0.0,341.8642883300781,3
1770789630.11976218,149164477,0.0,-0.25403374433517456,5.0,5.3888373374938965,0.0,341.82794189453125,3
1770789630.15974617,149204461,0.0,-0.2658914029598236,5.0,5.379039287567139,0.0,341.8074645996094,3
1770789630.19973016,149244445,0.0,-0.2914668619632721,5.0,5.341134548187256,0.0,341.76837158203125,3
1770789630.23971415,149284429,0.0,-0.31162065267562866,5.0,5.291367530822754,0.0,341.7398986816406,3
1770789630.27969813,149324413,0.0,-0.33370572328567505,5.0,5.24681282043457,0.0,341.72003173828125,3
1770789630.31968212,149364397,0.0,-0.357742577791214,5.0,5.216628551483154,0.0,341.7042236328125,3
1770789630.35966611,149404381,0.0,-0.367665559053421,5.0,5.185302734375,0.0,341.68890380859375,3
1770789630.39965010,149444365,0.0,-0.3802231252193451,5.0,5.152748107910156,0.0,341.6609802246094,3
1770789630.43963408,149484349,0.0,-0.3768689036369324,5.0,5.107309341430664,0.0,341.6435241699219,3
1770789630.47961807,149524333,0.0,-0.34980058670043945,5.0,5.06371545791626,0.0,341.6323547363281,3
1770789630.51960206,149564317,0.0,-0.3438809812068939,5.0,5.038596153259277,0.0,341.6151428222656,3
1770789630.56041908,149605134,0.0,-0.3216078281402588,5.0,5.043094158172607,0.0,341.59527587890625,3
1770789630.60040307,149645118,0.0,-0.3126428723335266,5.0,5.056434631347656,0.0,341.5763244628906,3
1770789630.64038706,149685102,0.0,-0.32311272621154785,5.0,5.056643486022949,0.0,341.5611267089844,3
1770789630.68037105,149725086,0.0,-0.32580113410949707,5.0,5.0490336418151855,0.0,341.546630859375,3
1770789630.72035503,149765070,0.0,-0.31031081080436707,5.0,5.030873775482178,0.0,341.5119323730469,3
1770789630.76033902,149805054,0.0,-0.2715109586715698,5.0,5.034782886505127,0.0,341.46759033203125,3
1770789630.80032301,149845038,0.0,-0.23262499272823334,5.0,5.03988790512085,0.0,341.4161376953125,3
1770789630.84030700,149885022,0.0,-0.2066354751586914,5.0,5.0548906326293945,0.0,341.3691101074219,3
1770789630.88029099,149925006,0.0,-0.20276179909706116,5.0,5.074754238128662,0.0,341.3307800292969,3
1770789630.92027497,149964990,0.0,-0.1807931512594223,5.0,5.063762187957764,0.0,341.2953186035156,3
1770789630.96025896,150004974,0.0,-0.1571081578731537,5.0,5.0420122146606445,0.0,341.2620544433594,3
1770789631.00024319,150044958,0.0,-0.13267602026462555,5.0,5.032375335693359,0.0,341.2250061035156,3
1770789631.04022717,150084942,0.0,-0.10569021850824356,5.0,5.032346725463867,0.0,341.2035217285156,3
1770789631.08021116,150124926,0.0,-0.06444995850324631,5.0,5.058400630950928,0.0,341.178955078125,3
1770789631.12019515,150164910,0.0,-0.0545588843524456,5.0,5.113230228424072,0.0,341.1686706542969,3
1770789631.16017914,150204894,0.0,-0.06125938892364502,5.0,5.168379306793213,0.0,341.1629333496094,3
1770789631.20016313,150244878,0.0,-0.08604606240987778,5.0,5.223321437835693,0.0,341.1593322753906,3
1770789631.24014711,150284862,0.0,-0.11672697961330414,5.0,5.268044948577881,0.0,341.13189697265625,3
1770789631.28013110,150324846,0.0,-0.1527300626039505,5.0,5.304177284240723,0.0,341.12005615234375,3
1770789631.32011509,150364830,0.0,-0.18677175045013428,5.0,5.326869487762451,0.0,341.1196594238281,3
1770789631.36009908,150404814,0.0,-0.1979869157075882,5.0,5.334506511688232,0.0,341.1292724609375,3
1770789631.40008307,150444798,0.0,-0.2054152935743332,5.0,5.337723255157471,0.0,341.1237487792969,3
1770789631.44006705,150484782,0.0,-0.21726609766483307,5.0,5.334728240966797,0.0,341.13262939453125,3
1770789631.48005104,150524766,0.0,-0.22326694428920746,5.0,5.304776668548584,0.0,341.1425476074219,3
1770789631.52003503,150564750,0.0,-0.22203859686851501,5.0,5.261875152587891,0.0,341.1398620605469,3
1770789631.56001902,150604734,0.0,-0.21048007905483246,5.0,5.193948268890381,0.0,341.135986328125,3
1770789631.60000300,150644718,0.0,-0.18223918974399567,5.0,5.115191459655762,0.0,341.1152038574219,3
1770789631.63998699,150684702,0.0,-0.15911144018173218,5.0,5.035745143890381,0.0,341.1075134277344,3
1770789631.67997098,150724686,0.0,-0.14043623208999634,5.0,4.962496757507324,0.0,341.0931091308594,3
1770789631.71995497,150764670,0.0,-0.12689273059368134,5.0,4.9030680656433105,0.0,341.0694885253906,3
1770789631.75993896,150804654,0.0,-0.11179555207490921,5.0,4.855295658111572,0.0,341.0457763671875,3
1770789631.79992318,150844638,0.0,-0.08210636675357819,5.0,4.816521167755127,0.0,341.03900146484375,3
1770789631.83990717,150884622,0.0,-0.053906865417957306,5.0,4.806041717529297,0.0,341.0599365234375,3
1770789631.87989116,150924606,0.0,-0.014077522791922092,5.0,4.782198905944824,0.0,341.0870056152344,3
1770789631.91987514,150964590,0.0,0.01268719881772995,5.0,4.772453784942627,0.0,341.10498046875,3
1770789631.95985913,151004574,0.0,0.03944815322756767,5.0,4.7804436683654785,0.0,341.1160583496094,3
1770789631.99984312,151044558,0.0,0.04703304171562195,5.0,4.827985763549805,0.0,341.101806640625,3
1770789632.03982711,151084542,0.0,0.0513046495616436,5.0,4.886985778808594,0.0,341.0921325683594,3
1770789632.07981110,151124526,0.0,0.07340648770332336,5.0,4.93721866607666,0.0,341.0979309082031,3
1770789632.11979508,151164510,0.0,0.1172804906964302,5.0,4.970127105712891,0.0,341.0991516113281,3
1770789632.15977907,151204494,0.0,0.1328115612268448,5.0,4.989519119262695,0.0,341.1044921875,3
1770789632.19976306,151244478,0.0,0.10692893713712692,5.0,4.998681545257568,0.0,341.092041015625,3
1770789632.23974705,151284462,0.0,0.07020194083452225,5.0,4.997560501098633,0.0,341.0757141113281,3
1770789632.27973104,151324446,0.0,0.03497735783457756,5.0,5.004915237426758,0.0,341.0499267578125,3
1770789632.31971502,151364430,0.0,0.017895489931106567,5.0,5.011725902557373,0.0,341.0323791503906,3
1770789632.35969901,151404414,0.0,-0.0022808804642409086,5.0,5.0025410652160645,0.0,341.0352783203125,3
1770789632.39968300,151444398,0.0,-0.02348080463707447,5.0,4.984225273132324,0.0,341.0599670410156,3
1770789632.43966699,151484382,0.0,-0.0679507851600647,5.0,4.969304084777832,0.0,341.0747985839844,3
1770789632.47965097,151524366,0.0,-0.11889424175024033,5.0,4.977329730987549,0.0,341.0884094238281,3
1770789632.51963496,151564350,0.0,-0.15539288520812988,5.0,4.980982303619385,0.0,341.0822448730469,3
1770789632.55961919,151604334,0.0,-0.17522969841957092,5.0,4.96734619140625,0.0,341.06768798828125,3
1770789632.59960318,151644318,0.0,-0.19087067246437073,5.0,4.942040920257568,0.0,341.0626525878906,3
1770789632.64041996,151685135,0.0,-0.21551178395748138,5.0,4.940003395080566,0.0,341.0622863769531,3
1770789632.68040419,151725119,0.0,-0.2024509310722351,5.0,4.950589656829834,0.0,341.05926513671875,3
1770789632.72038817,151765103,0.0,-0.17975084483623505,5.0,4.9599456787109375,0.0,341.0760192871094,3
1770789632.76037216,151805087,0.0,-0.16476774215698242,5.0,4.974310874938965,0.0,341.1014099121094,3
1770789632.80035615,151845071,0.0,-0.1420791745185852,5.0,4.9953131675720215,0.0,341.1217956542969,3
1770789632.84034014,151885055,0.0,-0.13035498559474945,5.0,5.017225742340088,0.0,341.139404296875,3
1770789632.88032413,151925039,0.0,-0.1257908195257187,5.0,5.028598785400391,0.0,341.16510009765625,3
1770789632.92030811,151965023,0.0,-0.12080773711204529,5.0,5.0194091796875,0.0,341.16265869140625,3
1770789632.96029210,152005007,0.0,-0.11887844651937485,5.0,5.024017810821533,0.0,341.1505432128906,3
1770789633.00027609,152044991,0.0,-0.11226046085357666,5.0,5.0399346351623535,0.0,341.1266784667969,3
1770789633.04026008,152084975,0.0,-0.10332700610160828,5.0,5.064324855804443,0.0,341.0935974121094,3
1770789633.08024406,152124959,0.0,-0.0908237025141716,5.0,5.079960823059082,0.0,341.0675354003906,3
1770789633.12022805,152164943,0.0,-0.08262386173009872,5.0,5.082911014556885,0.0,341.0563049316406,3
1770789633.16021204,152204927,0.0,-0.06488726288080215,5.0,5.0667500495910645,0.0,341.0333557128906,3
1770789633.20019603,152244911,0.0,-0.04230668023228645,5.0,5.051698684692383,0.0,341.0105285644531,3
1770789633.24018002,152284895,0.0,-0.027284028008580208,5.0,5.0426201820373535,0.0,340.998291015625,3
1770789633.28016400,152324879,0.0,-0.011814620345830917,5.0,5.0330986976623535,0.0,341.0111083984375,3
1770789633.32014799,152364863,0.0,-0.004530897829681635,5.0,5.018078327178955,0.0,341.02581787109375,3
1770789633.36013198,152404847,0.0,-0.01148118358105421,5.0,5.007121562957764,0.0,341.0343017578125,3
1770789633.40011597,152444831,0.0,-0.018350468948483467,5.0,4.995198726654053,0.0,341.0428161621094,3
1770789633.44009995,152484815,0.0,-0.032358039170503616,5.0,4.97479772567749,0.0,341.05694580078125,3
1770789633.48008418,152524799,0.0,-0.04839767888188362,5.0,4.957262992858887,0.0,341.07244873046875,3
1770789633.52006817,152564783,0.0,-0.06314193457365036,5.0,4.939939022064209,0.0,341.07562255859375,3
1770789633.56005216,152604767,0.0,-0.07174491882324219,5.0,4.933095932006836,0.0,341.0810546875,3
1770789633.60003614,152644751,0.0,-0.06371162086725235,5.0,4.927243232727051,0.0,341.0914611816406,3
1770789633.64002013,152684735,0.0,-0.04304381459951401,5.0,4.914830684661865,0.0,341.0815124511719,3
1770789633.68000412,152724719,0.0,-0.04307397082448006,5.0,4.913397789001465,0.0,341.0557861328125,3
1770789633.71998811,152764703,0.0,-0.05518723279237747,5.0,4.916093826293945,0.0,341.0415954589844,3
1770789633.75997210,152804687,0.0,-0.05264311283826828,5.0,4.919127941131592,0.0,341.04144287109375,3
1770789633.79995608,152844671,0.0,-0.06396879255771637,5.0,4.93209171295166,0.0,341.05584716796875,3
1770789633.83994007,152884655,0.0,-0.10151129961013794,5.0,4.955336093902588,0.0,341.05853271484375,3
1770789633.87992406,152924639,0.0,-0.15194690227508545,5.0,4.992483615875244,0.0,341.0506286621094,3
1770789633.91990805,152964623,0.0,-0.18962214887142181,5.0,5.0141825675964355,0.0,341.0315856933594,3
1770789633.95989203,153004607,0.0,-0.193634033203125,5.0,5.021271228790283,0.0,340.9877624511719,3
1770789633.99987602,153044591,0.0,-0.19153159856796265,5.0,5.033726215362549,0.0,340.9749450683594,3
1770789634.03986001,153084575,0.0,-0.18756985664367676,5.0,5.0484299659729,0.0,340.9903869628906,3
1770789634.07984400,153124559,0.0,-0.16098323464393616,5.0,5.0547027587890625,0.0,341.0047607421875,3
1770789634.11982799,153164543,0.0,-0.12833385169506073,5.0,5.05564022064209,0.0,341.0157165527344,3
1770789634.15981197,153204527,0.0,-0.09218916296958923,5.0,5.057286739349365,0.0,341.01361083984375,3
1770789634.19979596,153244511,0.0,-0.04565815627574921,5.0,5.049264907836914,0.0,341.0129089355469,3
1770789634.23978019,153284495,0.0,-0.014686618000268936,5.0,5.049047946929932,0.0,341.03533935546875,3
1770789634.27976418,153324479,0.0,0.005569836590439081,5.0,5.049164772033691,0.0,341.0446472167969,3
1770789634.31974816,153364463,0.0,0.03515772148966789,5.0,5.054878234863281,0.0,341.05322265625,3
1770789634.35973215,153404447,0.0,0.05932508036494255,5.0,5.078204154968262,0.0,341.03973388671875,3
1770789634.39971614,153444431,0.0,0.07193641364574432,5.0,5.082112789154053,0.0,341.0318298339844,3
1770789634.43970013,153484415,0.0,0.0689082220196724,5.0,5.067030429840088,0.0,341.0190124511719,3
1770789634.47968411,153524399,0.0,0.05832953378558159,5.0,5.0582990646362305,0.0,341.005859375,3
1770789634.51966810,153564383,0.0,0.045014604926109314,5.0,5.045096397399902,0.0,340.9945983886719,3
1770789634.55965209,153604367,0.0,0.018194863572716713,5.0,5.030662536621094,0.0,340.98919677734375,3
1770789634.59963608,153644351,0.0,-0.007287192158401012,5.0,5.017661094665527,0.0,340.9779968261719,3
1770789634.63962007,153684335,0.0,-0.017066355794668198,5.0,5.01040506362915,0.0,340.9768371582031,3
1770789634.67960405,153724319,0.0,-0.004637673497200012,5.0,5.012749671936035,0.0,340.98858642578125,3
1770789634.72042108,153765136,0.0,-0.0023895364720374346,5.0,5.00916862487793,0.0,341.0156555175781,3
1770789634.76040506,153805120,0.0,-0.017536155879497528,5.0,5.012892723083496,0.0,341.0280456542969,3
1770789634.80038905,153845104,0.0,-0.02180502377450466,5.0,5.02856969833374,0.0,341.030029296875,3
1770789634.84037304,153885088,0.0,-0.011229922994971275,5.0,5.0326457023620605,0.0,341.035888671875,3
1770789634.88035703,153925072,0.0,-0.0043189688585698605,5.0,5.028744220733643,0.0,341.04119873046875,3
1770789634.92034101,153965056,0.0,-0.004545997828245163,5.0,5.011424541473389,0.0,341.04083251953125,3
1770789634.96032500,154005040,0.0,-0.014656491577625275,5.0,5.0069780349731445,0.0,341.03240966796875,3
1770789635.00030899,154045024,0.0,-0.038145627826452255,5.0,5.016396999359131,0.0,341.02349853515625,3
1770789635.04029298,154085008,0.0,-0.058356765657663345,5.0,5.022916793823242,0.0,341.03912353515625,3
1770789635.08027697,154124992,0.0,-0.07765963673591614,5.0,5.021970748901367,0.0,341.0543518066406,3
1770789635.12026095,154164976,0.0,-0.08467739075422287,5.0,5.036571025848389,0.0,341.0598449707031,3
1770789635.16024518,154204960,0.0,-0.09048987179994583,5.0,5.0416789054870605,0.0,341.0657958984375,3
1770789635.20022917,154244944,0.0,-0.06686034053564072,5.0,5.048194885253906,0.0,341.07867431640625,3
1770789635.24021316,154284928,0.0,-0.03151917830109596,5.0,5.041704177856445,0.0,341.09222412109375,3
1770789635.28019714,154324912,0.0,0.0038261618465185165,5.0,5.04826545715332,0.0,341.1051330566406,3
1770789635.32018113,154364896,0.0,0.021162087097764015,5.0,5.06085729598999,0.0,341.1047058105469,3
1770789635.36016512,154404880,0.0,0.020770620554685593,5.0,5.061881065368652,0.0,341.114990234375,3
1770789635.40014911,154444864,0.0,0.002224878640845418,5.0,5.065299034118652,0.0,341.1229248046875,3
1770789635.44013309,154484848,0.0,-0.011959755793213844,5.0,5.063622951507568,0.0,341.11328125,3
1770789635.48011708,154524832,0.0,-0.018637677654623985,5.0,5.05171537399292,0.0,341.0903625488281,3
1770789635.52010107,154564816,0.0,-0.02332024835050106,5.0,5.039615154266357,0.0,341.0719909667969,3
1770789635.56008506,154604800,0.0,-0.025028672069311142,5.0,5.0182647705078125,0.0,341.0909423828125,3
1770789635.60006905,154644784,0.0,-0.030820149928331375,5.0,4.995922565460205,0.0,341.1111755371094,3
1770789635.64005303,154684768,0.0,-0.007387310266494751,5.0,5.004230499267578,0.0,341.1363830566406,3
1770789635.68003702,154724752,0.0,0.007988447323441505,5.0,5.012876987457275,0.0,341.1397705078125,3
1770789635.72002101,154764736,0.0,0.013482538983225822,5.0,5.0181050300598145,0.0,341.14068603515625,3
1770789635.76000500,154804720,0.0,0.0089679891243577,5.0,5.03043794631958,0.0,341.1466064453125,3
1770789635.79998899,154844704,0.0,-0.0038628147449344397,5.0,5.044887065887451,0.0,341.146484375,3
1770789635.83997297,154884688,0.0,-0.016615595668554306,5.0,5.055610656738281,0.0,341.13671875,3
1770789635.87995696,154924672,0.0,-0.019994402304291725,5.0,5.062582969665527,0.0,341.1304016113281,3
1770789635.91994119,154964656,0.0,-0.020365361124277115,5.0,5.08527135848999,0.0,341.1463928222656,3
1770789635.95992517,155004640,0.0,-0.011996774934232235,5.0,5.092845916748047,0.0,341.1688232421875,3
1770789635.99990916,155044624,0.0,0.004767734557390213,5.0,5.08953332901001,0.0,341.1770935058594,3
1770789636.03989315,155084608,0.0,0.024993352591991425,5.0,5.07915735244751,0.0,341.1732482910156,3
1770789636.07987714,155124592,0.0,0.021786795929074287,5.0,5.065781593322754,0.0,341.1544189453125,3
1770789636.11986113,155164576,0.0,0.019095420837402344,5.0,5.052554607391357,0.0,341.14605712890625,3
1770789636.15984511,155204560,0.0,0.002515611704438925,5.0,5.048112869262695,0.0,341.13922119140625,3
1770789636.19982910,155244544,0.0,-0.015329012647271156,5.0,5.04789400100708,0.0,341.12994384765625,3
1770789636.23981309,155284528,0.0,-0.04708167165517807,5.0,5.052857875823975,0.0,341.1086730957031,3
1770789636.27979708,155324512,0.0,-0.09646855294704437,5.0,5.046340465545654,0.0,341.0746765136719,3
1770789636.31978106,155364496,0.0,-0.13178038597106934,5.0,5.005725860595703,0.0,341.0367126464844,3
1770789636.35976505,155404480,0.0,-0.15849125385284424,5.0,4.971679210662842,0.0,341.0054931640625,3
1770789636.39974904,155444464,0.0,-0.17287622392177582,5.0,4.9595627784729,0.0,340.96746826171875,3
1770789636.43973303,155484448,0.0,-0.1925233006477356,5.0,4.98286247253418,0.0,340.9375305175781,3
1770789636.47971702,155524432,0.0,-0.21810699999332428,5.0,4.988137245178223,0.0,340.9389343261719,3
1770789636.51970100,155564416,0.0,-0.24408012628555298,5.0,4.9942097663879395,0.0,340.958251953125,3
1770789636.55968499,155604400,0.0,-0.2500947117805481,5.0,5.007285118103027,0.0,340.9964294433594,3
1770789636.59966898,155644384,0.0,-0.2558586001396179,5.0,5.035703659057617,0.0,341.0379943847656,3
1770789636.63965297,155684368,0.0,-0.26516854763031006,5.0,5.060330390930176,0.0,341.0750427246094,3
1770789636.67963696,155724352,0.0,-0.2510684132575989,5.0,5.082263946533203,0.0,341.0895080566406,3
1770789636.71962118,155764336,0.0,-0.21307022869586945,5.0,5.0837883949279785,0.0,341.0682373046875,3
1770789636.75960517,155804320,0.0,-0.15033172070980072,5.0,5.073652267456055,0.0,341.0303649902344,3
1770789636.80042195,155845137,0.0,-0.0861072763800621,5.0,5.0472798347473145,0.0,341.0028991699219,3
1770789636.84040618,155885121,0.0,-0.02478065900504589,5.0,5.0329790115356445,0.0,341.0127258300781,3
1770789636.88039017,155925105,0.0,0.027185359969735146,5.0,5.006684303283691,0.0,341.0283508300781,3
1770789636.92037416,155965089,0.0,0.06067367270588875,5.0,4.997529983520508,0.0,341.0440368652344,3
1770789636.96035814,156005073,0.0,0.06877660751342773,5.0,4.981534481048584,0.0,341.04742431640625,3
1770789637.00034213,156045057,0.0,0.07454002648591995,5.0,4.964871883392334,0.0,341.0369873046875,3
1770789637.04032612,156085041,0.0,0.08902031928300858,5.0,4.93441915512085,0.0,341.0183410644531,3
1770789637.08031011,156125025,0.0,0.10930714011192322,5.0,4.903539657592773,0.0,341.00848388671875,3
1770789637.12029409,156165009,0.0,0.12050928920507431,5.0,4.872376918792725,0.0,341.01507568359375,3
1770789637.16027808,156204993,0.0,0.12225979566574097,5.0,4.84911584854126,0.0,341.0207824707031,3
1770789637.20026207,156244977,0.0,0.13089635968208313,5.0,4.834202766418457,0.0,341.0271911621094,3
1770789637.24024606,156284961,0.0,0.10300086438655853,5.0,4.830058574676514,0.0,341.10699462890625,3
1770789637.28023005,156324945,0.0,0.01245194673538208,5.0,4.837878704071045,0.0,341.37518310546875,3
1770789637.32021403,156364929,0.0,-0.14421728253364563,5.0,4.848763465881348,0.0,341.889892578125,3
1770789637.36019802,156404913,0.0,-0.35529232025146484,5.0,4.850481033325195,0.0,342.62469482421875,3
1770789637.40018201,156444897,0.0,-0.551990270614624,5.0,4.865706443786621,0.0,343.5452575683594,3
1770789637.44016600,156484881,0.0,-0.7413678765296936,5.0,4.876608848571777,0.0,344.5981750488281,3
1770789637.48014998,156524865,0.0,-0.8844037652015686,5.0,4.891400337219238,0.0,345.714111328125,3
1770789637.52013397,156564849,0.0,-0.9830959439277649,5.0,4.887986183166504,0.0,346.833984375,3
1770789637.56011796,156604833,0.0,-1.0293879508972168,5.0,4.889784812927246,0.0,347.947265625,3
1770789637.60010219,156644817,0.0,-1.0102459192276,5.0,4.89027738571167,0.0,349.02252197265625,3
1770789637.64008617,156684801,0.0,-0.9360902905464172,5.0,4.867364883422852,0.0,350.04962158203125,3
1770789637.68007016,156724785,0.0,-0.8275191783905029,5.0,4.818730354309082,0.0,351.0088195800781,3
1770789637.72005415,156764769,0.0,-0.7262209057807922,5.0,4.7535271644592285,0.0,351.8983459472656,3
1770789637.76003814,156804753,0.0,-0.5967405438423157,5.0,4.686734199523926,0.0,352.7127685546875,3
1770789637.80002213,156844737,0.0,-0.4627365469932556,5.0,4.658941745758057,0.0,353.4912414550781,3
1770789637.84000611,156884721,0.0,-0.31840014457702637,5.0,4.6435465812683105,0.0,354.22589111328125,3
1770789637.87999010,156924705,0.0,-0.18498939275741577,5.0,4.620967864990234,0.0,354.8937683105469,3
1770789637.91997409,156964689,0.0,-0.08160444349050522,5.0,4.602099895477295,0.0,355.53228759765625,3
1770789637.95995808,157004673,0.0,-0.00786152109503746,5.0,4.568196773529053,0.0,356.1443176269531,3
1770789637.99994206,157044657,0.0,0.01598597690463066,5.0,4.53324031829834,0.0,356.7204284667969,3
1770789638.03992605,157084641,0.0,0.037468377500772476,5.0,4.498204708099365,0.0,357.2727966308594,3
1770789638.07991004,157124625,0.0,0.04302322864532471,5.0,4.490114688873291,0.0,357.7945251464844,3
1770789638.11989403,157164609,0.0,0.03456355631351471,5.0,4.523310661315918,0.0,358.3064270019531,3
1770789638.15987802,157204593,0.0,0.039889734238386154,5.0,4.5483222007751465,0.0,358.80084228515625,3
1770789638.19986200,157244577,0.0,0.04714644327759743,5.0,4.559995174407959,0.0,359.2703857421875,3
1770789638.23984599,157284561,0.0,0.05762023478746414,5.0,4.552934646606445,0.0,359.69873046875,3
1770789638.27982998,157324545,0.0,0.05870455130934715,5.0,4.560479164123535,0.0,0.08259101957082748,3
1770789638.31981397,157364529,0.0,0.08237271010875702,5.0,4.601388931274414,0.0,0.46843957901000977,3
1770789638.35979795,157404513,0.0,0.10874608904123306,5.0,4.630762577056885,0.0,0.8419528603553772,3
1770789638.39978218,157444497,0.0,0.1359969675540924,5.0,4.667259216308594,0.0,1.1937655210494995,3
1770789638.43976617,157484481,0.0,0.16108249127864838,5.0,4.689795017242432,0.0,1.5262603759765625,3
1770789638.47975016,157524465,0.0,0.16973170638084412,5.0,4.708115577697754,0.0,1.8445746898651123,3
1770789638.51973414,157564449,0.0,0.16738556325435638,5.0,4.753234386444092,0.0,2.1613667011260986,3
1770789638.55971813,157604433,0.0,0.16307073831558228,5.0,4.794134140014648,0.0,2.484806776046753,3
1770789638.59970212,157644417,0.0,0.15970735251903534,5.0,4.824338912963867,0.0,2.7900495529174805,3
1770789638.63968611,157684401,0.0,0.15172959864139557,5.0,4.828205585479736,0.0,3.059234380722046,3
1770789638.67967010,157724385,0.0,0.1512555032968521,5.0,4.814959526062012,0.0,3.318291187286377,3
1770789638.71965408,157764369,0.0,0.1614343672990799,5.0,4.808673858642578,0.0,3.5676772594451904,3
1770789638.75963807,157804353,0.0,0.1570870578289032,5.0,4.794063568115234,0.0,3.8137905597686768,3
1770789638.79962206,157844337,0.0,0.17040015757083893,5.0,4.799821376800537,0.0,4.048421859741211,3
1770789638.83960605,157884321,0.0,0.1916624903678894,5.0,4.810401439666748,0.0,4.256372451782227,3
1770789638.88042307,157925138,0.0,0.19637596607208252,5.0,4.839771270751953,0.0,4.4421868324279785,3
1770789638.92040706,157965122,0.0,0.2141076773405075,5.0,4.872077465057373,0.0,4.60023832321167,3
1770789638.96039104,158005106,0.0,0.2275230884552002,5.0,4.874018669128418,0.0,4.757218360900879,3
1770789639.00037503,158045090,0.0,0.23282550275325775,5.0,4.869980335235596,0.0,4.8843865394592285,3
1770789639.04035902,158085074,0.0,0.23383542895317078,5.0,4.854039669036865,0.0,5.0207390785217285,3
1770789639.08034301,158125058,0.0,0.2158997356891632,5.0,4.839456081390381,0.0,5.181857109069824,3
1770789639.12032700,158165042,0.0,0.21265798807144165,5.0,4.838351726531982,0.0,5.351480007171631,3
1770789639.16031098,158205026,0.0,0.2149696946144104,5.0,4.859286308288574,0.0,5.507218837738037,3
1770789639.20029497,158245010,0.0,0.22619861364364624,5.0,4.87993860244751,0.0,5.64637565612793,3
1770789639.24027896,158284994,0.0,0.24540065228939056,5.0,4.897897243499756,0.0,5.788680553436279,3
1770789639.28026319,158324978,0.0,0.23299798369407654,5.0,4.91945743560791,0.0,5.93841028213501,3
1770789639.32024717,158364962,0.0,0.20839545130729675,5.0,4.93392276763916,0.0,6.086123943328857,3
1770789639.36023116,158404946,0.0,0.20166566967964172,5.0,4.950540542602539,0.0,6.21563720703125,3
1770789639.40021515,158444930,0.0,0.17964410781860352,5.0,4.963966369628906,0.0,6.329819202423096,3
1770789639.44019914,158484914,0.0,0.15258170664310455,5.0,4.961899280548096,0.0,6.423360347747803,3
1770789639.48018312,158524898,0.0,0.11963341385126114,5.0,4.956149578094482,0.0,6.496155738830566,3
1770789639.52016711,158564882,0.0,0.09107150137424469,5.0,4.9485883712768555,0.0,6.568362236022949,3
1770789639.56015110,158604866,0.0,0.06397907435894012,5.0,4.938267707824707,0.0,6.652119159698486,3
1770789639.60013509,158644850,0.0,0.04891635477542877,5.0,4.946634769439697,0.0,6.739209175109863,3
1770789639.64011908,158684834,0.0,0.03265158832073212,5.0,4.95464563369751,0.0,6.8159356117248535,3
1770789639.68010306,158724818,0.0,0.03158005699515343,5.0,4.957070350646973,0.0,6.901836395263672,3
1770789639.72008705,158764802,0.0,0.032448239624500275,5.0,4.948596477508545,0.0,6.980359077453613,3
1770789639.76007104,158804786,0.0,0.054739609360694885,5.0,4.940329551696777,0.0,7.066637992858887,3
1770789639.80005503,158844770,0.0,0.09513675421476364,5.0,4.931917667388916,0.0,7.133683681488037,3
1770789639.84003901,158884754,0.0,0.15187126398086548,5.0,4.941965103149414,0.0,7.20352029800415,3
1770789639.88002300,158924738,0.0,0.19952552020549774,5.0,4.948699474334717,0.0,7.278207302093506,3
1770789639.92000699,158964722,0.0,0.22542822360992432,5.0,4.952608585357666,0.0,7.339861869812012,3
1770789639.95999098,159004706,0.0,0.2311514914035797,5.0,4.944222450256348,0.0,7.36654806137085,3
1770789639.99997497,159044690,0.0,0.22512760758399963,5.0,4.9283294677734375,0.0,7.381535530090332,3
1770789640.03995895,159084674,0.0,0.22476676106452942,5.0,4.9170613288879395,0.0,7.417369842529297,3
1770789640.07994318,159124658,0.0,0.2236005961894989,5.0,4.91033411026001,0.0,7.452875137329102,3
1770789640.11992717,159164642,0.0,0.22801005840301514,5.0,4.923932075500488,0.0,7.479646682739258,3
1770789640.15991116,159204626,0.0,0.24539896845817566,5.0,4.941851615905762,0.0,7.512928485870361,3
1770789640.19989514,159244610,0.0,0.2672666609287262,5.0,4.9557647705078125,0.0,7.5796799659729,3
1770789640.23987913,159284594,0.0,0.29264819622039795,5.0,4.966587066650391,0.0,7.627059459686279,3
1770789640.27986312,159324578,0.0,0.3181772232055664,5.0,4.959489822387695,0.0,7.673243999481201,3
1770789640.31984711,159364562,0.0,0.3379680812358856,5.0,4.933643341064453,0.0,7.698888778686523,3
1770789640.35983109,159404546,0.0,0.34387367963790894,5.0,4.914604663848877,0.0,7.727153301239014,3
1770789640.39981508,159444530,0.0,0.32176321744918823,5.0,4.929216384887695,0.0,7.76125431060791,3
1770789640.43979907,159484514,0.0,0.2996492385864258,5.0,4.966958999633789,0.0,7.80278205871582,3
1770789640.47978306,159524498,0.0,0.27946051955223083,5.0,5.000018119812012,0.0,7.802394390106201,3
1770789640.51976705,159564482,0.0,0.2668725550174713,5.0,5.019462585449219,0.0,7.805567741394043,3
1770789640.55975103,159604466,0.0,0.23612381517887115,5.0,5.028645038604736,0.0,7.834244251251221,3
1770789640.59973502,159644450,0.0,0.22047355771064758,5.0,5.015870094299316,0.0,7.864856719970703,3
1770789640.63971901,159684434,0.0,0.22026892006397247,5.0,4.979423522949219,0.0,7.899954319000244,3
1770789640.67970300,159724418,0.0,0.23027463257312775,5.0,4.9721360206604,0.0,7.9217143058776855,3
1770789640.71968699,159764402,0.0,0.24475619196891785,5.0,4.973116874694824,0.0,7.945453643798828,3
1770789640.75967097,159804386,0.0,0.24036747217178345,5.0,4.981563568115234,0.0,7.954085350036621,3
1770789640.79965496,159844370,0.0,0.22155608236789703,5.0,4.991941452026367,0.0,7.970044136047363,3
1770789640.83963919,159884354,0.0,0.1858619749546051,5.0,5.006482124328613,0.0,8.007455825805664,3
1770789640.87962317,159924338,0.0,0.17729493975639343,5.0,5.0423665046691895,0.0,8.05083179473877,3
1770789640.91960716,159964322,0.0,0.18018390238285065,5.0,5.0712127685546875,0.0,8.085732460021973,3
1770789640.96042418,160005139,0.0,0.16124407947063446,5.0,5.0969743728637695,0.0,8.098299026489258,3
1770789641.00040817,160045123,0.0,0.12448330968618393,5.0,5.110631942749023,0.0,8.115166664123535,3
1770789641.04039216,160085107,0.0,0.0848265215754509,5.0,5.1047139167785645,0.0,8.111113548278809,3
1770789641.08037615,160125091,0.0,0.06284887343645096,5.0,5.090001583099365,0.0,8.118977546691895,3
1770789641.12036014,160165075,0.0,0.027605313807725906,5.0,5.0915141105651855,0.0,8.124052047729492,3
1770789641.16034412,160205059,0.0,0.022259671241044998,5.0,5.093153953552246,0.0,8.131954193115234,3
1770789641.20032811,160245043,0.0,0.0331830196082592,5.0,5.079123020172119,0.0,8.141753196716309,3
1770789641.24031210,160285027,0.0,0.035167794674634933,5.0,5.0716023445129395,0.0,8.124764442443848,3
1770789641.28029609,160325011,0.0,0.05584975704550743,5.0,5.064632415771484,0.0,8.121782302856445,3
1770789641.32028008,160364995,0.0,0.07069292664527893,5.0,5.058781623840332,0.0,8.120078086853027,3
1770789641.36026406,160404979,0.0,0.07280480861663818,5.0,5.049074649810791,0.0,8.122282028198242,3
1770789641.40024805,160444963,0.0,0.0772821456193924,5.0,5.033787727355957,0.0,8.162627220153809,3
1770789641.44023204,160484947,0.0,0.07428108155727386,5.0,5.013533115386963,0.0,8.190511703491211,3
1770789641.48021603,160524931,0.0,0.06954248994588852,5.0,4.995790004730225,0.0,8.215713500976562,3
1770789641.52020001,160564915,0.0,0.0854535922408104,5.0,4.972950458526611,0.0,8.245233535766602,3
1770789641.56018400,160604899,0.0,0.06543951481580734,5.0,4.953277111053467,0.0,8.25070858001709,3
1770789641.60016799,160644883,0.0,0.03163060173392296,5.0,4.9513654708862305,0.0,8.243422508239746,3
1770789641.64015198,160684867,0.0,-0.003924950025975704,5.0,4.96485710144043,0.0,8.247354507446289,3
1770789641.68013597,160724851,0.0,0.004999104887247086,5.0,4.979869365692139,0.0,8.248700141906738,3
1770789641.72011995,160764835,0.0,0.03823452815413475,5.0,5.019631862640381,0.0,8.264150619506836,3
1770789641.76010418,160804819,0.0,0.06382178515195847,5.0,5.035896301269531,0.0,8.293139457702637,3
1770789641.80008817,160844803,0.0,0.07752697169780731,5.0,5.051870346069336,0.0,8.321046829223633,3
1770789641.84007215,160884787,0.0,0.09731285274028778,5.0,5.058698654174805,0.0,8.334456443786621,3
1770789641.88005614,160924771,0.0,0.1276933252811432,5.0,5.0715484619140625,0.0,8.336767196655273,3
1770789641.92004013,160964755,0.0,0.14019232988357544,5.0,5.070295810699463,0.0,8.316872596740723,3
1770789641.96002412,161004739,0.0,0.1371053159236908,5.0,5.059202671051025,0.0,8.282270431518555,3
1770789642.00000811,161044723,0.0,0.1221279501914978,5.0,5.072438716888428,0.0,8.261039733886719,3
1770789642.03999209,161084707,0.0,0.11173854023218155,5.0,5.095088958740234,0.0,8.258700370788574,3
1770789642.07997608,161124691,0.0,0.0965351089835167,5.0,5.1186723709106445,0.0,8.259291648864746,3
1770789642.11996007,161164675,0.0,0.09447342902421951,5.0,5.14574670791626,0.0,8.284706115722656,3
1770789642.15994406,161204659,0.0,0.07507084310054779,5.0,5.18107271194458,0.0,8.310078620910645,3
1770789642.19992805,161244643,0.0,0.07100082188844681,5.0,5.214102268218994,0.0,8.327770233154297,3
1770789642.23991203,161284627,0.0,0.07253088057041168,5.0,5.228570938110352,0.0,8.32362174987793,3
1770789642.27989602,161324611,0.0,0.0704314261674881,5.0,5.238728046417236,0.0,8.30709457397461,3
1770789642.31988001,161364595,0.0,0.0680493414402008,5.0,5.246487617492676,0.0,8.309195518493652,3
1770789642.35986400,161404579,0.0,0.07250950485467911,5.0,5.2315354347229,0.0,8.30604362487793,3
1770789642.39984798,161444563,0.0,0.07845768332481384,5.0,5.194242000579834,0.0,8.29935359954834,3
1770789642.43983197,161484547,0.0,0.09496290236711502,5.0,5.155825138092041,0.0,8.289108276367188,3
1770789642.47981596,161524531,0.0,0.10528448969125748,5.0,5.106405735015869,0.0,8.288976669311523,3
1770789642.51980019,161564515,0.0,0.11048952490091324,5.0,5.060449123382568,0.0,8.304755210876465,3
1770789642.55978417,161604499,0.0,0.12332183122634888,5.0,5.026368618011475,0.0,8.30178165435791,3
1770789642.59976816,161644483,0.0,0.13993225991725922,5.0,4.991302967071533,0.0,8.300579071044922,3
1770789642.63975215,161684467,0.0,0.12721452116966248,5.0,4.96121883392334,0.0,8.306275367736816,3
1770789642.67973614,161724451,0.0,0.10967973619699478,5.0,4.914402484893799,0.0,8.32349681854248,3
1770789642.71972013,161764435,0.0,0.10960507392883301,5.0,4.89410924911499,0.0,8.322815895080566,3
1770789642.75970411,161804419,0.0,0.08325868844985962,5.0,4.8987860679626465,0.0,8.325997352600098,3
1770789642.79968810,161844403,0.0,0.0646941140294075,5.0,4.907062530517578,0.0,8.334940910339355,3
1770789642.83967209,161884387,0.0,0.05675924941897392,5.0,4.90150785446167,0.0,8.344807624816895,3
1770789642.87965608,161924371,0.0,0.047873206436634064,5.0,4.897239685058594,0.0,8.341760635375977,3
1770789642.91964006,161964355,0.0,0.04919842258095741,5.0,4.889186859130859,0.0,8.33152961730957,3
1770789642.95962405,162004339,0.0,0.04181162640452385,5.0,4.898951530456543,0.0,8.30605697631836,3
1770789642.99960804,162044323,0.0,0.028644204139709473,5.0,4.902994155883789,0.0,8.275289535522461,3
1770789643.04042506,162085140,0.0,0.04910609871149063,5.0,4.901534080505371,0.0,8.270478248596191,3
1770789643.08040905,162125124,0.0,0.052404798567295074,5.0,4.906033039093018,0.0,8.293301582336426,3
1770789643.12039304,162165108,0.0,0.05871221795678139,5.0,4.91719388961792,0.0,8.342561721801758,3
1770789643.16037703,162205092,0.0,0.06704160571098328,5.0,4.933149814605713,0.0,8.392354011535645,3
1770789643.20036101,162245076,0.0,0.08431762456893921,5.0,4.953412055969238,0.0,8.421244621276855,3
1770789643.24034500,162285060,0.0,0.08854043483734131,5.0,4.973401069641113,0.0,8.427960395812988,3
1770789643.28032899,162325044,0.0,0.09868025034666061,5.0,4.975284099578857,0.0,8.404438972473145,3
1770789643.32031298,162365028,0.0,0.1295752376317978,5.0,4.9508843421936035,0.0,8.394728660583496,3
1770789643.36029696,162405012,0.0,0.15709438920021057,5.0,4.938246250152588,0.0,8.398798942565918,3
1770789643.40028119,162444996,0.0,0.17836201190948486,5.0,4.965306282043457,0.0,8.394453048706055,3
1770789643.44026518,162484980,0.0,0.19991764426231384,5.0,5.006758213043213,0.0,8.399752616882324,3
1770789643.48024917,162524964,0.0,0.20398470759391785,5.0,5.049814224243164,0.0,8.40178108215332,3
1770789643.52023315,162564948,0.0,0.20765718817710876,5.0,5.078940391540527,0.0,8.41390609741211,3
1770789643.56021714,162604932,0.0,0.19984644651412964,5.0,5.091098308563232,0.0,8.41563606262207,3
1770789643.60020113,162644916,0.0,0.20140087604522705,5.0,5.071969509124756,0.0,8.422728538513184,3
1770789643.64018512,162684900,0.0,0.21019211411476135,5.0,5.06829833984375,0.0,8.424281120300293,3
1770789643.68016911,162724884,0.0,0.23683105409145355,5.0,5.069536209106445,0.0,8.434078216552734,3
1770789643.72015309,162764868,0.0,0.26209282875061035,5.0,5.0875043869018555,0.0,8.435531616210938,3
1770789643.76013708,162804852,0.0,0.2686980366706848,5.0,5.113365650177002,0.0,8.412875175476074,3
1770789643.80012107,162844836,0.0,0.264139324426651,5.0,5.140457630157471,0.0,8.396353721618652,3
1770789643.84010506,162884820,0.0,0.2403370589017868,5.0,5.153773784637451,0.0,8.38218879699707,3
1770789643.88008904,162924804,0.0,0.19840829074382782,5.0,5.153072357177734,0.0,8.380170822143555,3
1770789643.92007303,162964788,0.0,0.15400445461273193,5.0,5.146611213684082,0.0,8.368274688720703,3
1770789643.96005702,163004772,0.0,0.135538250207901,5.0,5.1357526779174805,0.0,8.369589805603027,3
1770789644.00004101,163044756,0.0,0.12586629390716553,5.0,5.131750583648682,0.0,8.369563102722168,3
1770789644.04002500,163084740,0.0,0.10905289649963379,5.0,5.09376335144043,0.0,8.370590209960938,3
1770789644.08000898,163124724,0.0,0.09756232053041458,5.0,5.048277378082275,0.0,8.38158893585205,3
1770789644.11999297,163164708,0.0,0.09122832119464874,5.0,5.025632381439209,0.0,8.399413108825684,3
1770789644.15997696,163204692,0.0,0.08652036637067795,5.0,5.004888534545898,0.0,8.425100326538086,3
1770789644.19996119,163244676,0.0,0.08127589523792267,5.0,4.9956955909729,0.0,8.456001281738281,3
1770789644.23994517,163284660,0.0,0.07560327649116516,5.0,4.977499485015869,0.0,8.489700317382812,3
1770789644.27992916,163324644,0.0,0.07932279258966446,5.0,4.977828025817871,0.0,8.499018669128418,3
1770789644.31991315,163364628,0.0,0.07300113141536713,5.0,4.993280410766602,0.0,8.478628158569336,3
1770789644.35989714,163404612,0.0,0.04524535685777664,5.0,4.988489627838135,0.0,8.469010353088379,3
1770789644.39988112,163444596,0.0,0.011493463069200516,5.0,4.9883952140808105,0.0,8.466240882873535,3
1770789644.43986511,163484580,0.0,-0.0025283244904130697,5.0,4.9861836433410645,0.0,8.474383354187012,3
1770789644.47984910,163524564,0.0,0.016284259036183357,5.0,4.9666972160339355,0.0,8.489407539367676,3
1770789644.51983309,163564548,0.0,0.04266511648893356,5.0,4.946620464324951,0.0,8.509100914001465,3
1770789644.55981708,163604532,0.0,0.053219106048345566,5.0,4.940810203552246,0.0,8.539056777954102,3
1770789644.59980106,163644516,0.0,0.06444494426250458,5.0,4.9520792961120605,0.0,8.564638137817383,3
1770789644.63978505,163684500,0.0,0.07507078349590302,5.0,4.947835922241211,0.0,8.571371078491211,3
1770789644.67976904,163724484,0.0,0.08183564990758896,5.0,4.935585975646973,0.0,8.576210021972656,3
1770789644.71975303,163764468,0.0,0.08117305487394333,5.0,4.947953224182129,0.0,8.573864936828613,3
1770789644.75973701,163804452,0.0,0.09193652868270874,5.0,4.995482921600342,0.0,8.575471878051758,3
1770789644.79972100,163844436,0.0,0.11270801723003387,5.0,5.039242267608643,0.0,8.579519271850586,3
1770789644.83970499,163884420,0.0,0.12036169320344925,5.0,5.083043098449707,0.0,8.584957122802734,3
1770789644.87968898,163924404,0.0,0.12063347548246384,5.0,5.100919246673584,0.0,8.572997093200684,3
1770789644.91967297,163964388,0.0,0.1259712427854538,5.0,5.115394592285156,0.0,8.56039810180664,3
1770789644.95965695,164004372,0.0,0.1265808641910553,5.0,5.12078857421875,0.0,8.554635047912598,3
1770789644.99964118,164044356,0.0,0.13901109993457794,5.0,5.106094837188721,0.0,8.555516242980957,3
1770789645.03962517,164084340,0.0,0.13886795938014984,5.0,5.104199409484863,0.0,8.561702728271484,3
1770789645.07960916,164124324,0.0,0.12650395929813385,5.0,5.1078009605407715,0.0,8.560823440551758,3
1770789645.12042618,164165141,0.0,0.11165835708379745,5.0,5.104884147644043,0.0,8.566109657287598,3
1770789645.16041017,164205125,0.0,0.100941501557827,5.0,5.104957103729248,0.0,8.580293655395508,3
1770789645.20039415,164245109,0.0,0.09203002601861954,5.0,5.086440086364746,0.0,8.600763320922852,3
1770789645.24037814,164285093,0.0,0.07067945599555969,5.0,5.065749645233154,0.0,8.605184555053711,3
1770789645.28036213,164325077,0.0,0.055633410811424255,5.0,5.039536476135254,0.0,8.604626655578613,3
1770789645.32034612,164365061,0.0,0.054816942662000656,5.0,5.020620346069336,0.0,8.59337043762207,3
1770789645.36033010,164405045,0.0,0.050222788006067276,5.0,5.007108688354492,0.0,8.578614234924316,3
1770789645.40031409,164445029,0.0,0.03249776363372803,5.0,5.004387855529785,0.0,8.55799388885498,3
1770789645.44029808,164485013,0.0,0.0006103792693465948,5.0,4.996693134307861,0.0,8.530560493469238,3
1770789645.48028207,164524997,0.0,-0.016914648935198784,5.0,4.991968154907227,0.0,8.518611907958984,3
1770789645.52026606,164564981,0.0,-0.006861018016934395,5.0,4.962777137756348,0.0,8.514382362365723,3
1770789645.56025004,164604965,0.0,-0.0014417172642424703,5.0,4.931536674499512,0.0,8.514806747436523,3
1770789645.60023403,164644949,0.0,-0.024874649941921234,5.0,4.924599647521973,0.0,8.508468627929688,3
1770789645.64021802,164684933,0.0,-0.03513943403959274,5.0,4.909427642822266,0.0,8.490485191345215,3
1770789645.68020201,164724917,0.0,-0.02893088571727276,5.0,4.9022674560546875,0.0,8.473530769348145,3
1770789645.72018600,164764901,0.0,-0.04185206815600395,5.0,4.871938228607178,0.0,8.464346885681152,3
1770789645.76016998,164804885,0.0,-0.06622984260320663,5.0,4.838923454284668,0.0,8.457783699035645,3
1770789645.80015397,164844869,0.0,-0.08180738240480423,5.0,4.825748443603516,0.0,8.434290885925293,3
1770789645.84013796,164884853,0.0,-0.10186032950878143,5.0,4.833142280578613,0.0,8.4111909866333,3
1770789645.88012218,164924837,0.0,-0.11242785304784775,5.0,4.867754936218262,0.0,8.396703720092773,3
1770789645.92010617,164964821,0.0,-0.11981350183486938,5.0,4.910488605499268,0.0,8.392852783203125,3
1770789645.96009016,165004805,0.0,-0.12448842078447342,5.0,4.942330837249756,0.0,8.400300979614258,3
1770789646.00007415,165044789,0.0,-0.12920023500919342,5.0,4.958516597747803,0.0,8.409780502319336,3
1770789646.04005814,165084773,0.0,-0.13451077044010162,5.0,4.955962181091309,0.0,8.39689826965332,3
1770789646.08004212,165124757,0.0,-0.14945030212402344,5.0,4.96797513961792,0.0,8.394278526306152,3
1770789646.12002611,165164741,0.0,-0.15720196068286896,5.0,4.988023281097412,0.0,8.398122787475586,3
1770789646.16001010,165204725,0.0,-0.17192180454730988,5.0,4.994614124298096,0.0,8.393197059631348,3
1770789646.19999409,165244709,0.0,-0.18568171560764313,5.0,4.984741687774658,0.0,8.384687423706055,3
1770789646.23997808,165284693,0.0,-0.17145156860351562,5.0,4.987905502319336,0.0,8.389204025268555,3
1770789646.27996206,165324677,0.0,-0.16538479924201965,5.0,4.980571746826172,0.0,8.389227867126465,3
1770789646.31994605,165364661,0.0,-0.16892056167125702,5.0,4.986339092254639,0.0,8.352913856506348,3
1770789646.35993004,165404645,0.0,-0.15958689153194427,5.0,4.978555202484131,0.0,8.317625045776367,3
1770789646.39991403,165444629,0.0,-0.13124695420265198,5.0,4.966943264007568,0.0,8.309744834899902,3
1770789646.43989801,165484613,0.0,-0.11728335916996002,5.0,4.972818851470947,0.0,8.323053359985352,3
1770789646.47988200,165524597,0.0,-0.1046561449766159,5.0,5.002934455871582,0.0,8.35145092010498,3
1770789646.51986599,165564581,0.0,-0.08718786388635635,5.0,5.013445854187012,0.0,8.360020637512207,3
1770789646.55984998,165604565,0.0,-0.0826297327876091,5.0,5.038917541503906,0.0,8.374909400939941,3
1770789646.59983397,165644549,0.0,-0.06200422719120979,5.0,5.069279670715332,0.0,8.41261100769043,3
1770789646.63981819,165684533,0.0,-0.028840988874435425,5.0,5.115740776062012,0.0,8.438776016235352,3
1770789646.67980218,165724517,0.0,0.0028278911486268044,5.0,5.158115863800049,0.0,8.458183288574219,3
1770789646.71978617,165764501,0.0,0.03269435465335846,5.0,5.175447940826416,0.0,8.432353973388672,3
1770789646.75977015,165804485,0.0,0.052643369883298874,5.0,5.173375129699707,0.0,8.404595375061035,3
1770789646.79975414,165844469,0.0,0.043513223528862,5.0,5.133508205413818,0.0,8.391324043273926,3
1770789646.83973813,165884453,0.0,0.030401360243558884,5.0,5.091357707977295,0.0,8.385313987731934,3
1770789646.87972212,165924437,0.0,0.008582660928368568,5.0,5.06826639175415,0.0,8.371675491333008,3
1770789646.91970611,165964421,0.0,-0.015588363632559776,5.0,5.073864936828613,0.0,8.355362892150879,3
1770789646.95969009,166004405,0.0,-0.016674049198627472,5.0,5.090203762054443,0.0,8.34482479095459,3
1770789646.99967408,166044389,0.0,-0.019685767590999603,5.0,5.091487884521484,0.0,8.359204292297363,3
1770789647.03965807,166084373,0.0,-0.021019743755459785,5.0,5.081536293029785,0.0,8.362116813659668,3
1770789647.07964206,166124357,0.0,-0.01652686856687069,5.0,5.054548263549805,0.0,8.343017578125,3
1770789647.11962605,166164341,0.0,-0.018505195155739784,5.0,5.041601181030273,0.0,8.348962783813477,3
1770789647.15961003,166204325,0.0,-0.04038216546177864,5.0,5.026103973388672,0.0,8.340213775634766,3
1770789647.20042706,166245142,0.0,-0.054507315158843994,5.0,5.007911205291748,0.0,8.325180053710938,3
1770789647.24041104,166285126,0.0,-0.03745986148715019,5.0,4.988347053527832,0.0,8.289159774780273,3
1770789647.28039503,166325110,0.0,0.033000946044921875,5.0,4.962765216827393,0.0,8.081729888916016,3
1770789647.32037902,166365094,0.0,0.13275855779647827,5.0,4.96238374710083,0.0,7.638841152191162,3
1770789647.36036301,166405078,0.0,0.26954153180122375,5.0,4.973450183868408,0.0,6.958960056304932,3
1770789647.40034699,166445062,0.0,0.43514588475227356,5.0,4.993762016296387,0.0,6.066634178161621,3
1770789647.44033098,166485046,0.0,0.6106040477752686,5.0,5.01668643951416,0.0,5.024407386779785,3
1770789647.48031497,166525030,0.0,0.7558091878890991,5.0,5.014494895935059,0.0,3.9091031551361084,3
1770789647.52029896,166565014,0.0,0.8478647470474243,5.0,4.9866414070129395,0.0,2.7404372692108154,3
1770789647.56028318,166604998,0.0,0.8954140543937683,5.0,4.957843780517578,0.0,1.5979671478271484,3
1770789647.60026717,166644982,0.0,0.8894882202148438,5.0,4.928845405578613,0.0,0.5078465938568115,3
1770789647.64025116,166684966,0.0,0.8577867150306702,5.0,4.901708602905273,0.0,359.51031494140625,3
1770789647.68023515,166724950,0.0,0.7795224785804749,5.0,4.874783515930176,0.0,358.5805969238281,3
1770789647.72021914,166764934,0.0,0.6939778923988342,5.0,4.854833126068115,0.0,357.72125244140625,3
1770789647.76020312,166804918,0.0,0.6260561347007751,5.0,4.831664085388184,0.0,356.9112548828125,3
1770789647.80018711,166844902,0.0,0.5504196882247925,5.0,4.822139263153076,0.0,356.1661071777344,3
1770789647.84017110,166884886,0.0,0.47184234857559204,5.0,4.816047668457031,0.0,355.4798583984375,3
1770789647.88015509,166924870,0.0,0.37055617570877075,5.0,4.843719959259033,0.0,354.8277587890625,3
1770789647.92013907,166964854,0.0,0.2647865414619446,5.0,4.8762736320495605,0.0,354.22393798828125,3
1770789647.96012306,167004838,0.0,0.18011440336704254,5.0,4.925901412963867,0.0,353.6437072753906,3
1770789648.00010705,167044822,0.0,0.10107123106718063,5.0,4.980310440063477,0.0,353.09942626953125,3
1770789648.04009104,167084806,0.0,0.02555784024298191,5.0,5.0130205154418945,0.0,352.58111572265625,3
1770789648.08007503,167124790,0.0,-0.015174123458564281,5.0,5.031986236572266,0.0,352.078857421875,3
1770789648.12005901,167164774,0.0,-0.04988405108451843,5.0,5.0557379722595215,0.0,351.5821228027344,3
1770789648.16004300,167204758,0.0,-0.08529512584209442,5.0,5.086530685424805,0.0,351.1094055175781,3
1770789648.20002699,167244742,0.0,-0.11571522057056427,5.0,5.115790367126465,0.0,350.6311950683594,3
1770789648.24001098,167284726,0.0,-0.13813981413841248,5.0,5.1404643058776855,0.0,350.19097900390625,3
1770789648.27999496,167324710,0.0,-0.16841593384742737,5.0,5.15027379989624,0.0,349.7867736816406,3
1770789648.31997919,167364694,0.0,-0.2004498988389969,5.0,5.155575275421143,0.0,349.3994140625,3
1770789648.35996318,167404678,0.0,-0.21847131848335266,5.0,5.172126770019531,0.0,349.0526123046875,3
1770789648.39994717,167444662,0.0,-0.22941800951957703,5.0,5.185430526733398,0.0,348.7235107421875,3
1770789648.43993115,167484646,0.0,-0.2299683690071106,5.0,5.193101406097412,0.0,348.3978271484375,3
1770789648.47991514,167524630,0.0,-0.22533702850341797,5.0,5.186701774597168,0.0,348.1038818359375,3
1770789648.51989913,167564614,0.0,-0.21910999715328217,5.0,5.183042526245117,0.0,347.8324890136719,3
1770789648.55988312,167604598,0.0,-0.21460764110088348,5.0,5.1825761795043945,0.0,347.57080078125,3
1770789648.59986711,167644582,0.0,-0.21459123492240906,5.0,5.185494422912598,0.0,347.3241271972656,3
1770789648.63985109,167684566,0.0,-0.22208309173583984,5.0,5.186672687530518,0.0,347.0882263183594,3
1770789648.67983508,167724550,0.0,-0.22594837844371796,5.0,5.173651218414307,0.0,346.8558349609375,3
1770789648.71981907,167764534,0.0,-0.23816028237342834,5.0,5.152987957000732,0.0,346.6427001953125,3
1770789648.75980306,167804518,0.0,-0.22875812649726868,5.0,5.163301944732666,0.0,346.448974609375,3
1770789648.79978704,167844502,0.0,-0.1932239532470703,5.0,5.173985958099365,0.0,346.25396728515625,3
1770789648.83977103,167884486,0.0,-0.16322661936283112,5.0,5.175584316253662,0.0,346.0520324707031,3
1770789648.87975502,167924470,0.0,-0.1515629142522812,5.0,5.167184352874756,0.0,345.8481140136719,3
1770789648.91973901,167964454,0.0,-0.14734724164009094,5.0,5.146720886230469,0.0,345.6575012207031,3
1770789648.95972300,168004438,0.0,-0.15928389132022858,5.0,5.140223979949951,0.0,345.4640197753906,3
1770789648.99970698,168044422,0.0,-0.15070654451847076,5.0,5.149296283721924,0.0,345.28985595703125,3
1770789649.03969097,168084406,0.0,-0.11841598153114319,5.0,5.180976390838623,0.0,345.1505432128906,3
1770789649.07967496,168124390,0.0,-0.1080738827586174,5.0,5.22115421295166,0.0,345.0112609863281,3
1770789649.11965919,168164374,0.0,-0.1189870685338974,5.0,5.257894515991211,0.0,344.8766784667969,3
1770789649.15964317,168204358,0.0,-0.16339190304279327,5.0,5.2697978019714355,0.0,344.7274169921875,3
1770789649.19962716,168244342,0.0,-0.19943596422672272,5.0,5.280428409576416,0.0,344.5827941894531,3
1770789649.23961115,168284326,0.0,-0.22997547686100006,5.0,5.27059268951416,0.0,344.4366455078125,3
1770789649.27959514,168324310,0.0,-0.24119722843170166,5.0,5.264711380004883,0.0,344.31195068359375,3
1770789649.32041216,168365127,0.0,-0.2191070318222046,5.0,5.252819538116455,0.0,344.2113037109375,3
1770789649.36039615,168405111,0.0,-0.18737119436264038,5.0,5.218926906585693,0.0,344.1136474609375,3
1770789649.40038013,168445095,0.0,-0.15299667418003082,5.0,5.200530529022217,0.0,344.0353088378906,3
1770789649.44036412,168485079,0.0,-0.13197769224643707,5.0,5.18157434463501,0.0,343.9532775878906,3
1770789649.48034811,168525063,0.0,-0.12901292741298676,5.0,5.169125556945801,0.0,343.8667297363281,3
1770789649.52033210,168565047,0.0,-0.14121156930923462,5.0,5.145039081573486,0.0,343.7779235839844,3
1770789649.56031609,168605031,0.0,-0.14032606780529022,5.0,5.133039951324463,0.0,343.703857421875,3
1770789649.60030007,168645015,0.0,-0.13260945677757263,5.0,5.118821620941162,0.0,343.63848876953125,3
1770789649.64028406,168684999,0.0,-0.144504114985466,5.0,5.087828159332275,0.0,343.5784912109375,3
1770789649.68026805,168724983,0.0,-0.16979925334453583,5.0,5.060618877410889,0.0,343.5035705566406,3
1770789649.72025204,168764967,0.0,-0.1900731325149536,5.0,5.025315761566162,0.0,343.4206237792969,3
1770789649.76023602,168804951,0.0,-0.21179689466953278,5.0,5.015105247497559,0.0,343.33837890625,3
1770789649.80022001,168844935,0.0,-0.22318480908870697,5.0,5.032985687255859,0.0,343.2812805175781,3
1770789649.84020400,168884919,0.0,-0.21613232791423798,5.0,5.057047367095947,0.0,343.22705078125,3
1770789649.88018799,168924903,0.0,-0.1982070803642273,5.0,5.077213764190674,0.0,343.18951416015625,3
1770789649.92017198,168964887,0.0,-0.18492770195007324,5.0,5.106272220611572,0.0,343.1398010253906,3
1770789649.96015596,169004871,0.0,-0.17856818437576294,5.0,5.140380382537842,0.0,343.0931701660156,3
1770789650.00014019,169044855,0.0,-0.17557263374328613,5.0,5.163014888763428,0.0,343.0461730957031,3
1770789650.04012418,169084839,0.0,-0.1773112416267395,5.0,5.169468879699707,0.0,342.9936828613281,3
1770789650.08010817,169124823,0.0,-0.1810808926820755,5.0,5.1594719886779785,0.0,342.940673828125,3
1770789650.12009215,169164807,0.0,-0.18101412057876587,5.0,5.156599521636963,0.0,342.885498046875,3
1770789650.16007614,169204791,0.0,-0.17425814270973206,5.0,5.15711784362793,0.0,342.8125,3
1770789650.20006013,169244775,0.0,-0.17765022814273834,5.0,5.169645309448242,0.0,342.72308349609375,3
1770789650.24004412,169284759,0.0,-0.1964210569858551,5.0,5.190361022949219,0.0,342.6654052734375,3
1770789650.28002810,169324743,0.0,-0.22766809165477753,5.0,5.20341682434082,0.0,342.6246643066406,3
1770789650.32001209,169364727,0.0,-0.25821635127067566,5.0,5.177929401397705,0.0,342.6068420410156,3
1770789650.35999608,169404711,0.0,-0.28259822726249695,5.0,5.141615390777588,0.0,342.5799560546875,3
1770789650.39998007,169444695,0.0,-0.28145095705986023,5.0,5.132102966308594,0.0,342.5732116699219,3
1770789650.43996406,169484679,0.0,-0.26998960971832275,5.0,5.127954006195068,0.0,342.55810546875,3
1770789650.47994804,169524663,0.0,-0.2602027356624603,5.0,5.131166934967041,0.0,342.5436706542969,3
1770789650.51993203,169564647,0.0,-0.25161486864089966,5.0,5.147741317749023,0.0,342.5191955566406,3
1770789650.55991602,169604631,0.0,-0.2474391907453537,5.0,5.174655437469482,0.0,342.49072265625,3
1770789650.59990001,169644615,0.0,-0.24602486193180084,5.0,5.185136318206787,0.0,342.44873046875,3
1770789650.63988400,169684599,0.0,-0.24042606353759766,5.0,5.178014278411865,0.0,342.4263916015625,3
1770789650.67986798,169724583,0.0,-0.23788143694400787,5.0,5.171123504638672,0.0,342.4150695800781,3
1770789650.71985197,169764567,0.0,-0.2275935560464859,5.0,5.164622783660889,0.0,342.40716552734375,3
1770789650.75983596,169804551,0.0,-0.23425772786140442,5.0,5.158863067626953,0.0,342.39935302734375,3
1770789650.79982018,169844535,0.0,-0.21642091870307922,5.0,5.152968406677246,0.0,342.4024658203125,3
1770789650.83980417,169884519,0.0,-0.2039659172296524,5.0,5.133625030517578,0.0,342.3808898925781,3
1770789650.87978816,169924503,0.0,-0.20342771708965302,5.0,5.10857629776001,0.0,342.33526611328125,3
1770789650.91977215,169964487,0.0,-0.1927548348903656,5.0,5.10005521774292,0.0,342.3005065917969,3
1770789650.95975614,170004471,0.0,-0.19959160685539246,5.0,5.102881908416748,0.0,342.260986328125,3
1770789650.99974012,170044455,0.0,-0.1944964975118637,5.0,5.107772350311279,0.0,342.2243957519531,3
1770789651.03972411,170084439,0.0,-0.18831346929073334,5.0,5.096330642700195,0.0,342.20098876953125,3
1770789651.07970810,170124423,0.0,-0.2051042914390564,5.0,5.072030544281006,0.0,342.18426513671875,3
1770789651.11969209,170164407,0.0,-0.2133696973323822,5.0,5.066042900085449,0.0,342.193115234375,3
1770789651.15967607,170204391,0.0,-0.21504853665828705,5.0,5.066281795501709,0.0,342.2054443359375,3
1770789651.19966006,170244375,0.0,-0.19690078496932983,5.0,5.0671916007995605,0.0,342.2328186035156,3
1770789651.23964405,170284359,0.0,-0.17706122994422913,5.0,5.065013885498047,0.0,342.2425231933594,3
1770789651.27962804,170324343,0.0,-0.1705145388841629,5.0,5.0668559074401855,0.0,342.24664306640625,3
1770789651.31961203,170364327,0.0,-0.1778787225484848,5.0,5.05950403213501,0.0,342.2505798339844,3
1770789651.35959601,170404311,0.0,-0.17815928161144257,5.0,5.049794673919678,0.0,342.2583312988281,3
1770789651.40041304,170445128,0.0,-0.16787508130073547,5.0,5.071855545043945,0.0,342.24658203125,3
1770789651.44039702,170485112,0.0,-0.1499588042497635,5.0,5.0805864334106445,0.0,342.2313232421875,3
1770789651.48038101,170525096,0.0,-0.1336723417043686,5.0,5.084969520568848,0.0,342.2109680175781,3
1770789651.52036500,170565080,0.0,-0.12041445076465607,5.0,5.084615230560303,0.0,342.1812744140625,3
1770789651.56034899,170605064,0.0,-0.10508926957845688,5.0,5.097902297973633,0.0,342.1611022949219,3
1770789651.60033298,170645048,0.0,-0.09950030595064163,5.0,5.11690616607666,0.0,342.1479187011719,3
1770789651.64031696,170685032,0.0,-0.08742215484380722,5.0,5.135692596435547,0.0,342.1216735839844,3
1770789651.68030119,170725016,0.0,-0.07156628370285034,5.0,5.114595890045166,0.0,342.11126708984375,3
1770789651.72028518,170765000,0.0,-0.05052512139081955,5.0,5.067580699920654,0.0,342.1151123046875,3
1770789651.76026917,170804984,0.0,-0.04488562047481537,5.0,5.0275068283081055,0.0,342.1357727050781,3
1770789651.80025315,170844968,0.0,-0.03942224383354187,5.0,5.002612113952637,0.0,342.1556091308594,3
1770789651.84023714,170884952,0.0,-0.04258475452661514,5.0,4.973813533782959,0.0,342.1663513183594,3
1770789651.88022113,170924936,0.0,-0.06061006709933281,5.0,4.971855163574219,0.0,342.1700134277344,3
1770789651.92020512,170964920,0.0,-0.08927346020936966,5.0,4.993508338928223,0.0,342.1607971191406,3
1770789651.96018910,171004904,0.0,-0.0899721086025238,5.0,5.036560535430908,0.0,342.1404113769531,3
1770789652.00017309,171044888,0.0,-0.0838642343878746,5.0,5.056839942932129,0.0,342.13336181640625,3
1770789652.04015708,171084872,0.0,-0.08992235362529755,5.0,5.054057598114014,0.0,342.14532470703125,3
1770789652.08014107,171124856,0.0,-0.09484157711267471,5.0,5.03771448135376,0.0,342.1450500488281,3
1770789652.12012506,171164840,0.0,-0.09423798322677612,5.0,5.022544860839844,0.0,342.1380920410156,3
1770789652.16010904,171204824,0.0,-0.07665833830833435,5.0,5.016712665557861,0.0,342.1163635253906,3
1770789652.20009303,171244808,0.0,-0.066558338701725,5.0,5.027922630310059,0.0,342.0979919433594,3
1770789652.24007702,171284792,0.0,-0.0810391753911972,5.0,5.048682689666748,0.0,342.0826110839844,3
1770789652.28006101,171324776,0.0,-0.0863223448395729,5.0,5.048181056976318,0.0,342.0943603515625,3
1770789652.32004499,171364760,0.0,-0.08902522921562195,5.0,5.061367511749268,0.0,342.0963134765625,3
1770789652.36002898,171404744,0.0,-0.09163209795951843,5.0,5.061315536499023,0.0,342.0823974609375,3
1770789652.40001297,171444728,0.0,-0.11940758675336838,5.0,5.042110443115234,0.0,342.06890869140625,3
1770789652.43999696,171484712,0.0,-0.14981330931186676,5.0,5.014228820800781,0.0,342.0703125,3
1770789652.47998118,171524696,0.0,-0.16123895347118378,5.0,5.006195068359375,0.0,342.07733154296875,3
1770789652.51996517,171564680,0.0,-0.16965574026107788,5.0,4.997453689575195,0.0,342.0808410644531,3
1770789652.55994916,171604664,0.0,-0.1727624386548996,5.0,5.003701210021973,0.0,342.0744323730469,3
1770789652.59993315,171644648,0.0,-0.17112967371940613,5.0,5.011160850524902,0.0,342.0551452636719,3
1770789652.63991714,171684632,0.0,-0.15925893187522888,5.0,5.031588077545166,0.0,342.0357971191406,3
1770789652.67990112,171724616,0.0,-0.13685984909534454,5.0,5.041300296783447,0.0,342.0239562988281,3
1770789652.71988511,171764600,0.0,-0.11485901474952698,5.0,5.048243999481201,0.0,342.0135803222656,3
1770789652.75986910,171804584,0.0,-0.09716936945915222,5.0,5.013172626495361,0.0,342.0074157714844,3
1770789652.79985309,171844568,0.0,-0.09948074817657471,5.0,4.97756290435791,0.0,341.9972839355469,3
1770789652.83983707,171884552,0.0,-0.0854053646326065,5.0,4.96019172668457,0.0,342.00335693359375,3
1770789652.87982106,171924536,0.0,-0.07638959586620331,5.0,4.952576160430908,0.0,341.994384765625,3
1770789652.91980505,171964520,0.0,-0.07275757193565369,5.0,4.9436445236206055,0.0,341.99212646484375,3
1770789652.95978904,172004504,0.0,-0.06130392476916313,5.0,4.959598064422607,0.0,342.0171203613281,3
1770789652.99977303,172044488,0.0,-0.036746133118867874,5.0,4.970515727996826,0.0,342.0372009277344,3
1770789653.03975701,172084472,0.0,-0.027386583387851715,5.0,4.977554798126221,0.0,342.0295715332031,3
1770789653.07974100,172124456,0.0,-0.02077624201774597,5.0,4.965525150299072,0.0,342.02203369140625,3
1770789653.11972499,172164440,0.0,-0.0225114356726408,5.0,4.930438995361328,0.0,342.013671875,3
1770789653.15970898,172204424,0.0,-0.004389418289065361,5.0,4.910668849945068,0.0,342.01470947265625,3
1770789653.19969296,172244408,0.0,-0.0096692880615592,5.0,4.905500888824463,0.0,342.019775390625,3
1770789653.23967719,172284392,0.0,-0.01889732852578163,5.0,4.906466960906982,0.0,342.0499572753906,3
1770789653.27966118,172324376,0.0,-0.02850528247654438,5.0,4.937626838684082,0.0,342.0716247558594,3
1770789653.31964517,172364360,0.0,-0.04024231806397438,5.0,4.974798679351807,0.0,342.096435546875,3
1770789653.35962915,172404344,0.0,-0.04173140600323677,5.0,4.986809253692627,0.0,342.1132507324219,3
1770789653.39961314,172444328,0.0,-0.04145754501223564,5.0,4.9857258796691895,0.0,342.1134033203125,3
1770789653.43959713,172484312,0.0,-0.03748498111963272,5.0,4.9648823738098145,0.0,342.098876953125,3
1770789653.48041415,172525129,0.0,-0.04228060692548752,5.0,4.95208215713501,0.0,342.07232666015625,3
1770789653.52039814,172565113,0.0,-0.052170027047395706,5.0,4.9408063888549805,0.0,342.06634521484375,3
1770789653.56038213,172605097,0.0,-0.07565455138683319,5.0,4.933529376983643,0.0,342.0600891113281,3
1770789653.60036612,172645081,0.0,-0.0956578254699707,5.0,4.954783916473389,0.0,342.04888916015625,3
1770789653.64035010,172685065,0.0,-0.11767168343067169,5.0,4.975312232971191,0.0,342.02252197265625,3
1770789653.68033409,172725049,0.0,-0.12871737778186798,5.0,5.0043416023254395,0.0,342.005126953125,3
1770789653.72031808,172765033,0.0,-0.143932044506073,5.0,5.026552677154541,0.0,342.01165771484375,3
1770789653.76030207,172805017,0.0,-0.14373643696308136,5.0,5.041230201721191,0.0,342.0296325683594,3
1770789653.80028605,172845001,0.0,-0.12935788929462433,5.0,5.0577592849731445,0.0,342.03436279296875,3
1770789653.84027004,172884985,0.0,-0.12060625851154327,5.0,5.059709548950195,0.0,342.0451354980469,3
1770789653.88025403,172924969,0.0,-0.12075724452733994,5.0,5.038125514984131,0.0,342.04931640625,3
1770789653.92023802,172964953,0.0,-0.13472765684127808,5.0,5.02620267868042,0.0,342.0438232421875,3
1770789653.96022201,173004937,0.0,-0.1337316483259201,5.0,5.027561187744141,0.0,342.04412841796875,3
1770789654.00020599,173044921,0.0,-0.10930291563272476,5.0,5.019391059875488,0.0,342.0514221191406,3
1770789654.04018998,173084905,0.0,-0.08639596402645111,5.0,4.992719650268555,0.0,342.0486145019531,3
1770789654.08017397,173124889,0.0,-0.08106420934200287,5.0,4.956711769104004,0.0,342.0343017578125,3
1770789654.12015796,173164873,0.0,-0.050608642399311066,5.0,4.951315402984619,0.0,342.0353698730469,3
1770789654.16014218,173204857,0.0,-0.009046584367752075,5.0,4.95858907699585,0.0,342.04571533203125,3
1770789654.20012617,173244841,0.0,0.001321536721661687,5.0,4.970215797424316,0.0,342.0519714355469,3
1770789654.24011016,173284825,0.0,-0.002267716685310006,5.0,4.976848125457764,0.0,342.0364074707031,3
1770789654.28009415,173324809,0.0,0.008662714622914791,5.0,4.973046779632568,0.0,342.0267333984375,3
1770789654.32007813,173364793,0.0,0.008607151918113232,5.0,4.979004383087158,0.0,342.03509521484375,3
1770789654.36006212,173404777,0.0,0.008983869105577469,5.0,4.970974922180176,0.0,342.0459289550781,3
1770789654.40004611,173444761,0.0,0.0047144475392997265,5.0,4.969637870788574,0.0,342.044921875,3
1770789654.44003010,173484745,0.0,-0.00017962548008654267,5.0,4.954708099365234,0.0,342.0498352050781,3
1770789654.48001409,173524729,0.0,-0.02750459872186184,5.0,4.93662166595459,0.0,342.0531311035156,3
1770789654.51999807,173564713,0.0,-0.06606556475162506,5.0,4.938209056854248,0.0,342.0482482910156,3
1770789654.55998206,173604697,0.0,-0.08576583862304688,5.0,4.947278022766113,0.0,342.0426330566406,3
1770789654.59996605,173644681,0.0,-0.08663853257894516,5.0,4.974370002746582,0.0,342.03924560546875,3
1770789654.63995004,173684665,0.0,-0.08379247039556503,5.0,5.003189563751221,0.0,342.04345703125,3
1770789654.67993402,173724649,0.0,-0.09238528460264206,5.0,5.039765357971191,0.0,342.0447082519531,3
1770789654.71991801,173764633,0.0,-0.07251622527837753,5.0,5.061898231506348,0.0,342.06610107421875,3
1770789654.75990200,173804617,0.0,-0.05061529576778412,5.0,5.058869361877441,0.0,342.0937805175781,3
1770789654.79988599,173844601,0.0,-0.020594513043761253,5.0,5.063270092010498,0.0,342.1189270019531,3
1770789654.83986998,173884585,0.0,0.008200529031455517,5.0,5.068999290466309,0.0,342.1202392578125,3
1770789654.87985396,173924569,0.0,0.03148556128144264,5.0,5.043451309204102,0.0,342.0902099609375,3
1770789654.91983819,173964553,0.0,0.03127119690179825,5.0,5.021061420440674,0.0,342.0702209472656,3
1770789654.95982218,174004537,0.0,0.03207074850797653,5.0,5.023018836975098,0.0,342.07879638671875,3
1770789654.99980617,174044521,0.0,0.03863269463181496,5.0,5.032685279846191,0.0,342.08966064453125,3
1770789655.03979015,174084505,0.0,0.04292013496160507,5.0,5.042868137359619,0.0,342.09771728515625,3
1770789655.07977414,174124489,0.0,0.04402666538953781,5.0,5.028407573699951,0.0,342.10552978515625,3
1770789655.11975813,174164473,0.0,0.033145930618047714,5.0,5.000428199768066,0.0,342.1068420410156,3
1770789655.15974212,174204457,0.0,0.026932543143630028,5.0,4.988470554351807,0.0,342.09271240234375,3
1770789655.19972610,174244441,0.0,0.01128734927624464,5.0,4.9742350578308105,0.0,342.0785827636719,3
1770789655.23971009,174284425,0.0,-0.0171782486140728,5.0,4.9567461013793945,0.0,342.0637512207031,3
1770789655.27969408,174324409,0.0,-0.025959711521863937,5.0,4.945413112640381,0.0,342.0462951660156,3
1770789655.31967807,174364393,0.0,-0.033777374774217606,5.0,4.943763256072998,0.0,342.0286865234375,3
1770789655.35966206,174404377,0.0,-0.05379350110888481,5.0,4.961126327514648,0.0,342.0127258300781,3
1770789655.39964604,174444361,0.0,-0.07287569344043732,5.0,4.964439392089844,0.0,342.0058898925781,3
1770789655.43963003,174484345,0.0,-0.0814361572265625,5.0,4.954368591308594,0.0,342.0036315917969,3
1770789655.47961402,174524329,0.0,-0.07420607656240463,5.0,4.956467151641846,0.0,342.01971435546875,3
1770789655.51959801,174564313,0.0,-0.07772553712129593,5.0,4.944740295410156,0.0,342.0353698730469,3
1770789655.56041503,174605130,0.0,-0.09648819267749786,5.0,4.92622184753418,0.0,342.0541076660156,3
1770789655.60039902,174645114,0.0,-0.12574438750743866,5.0,4.908422470092773,0.0,342.05755615234375,3
1770789655.64038301,174685098,0.0,-0.16081087291240692,5.0,4.893681049346924,0.0,342.0613098144531,3
1770789655.68036699,174725082,0.0,-0.18051688373088837,5.0,4.893459320068359,0.0,342.0745544433594,3
1770789655.72035098,174765066,0.0,-0.19954708218574524,5.0,4.901691436767578,0.0,342.1004638671875,3
1770789655.76033497,174805050,0.0,-0.20009015500545502,5.0,4.924591064453125,0.0,342.11279296875,3
1770789655.80031896,174845034,0.0,-0.1709417998790741,5.0,4.955323219299316,0.0,342.11138916015625,3
1770789655.84030318,174885018,0.0,-0.13528545200824738,5.0,4.968075275421143,0.0,342.1182861328125,3
1770789655.88028717,174925002,0.0,-0.09356500953435898,5.0,4.994028091430664,0.0,342.12091064453125,3
1770789655.92027116,174964986,0.0,-0.042168643325567245,5.0,5.035383224487305,0.0,342.11981201171875,3
1770789655.96025515,175004970,0.0,-0.009250395931303501,5.0,5.0685200691223145,0.0,342.1177978515625,3
1770789656.00023913,175044954,0.0,-0.006537665147334337,5.0,5.083648204803467,0.0,342.1174621582031,3
1770789656.04022312,175084938,0.0,0.008962518535554409,5.0,5.087645053863525,0.0,342.1107482910156,3
1770789656.08020711,175124922,0.0,0.02692197635769844,5.0,5.086599826812744,0.0,342.10736083984375,3
1770789656.12019110,175164906,0.0,0.06958183646202087,5.0,5.0763654708862305,0.0,342.13104248046875,3
1770789656.16017509,175204890,0.0,0.10234430432319641,5.0,5.084722518920898,0.0,342.1378479003906,3
1770789656.20015907,175244874,0.0,0.12663604319095612,5.0,5.103697776794434,0.0,342.12677001953125,3
1770789656.24014306,175284858,0.0,0.15062196552753448,5.0,5.1020588874816895,0.0,342.1090393066406,3
1770789656.28012705,175324842,0.0,0.1338011771440506,5.0,5.083978652954102,0.0,342.09576416015625,3
1770789656.32011104,175364826,0.0,0.1142188087105751,5.0,5.053176403045654,0.0,342.0957946777344,3
1770789656.36009502,175404810,0.0,0.10619606822729111,5.0,5.00916051864624,0.0,342.0908203125,3
1770789656.40007901,175444794,0.0,0.0920134112238884,5.0,4.958960056304932,0.0,342.1116027832031,3
1770789656.44006300,175484778,0.0,0.06703511625528336,5.0,4.931748867034912,0.0,342.1332092285156,3
1770789656.48004699,175524762,0.0,0.0576738603413105,5.0,4.926968574523926,0.0,342.1380920410156,3
1770789656.52003098,175564746,0.0,0.028436196967959404,5.0,4.939927101135254,0.0,342.1518249511719,3
1770789656.56001496,175604730,0.0,-0.016892563551664352,5.0,4.950676441192627,0.0,342.1570129394531,3
1770789656.59999919,175644714,0.0,-0.0568360760807991,5.0,4.959059715270996,0.0,342.1766662597656,3
1770789656.63998318,175684698,0.0,-0.06619971245527267,5.0,4.950780868530273,0.0,342.1867370605469,3
1770789656.67996716,175724682,0.0,-0.06808178871870041,5.0,4.940713882446289,0.0,342.19000244140625,3
1770789656.71995115,175764666,0.0,-0.06797483563423157,5.0,4.937049865722656,0.0,342.1879577636719,3
1770789656.75993514,175804650,0.0,-0.05553244426846504,5.0,4.946703910827637,0.0,342.1890869140625,3
1770789656.79991913,175844634,0.0,-0.058759793639183044,5.0,4.965066909790039,0.0,342.179931640625,3
1770789656.83990312,175884618,0.0,-0.07562607526779175,5.0,4.977685451507568,0.0,342.18743896484375,3
1770789656.87988710,175924602,0.0,-0.08632395416498184,5.0,5.003024101257324,0.0,342.19989013671875,3
1770789656.91987109,175964586,0.0,-0.09370969980955124,5.0,5.0073323249816895,0.0,342.14459228515625,3
1770789656.95985508,176004570,0.0,-0.11363953351974487,5.0,4.9894514083862305,0.0,342.0698547363281,3
1770789656.99983907,176044554,0.0,-0.14381985366344452,5.0,4.978161811828613,0.0,342.0211181640625,3
1770789657.03982306,176084538,0.0,-0.1594868004322052,5.0,4.964831352233887,0.0,342.0105285644531,3
1770789657.07980704,176124522,0.0,-0.16381637752056122,5.0,4.9520087242126465,0.0,342.01470947265625,3
1770789657.11979103,176164506,0.0,-0.15407401323318481,5.0,4.942479610443115,0.0,342.0075988769531,3
1770789657.15977502,176204490,0.0,-0.15373991429805756,5.0,4.927339553833008,0.0,342.00738525390625,3
1770789657.19975901,176244474,0.0,-0.15224336087703705,5.0,4.915760517120361,0.0,342.02587890625,3
1770789657.23974299,176284458,0.0,-0.13864685595035553,5.0,4.922504901885986,0.0,342.0622863769531,3
1770789657.27972698,176324442,0.0,-0.144002765417099,5.0,4.947544097900391,0.0,342.1679992675781,3
1770789657.31971097,176364426,0.0,-0.2064322978258133,5.0,5.003110885620117,0.0,342.48236083984375,3
1770789657.35969496,176404410,0.0,-0.3238382935523987,5.0,5.057405471801758,0.0,343.0303955078125,3
1770789657.39967918,176444394,0.0,-0.47083011269569397,5.0,5.113996505737305,0.0,343.8046875,3
1770789657.43966317,176484378,0.0,-0.6255269646644592,5.0,5.154148578643799,0.0,344.74169921875,3
1770789657.47964716,176524362,0.0,-0.7599243521690369,5.0,5.152636528015137,0.0,345.7823181152344,3
1770789657.51963115,176564346,0.0,-0.8620902895927429,5.0,5.15095853805542,0.0,346.880126953125,3
1770789657.55961514,176604330,0.0,-0.9208111763000488,5.0,5.1258392333984375,0.0,347.9862365722656,3
1770789657.59959912,176644314,0.0,-0.9366535544395447,5.0,5.075235843658447,0.0,349.06304931640625,3
1770789657.64041615,176685131,0.0,-0.9098979234695435,5.0,5.0119805335998535,0.0,350.11480712890625,3
1770789657.68040013,176725115,0.0,-0.857454776763916,5.0,4.932795524597168,0.0,351.14837646484375,3
1770789657.72038412,176765099,0.0,-0.7837623357772827,5.0,4.861630439758301,0.0,352.1107482910156,3
1770789657.76036811,176805083,0.0,-0.6969679594039917,5.0,4.773020267486572,0.0,353.007568359375,3
1770789657.80035210,176845067,0.0,-0.5834806561470032,5.0,4.687544822692871,0.0,353.8375549316406,3
1770789657.84033608,176885051,0.0,-0.4596143364906311,5.0,4.60188627243042,0.0,354.6158142089844,3
1770789657.88032007,176925035,0.0,-0.3244493007659912,5.0,4.533985137939453,0.0,355.3486022949219,3
1770789657.92030406,176965019,0.0,-0.19936610758304596,5.0,4.4726080894470215,0.0,356.02081298828125,3
1770789657.96028805,177005003,0.0,-0.09403444826602936,5.0,4.425112724304199,0.0,356.6400451660156,3
1770789658.00027204,177044987,0.0,0.0016007444355636835,5.0,4.40041971206665,0.0,357.21832275390625,3
1770789658.04025602,177084971,0.0,0.09843190759420395,5.0,4.4095659255981445,0.0,357.77642822265625,3
1770789658.08024001,177124955,0.0,0.20557329058647156,5.0,4.422966003417969,0.0,358.3203125,3
1770789658.12022400,177164939,0.0,0.26733675599098206,5.0,4.433450222015381,0.0,358.84954833984375,3
1770789658.16020799,177204923,0.0,0.2965620756149292,5.0,4.425467014312744,0.0,359.3602294921875,3
1770789658.20019197,177244907,0.0,0.3269532024860382,5.0,4.391769886016846,0.0,359.83673095703125,3
1770789658.24017596,177284891,0.0,0.3340266942977905,5.0,4.380114555358887,0.0,0.29319071769714355,3
1770789658.28016019,177324875,0.0,0.32149145007133484,5.0,4.406002044677734,0.0,0.7434497475624084,3
1770789658.32014418,177364859,0.0,0.28386130928993225,5.0,4.443805694580078,0.0,1.1734371185302734,3
1770789658.36012816,177404843,0.0,0.2573819160461426,5.0,4.490842819213867,0.0,1.5834406614303589,3
1770789658.40011215,177444827,0.0,0.23951071500778198,5.0,4.573570728302002,0.0,1.9827805757522583,3
1770789658.44009614,177484811,0.0,0.23168811202049255,5.0,4.667468070983887,0.0,2.3685081005096436,3
1770789658.48008013,177524795,0.0,0.20480524003505707,5.0,4.747872829437256,0.0,2.719723701477051,3
1770789658.52006412,177564779,0.0,0.17405657470226288,5.0,4.811654567718506,0.0,3.050753355026245,3
1770789658.56004810,177604763,0.0,0.14267413318157196,5.0,4.870363712310791,0.0,3.3437323570251465,3
1770789658.60003209,177644747,0.0,0.10611255466938019,5.0,4.90689754486084,0.0,3.611013174057007,3
1770789658.64001608,177684731,0.0,0.06523306667804718,5.0,4.919888496398926,0.0,3.865593910217285,3
1770789658.68000007,177724715,0.0,0.030908288434147835,5.0,4.903640270233154,0.0,4.117151260375977,3
1770789658.71998405,177764699,0.0,0.0018498834688216448,5.0,4.883308410644531,0.0,4.369207382202148,3
1770789658.75996804,177804683,0.0,-0.006647130474448204,5.0,4.869141578674316,0.0,4.600152015686035,3
1770789658.79995203,177844667,0.0,-0.004959823563694954,5.0,4.858662128448486,0.0,4.817809581756592,3
1770789658.83993602,177884651,0.0,-0.004340315703302622,5.0,4.858419895172119,0.0,5.0211501121521,3
1770789658.87992001,177924635,0.0,0.007979718036949635,5.0,4.865597248077393,0.0,5.210757732391357,3
1770789658.91990399,177964619,0.0,0.03714423254132271,5.0,4.883086204528809,0.0,5.397184371948242,3
1770789658.95988798,178004603,0.0,0.06205266714096069,5.0,4.8969573974609375,0.0,5.578240871429443,3
1770789658.99987197,178044587,0.0,0.08802449703216553,5.0,4.901733875274658,0.0,5.75272274017334,3
1770789659.03985596,178084571,0.0,0.11246296763420105,5.0,4.892340183258057,0.0,5.912762641906738,3
1770789659.07984018,178124555,0.0,0.13643410801887512,5.0,4.867448329925537,0.0,6.063076019287109,3
1770789659.11982417,178164539,0.0,0.1574062705039978,5.0,4.831301689147949,0.0,6.2082366943359375,3
1770789659.15980816,178204523,0.0,0.17510715126991272,5.0,4.783069610595703,0.0,6.350280284881592,3
1770789659.19979215,178244507,0.0,0.18857964873313904,5.0,4.724240303039551,0.0,6.488381385803223,3
1770789659.23977613,178284491,0.0,0.19785527884960175,5.0,4.657741546630859,0.0,6.619959354400635,3
1770789659.27976012,178324475,0.0,0.20258815586566925,5.0,4.58479118347168,0.0,6.74554443359375,3
1770789659.31974411,178364459,0.0,0.20267437398433685,5.0,4.504263877868652,0.0,6.866998195648193,3
1770789659.35972810,178404443,0.0,0.1990988701581955,5.0,4.416942119598389,0.0,6.984375,3
1770789659.39971209,178444427,0.0,0.19239787757396698,5.0,4.323757648468018,0.0,7.0982346534729,3
1770789659.43969607,178484411,0.0,0.18462321162223816,5.0,4.225600719451904,0.0,7.206625461578369,3
1770789659.47968006,178524395,0.0,0.17710758745670319,5.0,4.123913764953613,0.0,7.309313774108887,3
1770789659.51966405,178564379,0.0,0.16991835832595825,5.0,4.018847942352295,0.0,7.409008026123047,3
1770789659.55964804,178604363,0.0,0.1632682830095291,5.0,3.911560297012329,0.0,7.506035804748535,3
1770789659.59963202,178644347,0.0,0.15771465003490448,5.0,3.803403377532959,0.0,7.600236892700195,3
1770789659.63961601,178684331,0.0,0.15302559733390808,5.0,3.6958553791046143,0.0,7.689896106719971,3
1770789659.67960000,178724315,0.0,0.14944204688072205,5.0,3.590115785598755,0.0,7.775274276733398,3
1770789659.72041702,178765132,0.0,0.14607414603233337,5.0,3.4861865043640137,0.0,7.8584771156311035,3
1770789659.76040101,178805116,0.0,0.14278574287891388,5.0,3.3827195167541504,0.0,7.941118240356445,3
1770789659.80038500,178845100,0.0,0.13947102427482605,5.0,3.2849807739257812,0.0,8.019608497619629,3
1770789659.84036899,178885084,0.0,0.1360526829957962,5.0,3.1900205612182617,0.0,8.096166610717773,3
1770789659.88035297,178925068,0.0,0.1328878402709961,5.0,3.0987203121185303,0.0,8.17090129852295,3
1770789659.92033696,178965052,0.0,0.13010288774967194,5.0,3.0115115642547607,0.0,8.243670463562012,3
1770789659.96032119,179005036,0.0,0.12721997499465942,5.0,2.9284486770629883,0.0,8.314541816711426,3
1770789660.00030518,179045020,0.0,0.12350386381149292,5.0,2.849407911300659,0.0,8.383308410644531,3
1770789660.04028916,179085004,0.0,0.12029694020748138,5.0,2.7739880084991455,0.0,8.44924545288086,3
1770789660.08027315,179124988,0.0,0.11693866550922394,5.0,2.7029500007629395,0.0,8.513248443603516,3
1770789660.12025714,179164972,0.0,0.11323492228984833,5.0,2.6359927654266357,0.0,8.575142860412598,3
1770789660.16024113,179204956,0.0,0.10985546559095383,5.0,2.5725491046905518,0.0,8.634824752807617,3
1770789660.20022511,179244940,0.0,0.10630890727043152,5.0,2.5126447677612305,0.0,8.692598342895508,3
1770789660.24020910,179284924,0.0,0.10344481468200684,5.0,2.4553656578063965,0.0,8.747138977050781,3
1770789660.28019309,179324908,0.0,0.10129790008068085,5.0,2.4011831283569336,0.0,8.799513816833496,3
1770789660.32017708,179364892,0.0,0.09925972670316696,5.0,2.349754810333252,0.0,8.850137710571289,3
1770789660.36016107,179404876,0.0,0.09676959365606308,5.0,2.30068302154541,0.0,8.898847579956055,3
1770789660.40014505,179444860,0.0,0.09375421702861786,5.0,2.253647804260254,0.0,8.945688247680664,3
1770789660.44012904,179484844,0.0,0.09115630388259888,5.0,2.2080562114715576,0.0,8.989603996276855,3
1770789660.48011303,179524828,0.0,0.08856082707643509,5.0,2.1636013984680176,0.0,9.031797409057617,3
1770789660.52009702,179564812,0.0,0.08607164770364761,5.0,2.1201374530792236,0.0,9.072403907775879,3
1770789660.56008101,179604796,0.0,0.0844079926609993,5.0,2.076998233795166,0.0,9.111489295959473,3
1770789660.60006499,179644780,0.0,0.08294754475355148,5.0,2.0344624519348145,0.0,9.149149894714355,3
1770789660.64004898,179684764,0.0,0.0812780037522316,5.0,1.9931398630142212,0.0,9.18358039855957,3
1770789660.68003297,179724748,0.0,0.07939686626195908,5.0,1.9530208110809326,0.0,9.214802742004395,3
1770789660.72001696,179764732,0.0,0.07699340581893921,5.0,1.913286805152893,0.0,9.244949340820312,3
1770789660.76000118,179804716,0.0,0.07423562556505203,5.0,1.8737167119979858,0.0,9.274006843566895,3
1770789660.79998517,179844700,0.0,0.071138396859169,5.0,1.8344635963439941,0.0,9.30176830291748,3
1770789660.83996916,179884684,0.0,0.06773953884840012,5.0,1.795454978942871,0.0,9.327323913574219,3
1770789660.87995315,179924668,0.0,0.0649016723036766,5.0,1.7568938732147217,0.0,9.350836753845215,3
1770789660.91993713,179964652,0.0,0.0626026913523674,5.0,1.7185298204421997,0.0,9.373881340026855,3
1770789660.95992112,180004636,0.0,0.060900550335645676,5.0,1.6803334951400757,0.0,9.396161079406738,3
1770789660.99990511,180044620,0.0,0.059215761721134186,5.0,1.6424827575683594,0.0,9.418027877807617,3
1770789661.03988910,180084604,0.0,0.057547807693481445,5.0,1.6053617000579834,0.0,9.438488006591797,3
1770789661.07987309,180124588,0.0,0.05588729679584503,5.0,1.5688387155532837,0.0,9.45740795135498,3
1770789661.11985707,180164572,0.0,0.054310962557792664,5.0,1.5328551530838013,0.0,9.476176261901855,3
1770789661.15984106,180204556,0.0,0.05273640528321266,5.0,1.4975570440292358,0.0,9.494293212890625,3
1770789661.19982505,180244540,0.0,0.05115453153848648,5.0,1.4627948999404907,0.0,9.512137413024902,3
1770789661.23980904,180284524,0.0,0.0496520958840847,5.0,1.428572416305542,0.0,9.529001235961914,3
1770789661.27979302,180324508,0.0,0.04819328337907791,5.0,1.3945897817611694,0.0,9.544793128967285,3
1770789661.31977701,180364492,0.0,0.047339290380477905,5.0,1.3613841533660889,0.0,9.560376167297363,3
1770789661.35976100,180404476,0.0,0.04701138660311699,5.0,1.3289222717285156,0.0,9.575583457946777,3
1770789661.39974499,180444460,0.0,0.04715677723288536,5.0,1.2974015474319458,0.0,9.590387344360352,3
1770789661.43972898,180484444,0.0,0.047439467161893845,5.0,1.2662415504455566,0.0,9.604238510131836,3
1770789661.47971296,180524428,0.0,0.047687795013189316,5.0,1.2355964183807373,0.0,9.617314338684082,3
1770789661.51969719,180564412,0.0,0.04769419506192207,5.0,1.2059065103530884,0.0,9.629996299743652,3
1770789661.55968118,180604396,0.0,0.04757118225097656,5.0,1.1769492626190186,0.0,9.642454147338867,3
1770789661.59966516,180644380,0.0,0.047249291092157364,5.0,1.1490205526351929,0.0,9.654463768005371,3
1770789661.63964915,180684364,0.0,0.04698847979307175,5.0,1.1218255758285522,0.0,9.665586471557617,3
1770789661.67963314,180724348,0.0,0.046520061790943146,5.0,1.0950888395309448,0.0,9.676125526428223,3
1770789661.71961713,180764332,0.0,0.04582856595516205,5.0,1.0697245597839355,0.0,9.686372756958008,3
1770789661.75960112,180804316,0.0,0.04492770880460739,5.0,1.0454516410827637,0.0,9.696329116821289,3
1770789661.80041814,180845133,0.0,0.043953437358140945,5.0,1.0226287841796875,0.0,9.705973625183105,3
1770789661.84040213,180885117,0.0,0.0432174876332283,5.0,0.9974027872085571,0.0,9.715484619140625,3
1770789661.88038611,180925101,0.0,0.042291309684515,5.0,0.9729202389717102,0.0,9.72491455078125,3
1770789661.92037010,180965085,0.0,0.041472941637039185,5.0,0.9499968886375427,0.0,9.733953475952148,3
1770789661.96035409,181005069,0.0,0.04053538292646408,5.0,0.9278802871704102,0.0,9.742727279663086,3
1770789662.00033808,181045053,0.0,0.03967729210853577,5.0,0.9070229530334473,0.0,9.751256942749023,3
1770789662.04032207,181085037,0.0,0.03895942121744156,5.0,0.8841761350631714,0.0,9.759284973144531,3
1770789662.08030605,181125021,0.0,0.038369059562683105,5.0,0.8628287315368652,0.0,9.767096519470215,3
1770789662.12029004,181165005,0.0,0.03768445923924446,5.0,0.8430910110473633,0.0,9.7745361328125,3
1770789662.16027403,181204989,0.0,0.03705206140875816,5.0,0.8249971866607666,0.0,9.7818021774292,3
1770789662.20025802,181244973,0.0,0.03650018200278282,5.0,0.8087815642356873,0.0,9.788575172424316,3
1770789662.24024200,181284957,0.0,0.03589976206421852,5.0,0.7922087907791138,0.0,9.795003890991211,3
1770789662.28022599,181324941,0.0,0.0352935828268528,5.0,0.7776473760604858,0.0,9.800971984863281,3
1770789662.32020998,181364925,0.0,0.034773025661706924,5.0,0.7652333974838257,0.0,9.806673049926758,3
1770789662.36019397,181404909,0.0,0.03427383303642273,5.0,0.7547069787979126,0.0,9.811956405639648,3
1770789662.40017796,181444893,0.0,0.033944278955459595,5.0,0.7459442615509033,0.0,9.817187309265137,3
1770789662.44016218,181484877,0.0,0.03353222832083702,5.0,0.736599326133728,0.0,9.821928024291992,3
1770789662.48014617,181524861,0.0,0.03329837694764137,5.0,0.7290668487548828,0.0,9.826337814331055,3
1770789662.52013016,181564845,0.0,0.03295433521270752,5.0,0.7231521010398865,0.0,9.830462455749512,3
1770789662.56011415,181604829,0.0,0.03272237256169319,5.0,0.7184374332427979,0.0,9.834368705749512,3
1770789662.60009813,181644813,0.0,0.03245669603347778,5.0,0.7146819829940796,0.0,9.838089942932129,3
1770789662.64008212,181684797,0.0,0.032156407833099365,5.0,0.7116957902908325,0.0,9.841403007507324,3
1770789662.68006611,181724781,0.0,0.03177851065993309,5.0,0.7096465826034546,0.0,9.844557762145996,3
1770789662.72005010,181764765,0.0,0.03147677332162857,5.0,0.708358108997345,0.0,9.847460746765137,3
1770789662.76003408,181804749,0.0,0.031366657465696335,5.0,0.7075178623199463,0.0,9.850228309631348,3
1770789662.80001807,181844733,0.0,0.03114905208349228,5.0,0.7071259021759033,0.0,9.852752685546875,3
1770789662.84000206,181884717,0.0,0.030825646594166756,5.0,0.7069008350372314,0.0,9.854917526245117,3
1770789662.87998605,181924701,0.0,0.030478330329060555,5.0,0.7065793871879578,0.0,9.856950759887695,3
1770789662.91997004,181964685,0.0,0.030247731134295464,5.0,0.7066155076026917,0.0,9.858672142028809,3
1770789662.95995402,182004669,0.0,0.030138885602355003,5.0,0.7069323658943176,0.0,9.860291481018066,3
1770789662.99993801,182044653,0.0,0.030119402334094048,5.0,0.70753413438797,0.0,9.861763000488281,3
1770789663.03992200,182084637,0.0,0.0298963263630867,5.0,0.7077059149742126,0.0,9.863036155700684,3
1770789663.07990599,182124621,0.0,0.02958373911678791,5.0,0.707334041595459,0.0,9.86402416229248,3
1770789663.11988997,182164605,0.0,0.029431186616420746,5.0,0.7070321440696716,0.0,9.8648681640625,3
1770789663.15987396,182204589,0.0,0.029422014951705933,5.0,0.7064416408538818,0.0,9.865477561950684,3
1770789663.19985819,182244573,0.0,0.02941671572625637,5.0,0.7054204344749451,0.0,9.866124153137207,3
1770789663.23984218,182284557,0.0,0.02946607396006584,5.0,0.7032276391983032,0.0,9.866479873657227,3
1770789663.27982616,182324541,0.0,0.029234852641820908,5.0,0.6997113227844238,0.0,9.86677074432373,3
1770789663.31981015,182364525,0.0,0.02921079285442829,5.0,0.6955400109291077,0.0,9.866975784301758,3
1770789663.35979414,182404509,0.0,0.029082849621772766,5.0,0.6910942196846008,0.0,9.867058753967285,3
1770789663.39977813,182444493,0.0,0.029127899557352066,5.0,0.6865473985671997,0.0,9.867233276367188,3
1770789663.43976212,182484477,0.0,0.02914644032716751,5.0,0.6815372109413147,0.0,9.866989135742188,3
1770789663.47974610,182524461,0.0,0.028931312263011932,5.0,0.6767415404319763,0.0,9.866544723510742,3
1770789663.51973009,182564445,0.0,0.028825078159570694,5.0,0.6734725832939148,0.0,9.866299629211426,3
1770789663.55971408,182604429,0.0,0.02890058048069477,5.0,0.6720777750015259,0.0,9.865890502929688,3
1770789663.59969807,182644413,0.0,0.028999580070376396,5.0,0.6726526618003845,0.0,9.865486145019531,3
1770789663.63968205,182684397,0.0,0.029007475823163986,5.0,0.6745870113372803,0.0,9.864770889282227,3
1770789663.67966604,182724381,0.0,0.028856711462140083,5.0,0.6777249574661255,0.0,9.863892555236816,3
1770789663.71965003,182764365,0.0,0.028889266774058342,5.0,0.6830562353134155,0.0,9.862771034240723,3
1770789663.75963402,182804349,0.0,0.028832238167524338,5.0,0.6901659965515137,0.0,9.86178207397461,3
1770789663.79961801,182844333,0.0,0.029050666838884354,5.0,0.6988716125488281,0.0,9.86081600189209,3
1770789663.83960199,182884317,0.0,0.02912924438714981,5.0,0.7076829671859741,0.0,9.859420776367188,3
1770789663.88041902,182925134,0.0,0.028924299404025078,5.0,0.716209888458252,0.0,9.857882499694824,3
1770789663.92040300,182965118,0.0,0.028884727507829666,5.0,0.7251209020614624,0.0,9.856497764587402,3
1770789663.96038699,183005102,0.0,0.02900109253823757,5.0,0.7340845465660095,0.0,9.855147361755371,3
1770789664.00037098,183045086,0.0,0.02911328710615635,5.0,0.7422361373901367,0.0,9.853753089904785,3
1770789664.04035497,183085070,0.0,0.028554288670420647,5.0,0.7464773654937744,0.0,9.851241111755371,3
1770789664.08033895,183125054,0.0,0.028252165764570236,5.0,0.7503697276115417,0.0,9.848824501037598,3
1770789664.12032318,183165038,0.0,0.028064634650945663,5.0,0.753969669342041,0.0,9.84647274017334,3
1770789664.16030717,183205022,0.0,0.028050420805811882,5.0,0.7575543522834778,0.0,9.844282150268555,3
1770789664.20029116,183245006,0.0,0.028068097308278084,5.0,0.7616403698921204,0.0,9.842329978942871,3
1770789664.24027514,183284990,0.0,0.027291351929306984,5.0,0.7638587355613708,0.0,9.83962345123291,3
1770789664.28025913,183324974,0.0,0.02682000771164894,5.0,0.766966700553894,0.0,9.836777687072754,3
1770789664.32024312,183364958,0.0,0.026599494740366936,5.0,0.7712336182594299,0.0,9.834064483642578,3
1770789664.36022711,183404942,0.0,0.026386043056845665,5.0,0.7765857577323914,0.0,9.831748962402344,3
1770789664.40021110,183444926,0.0,0.026587432250380516,5.0,0.7832438945770264,0.0,9.829439163208008,3
1770789664.44019508,183484910,0.0,0.026000510901212692,5.0,0.7887495756149292,0.0,9.826241493225098,3
1770789664.48017907,183524894,0.0,0.025656796991825104,5.0,0.7954529523849487,0.0,9.823442459106445,3
1770789664.52016306,183564878,0.0,0.02555752359330654,5.0,0.8034921288490295,0.0,9.820741653442383,3
1770789664.56014705,183604862,0.0,0.025536557659506798,5.0,0.8127205967903137,0.0,9.818312644958496,3
1770789664.60013103,183644846,0.0,0.02560095116496086,5.0,0.8233261108398438,0.0,9.816040992736816,3
1770789664.64011502,183684830,0.0,0.02497112564742565,5.0,0.8333054184913635,0.0,9.812858581542969,3
1770789664.68009901,183724814,0.0,0.024562103673815727,5.0,0.8446608185768127,0.0,9.810123443603516,3
1770789664.72008300,183764798,0.0,0.02421944960951805,5.0,0.8576779961585999,0.0,9.80756950378418,3
1770789664.76006699,183804782,0.0,0.0240905974060297,5.0,0.8721133470535278,0.0,9.805245399475098,3
1770789664.80005097,183844766,0.0,0.024220380932092667,5.0,0.8875067830085754,0.0,9.803074836730957,3
1770789664.84003496,183884750,0.0,0.0240655355155468,5.0,0.904006838798523,0.0,9.80080509185791,3
1770789664.88001919,183924734,0.0,0.02380150556564331,5.0,0.9217870235443115,0.0,9.79858684539795,3
1770789664.92000318,183964718,0.0,0.02365788072347641,5.0,0.9403296709060669,0.0,9.79662799835205,3
1770789664.95998716,184004702,0.0,0.023810021579265594,5.0,0.9593902826309204,0.0,9.794862747192383,3
1770789664.99997115,184044686,0.0,0.023879827931523323,5.0,0.9787721633911133,0.0,9.793204307556152,3
1770789665.03995514,184084670,0.0,0.023718608543276787,5.0,0.9982568621635437,0.0,9.791227340698242,3
1770789665.07993913,184124654,0.0,0.023401016369462013,5.0,1.017568826675415,0.0,9.789261817932129,3
1770789665.11992311,184164638,0.0,0.023229146376252174,5.0,1.0369197130203247,0.0,9.787435531616211,3
1770789665.15990710,184204622,0.0,0.023278607055544853,5.0,1.056148886680603,0.0,9.785728454589844,3
1770789665.19989109,184244606,0.0,0.023442231118679047,5.0,1.0746204853057861,0.0,9.784124374389648,3
1770789665.23987508,184284590,0.0,0.023160938173532486,5.0,1.091444492340088,0.0,9.782235145568848,3
1770789665.27985907,184324574,0.0,0.02283152937889099,5.0,1.1058080196380615,0.0,9.780065536499023,3
1770789665.31984305,184364558,0.0,0.022586878389120102,5.0,1.1170588731765747,0.0,9.7781982421875,3
1770789665.35982704,184404542,0.0,0.022433465346693993,5.0,1.124186396598816,0.0,9.77620792388916,3
1770789665.39981103,184444526,0.0,0.022339507937431335,5.0,1.1264662742614746,0.0,9.774370193481445,3
1770789665.43979502,184484510,0.0,0.02211078070104122,5.0,1.122817873954773,0.0,9.77242374420166,3
1770789665.47977901,184524494,0.0,0.02178058587014675,5.0,1.1123756170272827,0.0,9.770037651062012,3
1770789665.51976299,184564478,0.0,0.02148403786122799,5.0,1.094879388809204,0.0,9.767804145812988,3
1770789665.55974698,184604462,0.0,0.021565482020378113,5.0,1.066900610923767,0.0,9.765697479248047,3
1770789665.59973097,184644446,0.0,0.021670807152986526,5.0,1.024501919746399,0.0,9.763805389404297,3
1770789665.63971496,184684430,0.0,0.02140096388757229,5.0,0.9654062986373901,0.0,9.761659622192383,3
1770789665.67969918,184724414,0.0,0.020883683115243912,5.0,0.8896468877792358,0.0,9.759292602539062,3
1770789665.71968317,184764398,0.0,0.02050967700779438,5.0,0.7989467978477478,0.0,9.757002830505371,3
1770789665.75966716,184804382,0.0,0.020315371453762054,5.0,0.6955490708351135,0.0,9.754819869995117,3
1770789665.79965115,184844366,0.0,0.020317424088716507,5.0,0.5819253325462341,0.0,9.752769470214844,3
1770789665.83963513,184884350,0.0,0.019924545660614967,5.0,0.4597354829311371,0.0,9.750483512878418,3
1770789665.87961912,184924334,0.0,0.019327756017446518,5.0,0.33032700419425964,0.0,9.748069763183594,3
1770789665.91960311,184964318,0.0,0.019010474905371666,5.0,0.19524399936199188,0.0,9.745776176452637,3
1770789665.96042013,185005135,0.0,0.018772849813103676,5.0,0.05525646731257439,0.0,9.743537902832031,3
1770789666.00040412,185045119,0.0,0.018626097589731216,5.0,-0.08890674263238907,0.0,9.741615295410156,3
1770789666.04038811,185085103,0.0,0.017739402130246162,5.0,-0.2421732246875763,0.0,9.738236427307129,3
1770789666.08037210,185125087,0.0,0.017212916165590286,5.0,-0.39576420187950134,0.0,9.735082626342773,3
1770789666.12035608,185165071,0.0,0.016790378838777542,5.0,-0.5527032613754272,0.0,9.732223510742188,3
1770789666.16034007,185205055,0.0,0.016399720683693886,5.0,-0.7124585509300232,0.0,9.729369163513184,3
1770789666.20032406,185245039,0.0,0.01632092334330082,5.0,-0.8749183416366577,0.0,9.726828575134277,3
1770789666.24030805,185285023,0.0,0.015594679862260818,5.0,-1.041516900062561,0.0,9.723414421081543,3
1770789666.28029203,185325007,0.0,0.015010250732302666,5.0,-1.210324764251709,0.0,9.720175743103027,3
1770789666.32027602,185364991,0.0,0.014685199595987797,5.0,-1.380901575088501,0.0,9.717280387878418,3
1770789666.36026001,185404975,0.0,0.014550967141985893,5.0,-1.5531737804412842,0.0,9.714729309082031,3
1770789666.40024400,185444959,0.0,0.014502590522170067,5.0,-1.7265074253082275,0.0,9.712180137634277,3
1770789666.44022799,185484943,0.0,0.01379563007503748,5.0,-1.9020915031433105,0.0,9.708834648132324,3
1770789666.48021197,185524927,0.0,0.013377675786614418,5.0,-2.0781936645507812,0.0,9.705952644348145,3
1770789666.52019596,185564911,0.0,0.013043920509517193,5.0,-2.254218339920044,0.0,9.703193664550781,3
1770789666.56018019,185604895,0.0,0.012796776369214058,5.0,-2.429915428161621,0.0,9.70086669921875,3
1770789666.60016418,185644879,0.0,0.012715746648609638,5.0,-2.60479736328125,0.0,9.698532104492188,3
1770789666.64014816,185684863,0.0,0.012039379216730595,5.0,-2.7796952724456787,0.0,9.695563316345215,3
1770789666.68013215,185724847,0.0,0.0115794837474823,5.0,-2.952657461166382,0.0,9.69294261932373,3
1770789666.72011614,185764831,0.0,0.011123553849756718,5.0,-3.123236894607544,0.0,9.6906156539917,3
1770789666.76010013,185804815,0.0,0.010916857048869133,5.0,-3.291091203689575,0.0,9.688461303710938,3
1770789666.80008411,185844799,0.0,0.011003749445080757,5.0,-3.4556729793548584,0.0,9.686514854431152,3
1770789666.84006810,185884783,0.0,0.010884293355047703,5.0,-3.616121292114258,0.0,9.684602737426758,3
1770789666.88005209,185924767,0.0,0.010624067857861519,5.0,-3.771820306777954,0.0,9.682802200317383,3
1770789666.92003608,185964751,0.0,0.01055128127336502,5.0,-3.9226863384246826,0.0,9.681180953979492,3
1770789666.96002007,186004735,0.0,0.010534229688346386,5.0,-4.068038463592529,0.0,9.67969799041748,3
1770789667.00000405,186044719,0.0,0.010793153196573257,5.0,-4.2076416015625,0.0,9.678454399108887,3
1770789667.03998804,186084703,0.0,0.010688969865441322,5.0,-4.340668678283691,0.0,9.677433967590332,3
1770789667.07997203,186124687,0.0,0.010421490296721458,5.0,-4.466842174530029,0.0,9.676265716552734,3
1770789667.11995602,186164671,0.0,0.010328508913516998,5.0,-4.5860595703125,0.0,9.67521858215332,3
1770789667.15994000,186204655,0.0,0.0104464590549469,5.0,-4.697900772094727,0.0,9.674288749694824,3
1770789667.19992399,186244639,0.0,0.010587102733552456,5.0,-4.801787853240967,0.0,9.673565864562988,3
1770789667.23990798,186284623,0.0,0.010561513714492321,5.0,-4.897534370422363,0.0,9.67251205444336,3
1770789667.27989197,186324607,0.0,0.011152113787829876,5.0,-4.984781742095947,0.0,9.669697761535645,3
1770789667.31987596,186364591,0.0,0.03168309107422829,5.0,-5.0658345222473145,0.0,9.629148483276367,3
1770789667.35986018,186404575,0.0,0.10338381677865982,5.0,-5.145269393920898,0.0,9.489995956420898,3
1770789667.39984417,186444559,0.0,0.24864226579666138,5.0,-5.225841045379639,0.0,9.203804016113281,3
1770789667.43982816,186484543,0.0,0.4807872772216797,5.0,-5.308889389038086,0.0,8.734950065612793,3
1770789667.47981215,186524527,0.0,0.8043555021286011,5.0,-5.392855644226074,0.0,8.058271408081055,3
1770789667.51979613,186564511,0.0,1.2149285078048706,5.0,-5.473706245422363,0.0,7.158493518829346,3
1770789667.55978012,186604495,0.0,1.7003692388534546,5.0,-5.54533576965332,0.0,6.030007362365723,3
1770789667.59976411,186644479,0.0,2.241670608520508,5.0,-5.599327087402344,0.0,4.676126956939697,3
1770789667.63974810,186684463,0.0,2.8148720264434814,5.0,-5.626678466796875,0.0,3.108590602874756,3
1770789667.67973208,186724447,0.0,3.3904857635498047,5.0,-5.618258476257324,0.0,1.3453092575073242,3
1770789667.71971607,186764431,0.0,3.936452865600586,5.0,-5.565333366394043,0.0,359.409423828125,3
1770789667.75970006,186804415,0.0,4.420827865600586,5.0,-5.460899829864502,0.0,357.3287353515625,3
1770789667.79968405,186844399,0.0,4.813954830169678,5.0,-5.299073696136475,0.0,355.13421630859375,3
1770789667.83966804,186884383,0.0,5.089916229248047,5.0,-5.076614856719971,0.0,352.85809326171875,3
1770789667.87965202,186924367,0.0,5.2285966873168945,5.0,-4.791933059692383,0.0,350.53302001953125,3
1770789667.91963601,186964351,0.0,5.216982841491699,5.0,-4.444937705993652,0.0,348.1893005371094,3
1770789667.95962000,187004335,0.0,5.0501885414123535,5.0,-4.036956787109375,0.0,345.85577392578125,3
1770789667.99960399,187044319,0.0,4.732424736022949,5.0,-3.570556402206421,0.0,343.5585021972656,3
1770789668.04042101,187085136,0.0,4.27640438079834,5.0,-3.04856538772583,0.0,341.3197326660156,3
1770789668.08040500,187125120,0.0,3.701763391494751,5.0,-2.474196195602417,0.0,339.15802001953125,3
1770789668.12038898,187165104,0.0,3.0194203853607178,5.0,-1.8364802598953247,0.0,337.0460510253906,3
1770789668.16037297,187205088,0.0,2.287175178527832,5.0,-1.1647469997406006,0.0,335.0814208984375,3
1770789668.20035696,187245072,0.0,1.5240789651870728,5.0,-0.44888678193092346,0.0,333.2273864746094,3
1770789668.24034119,187285056,0.0,0.7640299797058105,5.0,0.3067929446697235,0.0,331.48828125,3
1770789668.28032517,187325040,0.0,0.03494885191321373,5.0,1.1015069484710693,0.0,329.865478515625,3
1770789668.32030916,187365024,0.0,-0.6361112594604492,5.0,1.9296050071716309,0.0,328.3583984375,3
1770789668.36029315,187405008,0.0,-1.2263225317001343,5.0,2.777254343032837,0.0,326.9645080566406,3
1770789668.40027714,187444992,0.0,-1.718186855316162,5.0,3.6237988471984863,0.0,325.6806335449219,3
1770789668.44026113,187484976,0.0,-2.098891258239746,5.0,4.443700313568115,0.0,324.50372314453125,3
1770789668.48024511,187524960,0.0,-2.362351179122925,5.0,5.210796356201172,0.0,323.4289245605469,3
1770789668.52022910,187564944,0.0,-2.5074167251586914,5.0,5.8989667892456055,0.0,322.4517517089844,3
1770789668.56021309,187604928,0.0,-2.5383079051971436,5.0,6.485196590423584,0.0,321.5668029785156,3
1770789668.60019708,187644912,0.0,-2.4637863636016846,5.0,6.951019287109375,0.0,320.76812744140625,3
1770789668.64018106,187684896,0.0,-2.2961251735687256,5.0,7.282973289489746,0.0,320.05059814453125,3
1770789668.68016505,187724880,0.0,-2.051149606704712,5.0,7.473148822784424,0.0,319.4050598144531,3
1770789668.72014904,187764864,0.0,-1.745818853378296,5.0,7.519804954528809,0.0,318.82342529296875,3
1770789668.76013303,187804848,0.0,-1.3983861207962036,5.0,7.426827907562256,0.0,318.2974548339844,3
1770789668.80011702,187844832,0.0,-1.0267571210861206,5.0,7.2035369873046875,0.0,317.8193054199219,3
1770789668.84010100,187884816,0.0,-0.6486732363700867,5.0,6.864006042480469,0.0,317.3828430175781,3
1770789668.88008499,187924800,0.0,-0.27989739179611206,5.0,6.425388336181641,0.0,316.980224609375,3
1770789668.92006898,187964784,0.0,0.06606311351060867,5.0,5.908144474029541,0.0,316.6060791015625,3
1770789668.96005297,188004768,0.0,0.3777126669883728,5.0,5.334543228149414,0.0,316.25604248046875,3
1770789669.00003695,188044752,0.0,0.646500289440155,5.0,4.7282562255859375,0.0,315.92724609375,3
1770789669.04002118,188084736,0.0,0.8653601408004761,5.0,4.112588405609131,0.0,315.6174621582031,3
1770789669.08000517,188124720,0.0,1.0306316614151,5.0,3.5101773738861084,0.0,315.3251953125,3
1770789669.11998916,188164704,0.0,1.142293930053711,5.0,2.9413599967956543,0.0,315.04986572265625,3
1770789669.15997314,188204688,0.0,1.2012730836868286,5.0,2.4254086017608643,0.0,314.7908935546875,3
1770789669.19995713,188244672,0.0,1.2102423906326294,5.0,1.978196620941162,0.0,314.5478820800781,3
1770789669.23994112,188284656,0.0,1.1729484796524048,5.0,1.6122263669967651,0.0,314.32049560546875,3
1770789669.27992511,188324640,0.0,1.0953340530395508,5.0,1.3368161916732788,0.0,314.1081237792969,3
1770789669.31990910,188364624,0.0,0.9850852489471436,5.0,1.1578521728515625,0.0,313.90997314453125,3
1770789669.35989308,188404608,0.0,0.8496605157852173,5.0,1.0767260789871216,0.0,313.7245788574219,3
1770789669.39987707,188444592,0.0,0.6967751383781433,5.0,1.0919238328933716,0.0,313.5508117675781,3
1770789669.43986106,188484576,0.0,0.5335233211517334,5.0,1.1978567838668823,0.0,313.38726806640625,3
1770789669.47984505,188524560,0.0,0.3674602210521698,5.0,1.386096715927124,0.0,313.2324523925781,3
1770789669.51982903,188564544,0.0,0.20602138340473175,5.0,1.6454147100448608,0.0,313.0848388671875,3
1770789669.55981302,188604528,0.0,0.054893895983695984,5.0,1.9630426168441772,0.0,312.9432373046875,3
1770789669.59979701,188644512,0.0,-0.08145978301763535,5.0,2.323904037475586,0.0,312.8065490722656,3
1770789669.63978100,188684496,0.0,-0.19972510635852814,5.0,2.71238112449646,0.0,312.6741943359375,3
1770789669.67976499,188724480,0.0,-0.29725658893585205,5.0,3.112037181854248,0.0,312.545654296875,3
1770789669.71974897,188764464,0.0,-0.371982604265213,5.0,3.507375717163086,0.0,312.4201354980469,3
1770789669.75973296,188804448,0.0,-0.42332398891448975,5.0,3.883553981781006,0.0,312.2978210449219,3
1770789669.79971719,188844432,0.0,-0.4517219066619873,5.0,4.226790428161621,0.0,312.1784362792969,3
1770789669.83970118,188884416,0.0,-0.4588389992713928,5.0,4.5251569747924805,0.0,312.06231689453125,3
1770789669.87968516,188924400,0.0,-0.44660595059394836,5.0,4.768792152404785,0.0,311.9493408203125,3
1770789669.91966915,188964384,0.0,-0.41670501232147217,5.0,4.9505486488342285,0.0,311.83953857421875,3
1770789669.95965314,189004368,0.0,-0.37218597531318665,5.0,5.0654168128967285,0.0,311.73291015625,3
1770789669.99963713,189044352,0.0,-0.3162786364555359,5.0,5.110887050628662,0.0,311.62939453125,3
1770789670.03962111,189084336,0.0,-0.25239840149879456,5.0,5.086583137512207,0.0,311.5290222167969,3
1770789670.07960510,189124320,0.0,-0.18417736887931824,5.0,4.9948320388793945,0.0,311.4318542480469,3
1770789670.12042212,189165137,0.0,-0.11402479559183121,5.0,4.8401899337768555,0.0,311.3377380371094,3
1770789670.16040611,189205121,0.0,-0.044376809149980545,5.0,4.628540515899658,0.0,311.24676513671875,3
1770789670.20039010,189245105,0.0,0.024183567613363266,5.0,4.36181640625,0.0,311.15716552734375,3
1770789670.24037409,189285089,0.0,0.08761439472436905,5.0,4.060140609741211,0.0,311.0723876953125,3
1770789670.28035808,189325073,0.0,0.14448826014995575,5.0,3.728482723236084,0.0,310.9911193847656,3
1770789670.32034206,189365057,0.0,0.19370533525943756,5.0,3.3770363330841064,0.0,310.9132080078125,3
1770789670.36032605,189405041,0.0,0.23400989174842834,5.0,3.016474962234497,0.0,310.8387756347656,3
1770789670.40031004,189445025,0.0,0.2648681700229645,5.0,2.6572887897491455,0.0,310.76824951171875,3
1770789670.44029403,189485009,0.0,0.2865369915962219,5.0,2.3094711303710938,0.0,310.7012634277344,3
1770789670.48027802,189524993,0.0,0.2983327805995941,5.0,1.9825611114501953,0.0,310.63818359375,3
1770789670.52026200,189564977,0.0,0.30089133977890015,5.0,1.684941291809082,0.0,310.5790710449219,3
1770789670.56024599,189604961,0.0,0.29417040944099426,5.0,1.4278351068496704,0.0,310.52392578125,3
1770789670.60022998,189644945,0.0,0.2787182629108429,5.0,1.2237367630004883,0.0,310.4725341796875,3
1770789670.64021397,189684929,0.0,0.2560168206691742,5.0,1.0802395343780518,0.0,310.425048828125,3
1770789670.68019795,189724913,0.0,0.22784626483917236,5.0,1.0000501871109009,0.0,310.3810119628906,3
1770789670.72018218,189764897,0.0,0.195960134267807,5.0,0.9820507168769836,0.0,310.34027099609375,3
1770789670.76016617,189804881,0.0,0.1624254435300827,5.0,1.0218470096588135,0.0,310.3025207519531,3
1770789670.80015016,189844865,0.0,0.12928736209869385,5.0,1.1136195659637451,0.0,310.2674560546875,3
1770789670.84013414,189884849,0.0,0.097852423787117,5.0,1.2498267889022827,0.0,310.234619140625,3
1770789670.88011813,189924833,0.0,0.06897901743650436,5.0,1.4227216243743896,0.0,310.2037048339844,3
1770789670.92010212,189964817,0.0,0.043600279837846756,5.0,1.6230554580688477,0.0,310.17474365234375,3
1770789670.96008611,190004801,0.0,0.022298160940408707,5.0,1.8414530754089355,0.0,310.1472473144531,3
1770789671.00007010,190044785,0.0,0.0056244852021336555,5.0,2.0685741901397705,0.0,310.1210632324219,3
1770789671.04005408,190084769,0.0,-0.00758637860417366,5.0,2.2942562103271484,0.0,310.0965576171875,3
1770789671.08003807,190124753,0.0,-0.017906874418258667,5.0,2.5095484256744385,0.0,310.07354736328125,3
1770789671.12002206,190164737,0.0,-0.024473052471876144,5.0,2.7069432735443115,0.0,310.0514831542969,3
1770789671.16000605,190204721,0.0,-0.02790560945868492,5.0,2.879723310470581,0.0,310.03021240234375,3
1770789671.19999003,190244705,0.0,-0.02879001572728157,5.0,3.0220489501953125,0.0,310.009521484375,3
1770789671.23997402,190284689,0.0,-0.028573965653777122,5.0,3.129790782928467,0.0,309.98992919921875,3
1770789671.27995801,190324673,0.0,-0.02765575796365738,5.0,3.200225591659546,0.0,309.97119140625,3
1770789671.31994200,190364657,0.0,-0.02555449679493904,5.0,3.2326223850250244,0.0,309.952880859375,3
1770789671.35992599,190404641,0.0,-0.022730207070708275,5.0,3.2275967597961426,0.0,309.9349060058594,3
1770789671.39990997,190444625,0.0,-0.019406074658036232,5.0,3.186502456665039,0.0,309.9173583984375,3
1770789671.43989396,190484609,0.0,-0.0161754097789526,5.0,3.1119723320007324,0.0,309.900390625,3
1770789671.47987819,190524593,0.0,-0.013323874212801456,5.0,3.0080041885375977,0.0,309.8841857910156,3
1770789671.51986217,190564577,0.0,-0.010204422287642956,5.0,2.879734516143799,0.0,309.8681640625,3
1770789671.55984616,190604561,0.0,-0.00677137915045023,5.0,2.7326855659484863,0.0,309.8524169921875,3
1770789671.59983015,190644545,0.0,-0.003166845766827464,5.0,2.5727427005767822,0.0,309.8373718261719,3
1770789671.63981414,190684529,0.0,1.6554378817090765e-05,5.0,2.405475378036499,0.0,309.8226318359375,3
1770789671.67979813,190724513,0.0,0.003001231700181961,5.0,2.2369415760040283,0.0,309.8087158203125,3
1770789671.71978211,190764497,0.0,0.0060020084492862225,5.0,2.0724406242370605,0.0,309.7951965332031,3
1770789671.75976610,190804481,0.0,0.009163330309092999,5.0,1.9150869846343994,0.0,309.7821350097656,3
1770789671.79975009,190844465,0.0,0.012445399537682533,5.0,1.7663081884384155,0.0,309.76959228515625,3
1770789671.83973408,190884449,0.0,0.015223993919789791,5.0,1.625824213027954,0.0,309.7576599121094,3
1770789671.87971807,190924433,0.0,0.017614591866731644,5.0,1.4930500984191895,0.0,309.74652099609375,3
1770789671.91970205,190964417,0.0,0.02011183649301529,5.0,1.3672075271606445,0.0,309.73583984375,3
1770789671.95968604,191004401,0.0,0.022571740671992302,5.0,1.247134804725647,0.0,309.7253723144531,3
1770789671.99967003,191044385,0.0,0.024825766682624817,5.0,1.1310921907424927,0.0,309.71551513671875,3
1770789672.03965402,191084369,0.0,0.026684701442718506,5.0,1.017351746559143,0.0,309.70635986328125,3
1770789672.07963800,191124353,0.0,0.028093790635466576,5.0,0.9040377140045166,0.0,309.6977844238281,3
1770789672.11962199,191164337,0.0,0.029475439339876175,5.0,0.7902945280075073,0.0,309.68963623046875,3
1770789672.15960598,191204321,0.0,0.030623065307736397,5.0,0.6747450232505798,0.0,309.6820068359375,3
1770789672.20042300,191245138,0.0,0.03176027536392212,5.0,0.5565276145935059,0.0,309.67474365234375,3
1770789672.24040699,191285122,0.0,0.03262287750840187,5.0,0.43410685658454895,0.0,309.6681823730469,3
1770789672.28039098,191325106,0.0,0.03323579952120781,5.0,0.30418944358825684,0.0,309.66217041015625,3
1770789672.32037497,191365090,0.0,0.033774055540561676,5.0,0.1720009446144104,0.0,309.65667724609375,3
1770789672.36035895,191405074,0.0,0.0344894602894783,5.0,0.03446178510785103,0.0,309.6515197753906,3
1770789672.40034318,191445058,0.0,0.03525756299495697,5.0,-0.1085972785949707,0.0,309.646728515625,3
1770789672.44032717,191485042,0.0,0.037419989705085754,5.0,-0.2574998140335083,0.0,309.6415710449219,3
1770789672.48031116,191525026,0.0,0.03959957882761955,5.0,-0.411955326795578,0.0,309.63677978515625,3
1770789672.52029514,191565010,0.0,0.04175945743918419,5.0,-0.5716574192047119,0.0,309.632080078125,3
1770789672.56027913,191604994,0.0,0.04417792707681656,5.0,-0.7364218831062317,0.0,309.62762451171875,3
1770789672.60026312,191644978,0.0,0.04645613580942154,5.0,-0.9058650135993958,0.0,309.6236267089844,3
1770789672.64024711,191684962,0.0,0.04950767755508423,5.0,-1.0799157619476318,0.0,309.619384765625,3
1770789672.68023109,191724946,0.0,0.05237754434347153,5.0,-1.2579567432403564,0.0,309.61553955078125,3
1770789672.72021508,191764930,0.0,0.055145662277936935,5.0,-1.4392642974853516,0.0,309.6119689941406,3
1770789672.76019907,191804914,0.0,0.057652682065963745,5.0,-1.6232613325119019,0.0,309.60888671875,3
1770789672.80018306,191844898,0.0,0.05988679453730583,5.0,-1.8095782995224,0.0,309.6061096191406,3
1770789672.84016705,191884882,0.0,0.06201135739684105,5.0,-1.9978270530700684,0.0,309.6033630371094,3
1770789672.88015103,191924866,0.0,0.06333459913730621,5.0,-2.187075614929199,0.0,309.6007995605469,3
1770789672.92013502,191964850,0.0,0.06388938426971436,5.0,-2.3767693042755127,0.0,309.5987854003906,3
1770789672.96011901,192004834,0.0,0.0634617730975151,5.0,-2.566204071044922,0.0,309.5969543457031,3
1770789673.00010300,192044818,0.0,0.06236487254500389,5.0,-2.754718780517578,0.0,309.5954284667969,3
1770789673.04008698,192084802,0.0,0.05964704975485802,5.0,-2.9422085285186768,0.0,309.5943603515625,3
1770789673.08007097,192124786,0.0,0.05547564476728439,5.0,-3.1280529499053955,0.0,309.593994140625,3
1770789673.12005496,192164770,0.0,0.05111038312315941,5.0,-3.3108890056610107,0.0,309.5938720703125,3
1770789673.16003919,192204754,0.0,0.04654483497142792,5.0,-3.4904916286468506,0.0,309.5937805175781,3
1770789673.20002317,192244738,0.0,0.04217374697327614,5.0,-3.6659932136535645,0.0,309.59405517578125,3
1770789673.24000716,192284722,0.0,0.03740609437227249,5.0,-3.8373007774353027,0.0,309.5945129394531,3
1770789673.27999115,192324706,0.0,0.03249109536409378,5.0,-4.0037455558776855,0.0,309.5953674316406,3
1770789673.31997514,192364690,0.0,0.02804696001112461,5.0,-4.164244651794434,0.0,309.5960693359375,3
1770789673.35995913,192404674,0.0,0.023792976513504982,5.0,-4.318349361419678,0.0,309.5968322753906,3
1770789673.39994311,192444658,0.0,0.020053477957844734,5.0,-4.4655375480651855,0.0,309.5974426269531,3
