timestamp,TimeUS,I,Status,GMS,GWk,NSats,HDop,Lat,Lng,Alt,Spd,GCrs,VZ,Yaw,U
1770789525.40000010,44444715,0,6,280743400,2405,10,1.21,-35.3632622,149.1652374,584.09,0.0,228.36672973632812,0.0,0.0,1
1770789525.59992003,44644635,0,6,280743600,2405,10,1.21,-35.3632622,149.1652374,584.09,0.0,228.36672973632812,0.0,0.0,1
1770789525.79983997,44844555,0,6,280743800,2405,10,1.21,-35.3632622,149.1652374,584.09,0.0,228.36672973632812,0.0,0.0,1
1770789525.99976015,45044475,0,6,280744000,2405,10,1.21,-35.3632622,149.1652374,584.09,0.0,228.36672973632812,0.0,0.0,1
1770789526.19968009,45244395,0,6,280744200,2405,10,1.21,-35.3632622,149.1652374,584.09,0.0,228.36672973632812,0.0,0.0,1
1770789526.39960003,45444315,0,6,280744400,2405,10,1.21,-35.3632622,149.1652374,584.09,0.0,228.36672973632812,0.0,0.0,1
1770789526.58036113,45625076,0,6,280744600,2405,10,1.21,-35.3632622,149.1652374,584.09,0.0,228.36672973632812,0.0,0.0,1
1770789526.78028107,45824996,0,6,280744800,2405,10,1.21,-35.3632622,149.1652374,584.09,0.0,228.36672973632812,0.0,0.0,1
1770789526.98020101,46024916,0,6,280745000,2405,10,1.21,-35.3632622,149.1652374,584.09,0.0,228.36672973632812,0.0,0.0,1
1770789527.18012118,46224836,0,6,280745200,2405,10,1.21,-35.3632622,149.1652374,584.09,0.0,228.36672973632812,0.0,0.0,1
1770789527.40003300,46444748,0,6,280745400,2405,10,1.21,-35.3632622,149.1652374,584.09,0.0,228.36672973632812,0.0,0.0,1
1770789527.59995317,46644668,0,6,280745600,2405,10,1.21,-35.3632622,149.1652374,584.09,0.0,228.36672973632812,0.0,0.0,1
1770789527.79987311,46844588,0,6,280745800,2405,10,1.21,-35.3632622,149.1652374,584.09,0.0,228.36672973632812,0.0,0.0,1
1770789527.99979305,47044508,0,6,280746000,2405,10,1.21,-35.3632622,149.1652374,584.09,0.0,228.36672973632812,0.0,0.0,1
1770789528.19971299,47244428,0,6,280746200,2405,10,1.21,-35.3632622,149.1652374,584.09,0.0,228.36672973632812,0.0,0.0,1
1770789528.39963317,47444348,0,6,280746400,2405,10,1.21,-35.3632622,149.1652374,584.09,0.0,228.36672973632812,0.0,0.0,1
1770789528.58039403,47625109,0,6,280746600,2405,10,1.21,-35.3632622,149.1652374,584.09,0.0,228.36672973632812,0.0,0.0,1
1770789528.78031397,47825029,0,6,280746800,2405,10,1.21,-35.3632622,149.1652374,584.09,0.0,228.36672973632812,0.0,0.0,1
1770789528.98023415,48024949,0,6,280747000,2405,10,1.21,-35.3632622,149.1652374,584.09,0.0,228.36672973632812,0.0,0.0,1
1770789529.18015409,48224869,0,6,280747200,2405,10,1.21,-35.3632622,149.1652374,584.09,0.0,228.36672973632812,0.0,0.0,1
1770789529.40006614,48444781,0,6,280747400,2405,10,1.21,-35.3632622,149.1652374,584.09,0.0,228.36672973632812,0.0,0.0,1
1770789529.59998608,48644701,0,6,280747600,2405,10,1.21,-35.3632622,149.1652374,584.09,0.0,228.36672973632812,0.0,0.0,1
1770789529.79990602,48844621,0,6,280747800,2405,10,1.21,-35.3632622,149.1652374,584.09,0.0,228.36672973632812,0.0,0.0,1
1770789529.99982595,49044541,0,6,280748000,2405,10,1.21,-35.3632622,149.1652374,584.09,0.0,228.36672973632812,0.0,0.0,1
1770789530.19974613,49244461,0,6,280748200,2405,10,1.21,-35.3632622,149.1652374,584.09,0.0,228.36672973632812,0.0,0.0,1
1770789530.39966607,49444381,0,6,280748400,2405,10,1.21,-35.3632622,149.1652374,584.09,0.0,228.36672973632812,0.0,0.0,1
1770789530.58042717,49625142,0,6,280748600,2405,10,1.21,-35.3632622,149.1652374,584.09,0.0,228.36672973632812,0.0,0.0,1
1770789530.78034711,49825062,0,6,280748800,2405,10,1.21,-35.3632622,149.1652374,584.09,0.0,228.36672973632812,0.0,0.0,1
1770789530.98026705,50024982,0,6,280749000,2405,10,1.21,-35.3632622,149.1652374,584.09,0.0,228.36672973632812,0.0,0.0,1
1770789531.18018699,50224902,0,6,280749200,2405,10,1.21,-35.3632622,149.1652374,584.09,0.0,228.36672973632812,0.0,0.0,1
1770789531.40009904,50444814,0,6,280749400,2405,10,1.21,-35.3632622,149.1652374,584.09,0.0,228.36672973632812,0.0,0.0,1
1770789531.60001898,50644734,0,6,280749600,2405,10,1.21,-35.3632622,149.1652374,584.09,0.0,228.36672973632812,0.0,0.0,1
1770789531.79993916,50844654,0,6,280749800,2405,10,1.21,-35.3632622,149.1652374,584.09,0.0,228.36672973632812,0.0,0.0,1
1770789531.99985909,51044574,0,6,280750000,2405,10,1.21,-35.3632622,149.1652374,584.09,0.0,228.36672973632812,0.0,0.0,1
1770789532.19977903,51244494,0,6,280750200,2405,10,1.21,-35.3632622,149.1652374,584.09,0.0,228.36672973632812,0.0,0.0,1
1770789532.39969897,51444414,0,6,280750400,2405,10,1.21,-35.3632622,149.1652374,584.09,0.0,228.36672973632812,0.0,0.0,1
1770789532.59961915,51644334,0,6,280750600,2405,10,1.21,-35.3632622,149.1652374,584.09,0.0,228.36672973632812,0.0,0.0,1
1770789532.78038001,51825095,0,6,280750800,2405,10,1.21,-35.3632622,149.1652374,584.09,0.0,228.36672973632812,0.0,0.0,1
1770789532.98030019,52025015,0,6,280751000,2405,10,1.21,-35.3632622,149.1652374,584.09,0.0,228.36672973632812,0.0,0.0,1
1770789533.18022013,52224935,0,6,280751200,2405,10,1.21,-35.3632622,149.1652374,584.09,0.0,228.36672973632812,0.0,0.0,1
1770789533.38014007,52424855,0,6,280751400,2405,10,1.21,-35.3632622,149.1652374,584.09,0.0,228.36672973632812,0.0,0.0,1
1770789533.60005212,52644767,0,6,280751600,2405,10,1.21,-35.3632622,149.1652374,584.09,0.0,228.36672973632812,0.0,0.0,1
1770789533.79997206,52844687,0,6,280751800,2405,10,1.21,-35.3632622,149.1652374,584.09,0.0,228.36672973632812,0.0,0.0,1
1770789533.99989200,53044607,0,6,280752000,2405,10,1.21,-35.3632622,149.1652374,584.09,0.0,228.36672973632812,0.0,0.0,1
1770789534.19981217,53244527,0,6,280752200,2405,10,1.21,-35.3632622,149.1652374,584.09,0.0,228.36672973632812,0.0,0.0,1
1770789534.39973211,53444447,0,6,280752400,2405,10,1.21,-35.3632622,149.1652374,584.09,0.0,228.36672973632812,0.0,0.0,1
1770789534.59965205,53644367,0,6,280752600,2405,10,1.21,-35.3632622,149.1652374,584.09,0.0,228.36672973632812,0.0,0.0,1
1770789534.78041315,53825128,0,6,280752800,2405,10,1.21,-35.3632622,149.1652374,584.09,0.0,228.36672973632812,0.0,0.0,1
1770789534.98033309,54025048,0,6,280753000,2405,10,1.21,-35.3632622,149.1652374,584.09,0.0,228.36672973632812,0.0,0.0,1
1770789535.18025303,54224968,0,6,280753200,2405,10,1.21,-35.3632622,149.1652374,584.09,0.0,228.36672973632812,0.0,0.0,1
1770789535.38017297,54424888,0,6,280753400,2405,10,1.21,-35.3632622,149.1652374,584.09,0.0,228.36672973632812,0.0,0.0,1
1770789535.60008502,54644800,0,6,280753600,2405,10,1.21,-35.3632622,149.1652374,584.09,0.0,228.36672973632812,0.0,0.0,1
1770789535.80000496,54844720,0,6,280753800,2405,10,1.21,-35.3632622,149.1652374,584.09,0.0,228.36672973632812,0.0,0.0,1
1770789535.99992514,55044640,0,6,280754000,2405,10,1.21,-35.3632622,149.1652374,584.09,0.0,228.36672973632812,0.0,0.0,1
1770789536.19984508,55244560,0,6,280754200,2405,10,1.21,-35.3632622,149.1652374,584.09,0.0,228.36672973632812,0.0,0.0,1
1770789536.39976501,55444480,0,6,280754400,2405,10,1.21,-35.3632622,149.1652374,584.09,0.0,228.36672973632812,0.0,0.0,1
1770789536.59968495,55644400,0,6,280754600,2405,10,1.21,-35.3632622,149.1652374,584.09,0.0,228.36672973632812,0.0,0.0,1
1770789536.79960513,55844320,0,6,280754800,2405,10,1.21,-35.3632622,149.1652374,584.09,0.0,228.36672973632812,0.0,0.0,1
1770789536.98036599,56025081,0,6,280755000,2405,10,1.21,-35.3632622,149.1652374,584.09,0.0,228.36672973632812,0.0,0.0,1
1770789537.18028617,56225001,0,6,280755200,2405,10,1.21,-35.3632622,149.1652374,584.09,0.0,228.36672973632812,0.0,0.0,1
1770789537.38020611,56424921,0,6,280755400,2405,10,1.21,-35.3632622,149.1652374,584.09,0.0,228.36672973632812,0.0,0.0,1
1770789537.58012605,56624841,0,6,280755600,2405,10,1.21,-35.3632622,149.1652374,584.09,0.0,228.36672973632812,0.0,0.0,1
1770789537.80003810,56844753,0,6,280755800,2405,10,1.21,-35.3632622,149.1652374,584.09,0.0,228.36672973632812,0.0,0.0,1
1770789537.99995804,57044673,0,6,280756000,2405,10,1.21,-35.3632622,149.1652374,584.09,0.0,228.36672973632812,0.0,0.0,1
1770789538.19987798,57244593,0,6,280756200,2405,10,1.21,-35.3632622,149.1652374,584.09,0.0,228.36672973632812,0.0,0.0,1
1770789538.39979815,57444513,0,6,280756400,2405,10,1.21,-35.3632622,149.1652374,584.09,0.0,228.36672973632812,0.0,0.0,1
1770789538.59971809,57644433,0,6,280756600,2405,10,1.21,-35.3632622,149.1652374,584.09,0.0,228.36672973632812,0.0,0.0,1
1770789538.79963803,57844353,0,6,280756800,2405,10,1.21,-35.3632622,149.1652374,584.09,0.0,228.36672973632812,0.0,0.0,1
1770789538.98039913,58025114,0,6,280757000,2405,10,1.21,-35.3632622,149.1652374,584.09,0.0,228.36672973632812,0.0,0.0,1
1770789539.18031907,58225034,0,6,280757200,2405,10,1.21,-35.3632622,149.1652374,584.09,0.0,228.36672973632812,0.0,0.0,1
1770789539.38023901,58424954,0,6,280757400,2405,10,1.21,-35.3632622,149.1652374,584.09,0.0,228.36672973632812,0.0,0.0,1
1770789539.58015919,58624874,0,6,280757600,2405,10,1.21,-35.3632622,149.1652374,584.09,0.0,228.36672973632812,0.0,0.0,1
1770789539.80007100,58844786,0,6,280757800,2405,10,1.21,-35.3632622,149.1652374,584.09,0.0,228.36672973632812,0.0,0.0,1
1770789539.99999118,59044706,0,6,280758000,2405,10,1.21,-35.3632622,149.1652374,584.09,0.0,228.36672973632812,0.0,0.0,1
1770789540.19991112,59244626,0,6,280758200,2405,10,1.21,-35.3632622,149.1652374,584.09,0.0,228.36672973632812,0.0,0.0,1
1770789540.39983106,59444546,0,6,280758400,2405,10,1.21,-35.3632622,149.1652374,584.09,0.0,228.36672973632812,0.0,0.0,1
1770789540.59975100,59644466,0,6,280758600,2405,10,1.21,-35.3632622,149.1652374,584.09,0.0,228.36672973632812,0.0,0.0,1
1770789540.79967117,59844386,0,6,280758800,2405,10,1.21,-35.3632622,149.1652374,584.09,0.0,228.36672973632812,0.0,0.0,1
1770789541.00042415,60045139,0,6,280759000,2405,10,1.21,-35.3632622,149.1652374,584.09,0.0,228.36672973632812,0.0,0.0,1
1770789541.18035197,60225067,0,6,280759200,2405,10,1.21,-35.3632622,149.1652374,584.09,0.0,228.36672973632812,0.0,0.0,1
1770789541.38027215,60424987,0,6,280759400,2405,10,1.21,-35.3632622,149.1652374,584.09,0.0,228.36672973632812,0.0,0.0,1
1770789541.58019209,60624907,0,6,280759600,2405,10,1.21,-35.3632622,149.1652374,584.09,0.0,228.36672973632812,0.0,0.0,1
1770789541.80010414,60844819,0,6,280759800,2405,10,1.21,-35.3632622,149.1652374,584.09,0.0,228.36672973632812,0.0,0.0,1
1770789542.00002408,61044739,0,6,280760000,2405,10,1.21,-35.3632622,149.1652374,584.09,0.0,228.36672973632812,0.0,0.0,1
1770789542.19994402,61244659,0,6,280760200,2405,10,1.21,-35.3632622,149.1652374,584.09,0.0,228.36672973632812,0.0,0.0,1
1770789542.39986396,61444579,0,6,280760400,2405,10,1.21,-35.3632622,149.1652374,584.09,0.0,228.36672973632812,0.0,0.0,1
1770789542.59978414,61644499,0,6,280760600,2405,10,1.21,-35.3632622,149.1652374,584.09,0.0,228.36672973632812,0.0,0.0,1
1770789542.79970407,61844419,0,6,280760800,2405,10,1.21,-35.3632622,149.1652374,584.09,0.0,228.36672973632812,0.0,0.0,1
1770789542.99962401,62044339,0,6,280761000,2405,10,1.21,-35.3632622,149.1652374,584.09,0.0,228.36672973632812,0.0,0.0,1
1770789543.18038511,62225100,0,6,280761200,2405,10,1.21,-35.3632622,149.1652374,584.09,0.0,228.36672973632812,0.0,0.0,1
1770789543.38030505,62425020,0,6,280761400,2405,10,1.21,-35.3632622,149.1652374,584.09,0.0,228.36672973632812,0.0,0.0,1
1770789543.58022499,62624940,0,6,280761600,2405,10,1.21,-35.3632622,149.1652374,584.09,0.0,228.36672973632812,0.0,0.0,1
1770789543.78014517,62824860,0,6,280761800,2405,10,1.21,-35.3632622,149.1652374,584.09,0.0,228.36672973632812,0.0,0.0,1
1770789544.00005698,63044772,0,6,280762000,2405,10,1.21,-35.3632622,149.1652374,584.09,0.0,228.36672973632812,0.0,0.0,1
1770789544.19997716,63244692,0,6,280762200,2405,10,1.21,-35.3632622,149.1652374,584.09,0.0,228.36672973632812,0.0,0.0,1
1770789544.39989710,63444612,0,6,280762400,2405,10,1.21,-35.3632622,149.1652374,584.09,0.0,228.36672973632812,0.0,0.0,1
1770789544.59981704,63644532,0,6,280762600,2405,10,1.21,-35.3632622,149.1652374,584.09,0.0,228.36672973632812,0.0,0.0,1
1770789544.79973698,63844452,0,6,280762800,2405,10,1.21,-35.3632622,149.1652374,584.09,0.0,228.36672973632812,0.0,0.0,1
1770789544.99965715,64044372,0,6,280763000,2405,10,1.21,-35.3632622,149.1652374,584.09,0.0,228.36672973632812,0.0,0.0,1
1770789545.18041801,64225133,0,6,280763200,2405,10,1.21,-35.3632622,149.1652374,584.09,0.0,228.36672973632812,0.0,0.0,1
1770789545.38033795,64425053,0,6,280763400,2405,10,1.21,-35.3632622,149.1652374,584.09,0.0,228.36672973632812,0.0,0.0,1
1770789545.58025813,64624973,0,6,280763600,2405,10,1.21,-35.3632622,149.1652374,584.09,0.0,228.36672973632812,0.0,0.0,1
1770789545.78017807,64824893,0,6,280763800,2405,10,1.21,-35.3632622,149.1652374,584.09,0.0,228.36672973632812,0.0,0.0,1
1770789546.00009012,65044805,0,6,280764000,2405,10,1.21,-35.3632622,149.1652374,584.09,0.0,228.36672973632812,0.0,0.0,1
1770789546.20001006,65244725,0,6,280764200,2405,10,1.21,-35.3632622,149.1652374,584.09,0.0,228.36672973632812,0.0,0.0,1
1770789546.39993000,65444645,0,6,280764400,2405,10,1.21,-35.3632622,149.1652374,584.09,0.0,228.36672973632812,0.0,0.0,1
1770789546.59985018,65644565,0,6,280764600,2405,10,1.21,-35.3632622,149.1652374,584.09,0.0,228.36672973632812,0.0,0.0,1
1770789546.79977012,65844485,0,6,280764800,2405,10,1.21,-35.3632622,149.1652374,584.09,0.0,228.36672973632812,0.0,0.0,1
1770789546.99969006,66044405,0,6,280765000,2405,10,1.21,-35.3632622,149.1652374,584.09,0.0,228.36672973632812,0.0,0.0,1
1770789547.19960999,66244325,0,6,280765200,2405,10,1.21,-35.3632622,149.1652374,584.09,0.0,228.36672973632812,0.0,0.0,1
1770789547.38037109,66425086,0,6,280765400,2405,10,1.21,-35.3632622,149.1652374,584.09,0.0,228.36672973632812,0.0,0.0,1
1770789547.58029103,66625006,0,6,280765600,2405,10,1.21,-35.3632622,149.1652374,584.09,0.0,228.36672973632812,0.0,0.0,1
1770789547.78021097,66824926,0,6,280765800,2405,10,1.21,-35.3632622,149.1652374,584.09,0.0,228.36672973632812,0.0,0.0,1
1770789547.98013115,67024846,0,6,280766000,2405,10,1.21,-35.3632622,149.1652374,584.09,0.0,228.36672973632812,0.0,0.0,1
1770789548.20004296,67244758,0,6,280766200,2405,10,1.21,-35.3632622,149.1652374,584.09,0.0,228.36672973632812,0.0,0.0,1
1770789548.39996314,67444678,0,6,280766400,2405,10,1.21,-35.3632622,149.1652374,584.09,0.0,228.36672973632812,0.0,0.0,1
1770789548.59988308,67644598,0,6,280766600,2405,10,1.21,-35.3632622,149.1652374,584.09,0.0,228.36672973632812,0.0,0.0,1
1770789548.79980302,67844518,0,6,280766800,2405,10,1.21,-35.3632622,149.1652374,584.09,0.04200000315904617,352.9884948730469,0.0,0.0,1
1770789548.99972296,68044438,0,6,280767000,2405,10,1.21,-35.363262,149.1652374,584.09,0.3150000274181366,352.9814147949219,0.0,0.0,1
1770789549.19964314,68244358,0,6,280767200,2405,10,1.21,-35.3632609,149.1652372,584.09,1.0130000114440918,353.0111999511719,-0.006000000052154064,0.0,1
1770789549.38040400,68425119,0,6,280767400,2405,10,1.21,-35.3632581,149.1652368,584.1,2.184000015258789,353.0076599121094,-0.018000001087784767,0.0,1
1770789549.58032417,68625039,0,6,280767600,2405,10,1.21,-35.3632528,149.165236,584.1,3.807000160217285,352.9894104003906,-0.03500000014901161,0.0,1
1770789549.78024411,68824959,0,6,280767800,2405,10,1.21,-35.3632443,149.1652347,584.11,5.7960004806518555,352.994873046875,-0.058000002056360245,0.0,1
1770789549.98016405,69024879,0,6,280768000,2405,10,1.21,-35.3632321,149.1652329,584.12,7.909000396728516,353.0027160644531,-0.08400000631809235,0.0,1
1770789550.20007610,69244791,0,6,280768200,2405,10,1.21,-35.3632161,149.1652305,584.14,9.914000511169434,352.996826171875,-0.11000000685453415,0.0,1
1770789550.39999604,69444711,0,6,280768400,2405,10,1.21,-35.3631968,149.1652275,584.17,11.72800064086914,352.996826171875,-0.1550000011920929,0.0,1
1770789550.59991598,69644631,0,6,280768600,2405,10,1.21,-35.3631744,149.1652242,584.21,13.326000213623047,352.99847412109375,-0.2460000067949295,0.0,1
1770789550.79983616,69844551,0,6,280768800,2405,10,1.21,-35.3631494,149.1652204,584.27,14.7160005569458,352.99609375,-0.30000001192092896,0.0,1
1770789550.99975610,70044471,0,6,280769000,2405,10,1.21,-35.3631221,149.1652163,584.32,15.915000915527344,353.0008544921875,-0.2850000262260437,0.0,1
1770789551.19967604,70244391,0,6,280769200,2405,10,1.21,-35.3630926,149.1652118,584.39,17.142000198364258,352.99884033203125,-0.4790000319480896,0.0,1
1770789551.39959598,70444311,0,6,280769400,2405,10,1.21,-35.363061,149.1652071,584.69,18.222000122070312,352.9578857421875,-2.9210002422332764,0.0,1
1770789551.58035707,70625072,0,6,280769600,2405,10,1.21,-35.3630282,149.1652021,585.68,18.532001495361328,352.9044189453125,-6.871000289916992,0.0,1
1770789551.78027701,70824992,0,6,280769800,2405,10,1.21,-35.3629949,149.165197,587.26,19.001001358032227,352.8792419433594,-8.396000862121582,0.0,1
1770789551.98019719,71024912,0,6,280770000,2405,10,1.21,-35.3629599,149.1651916,588.86,20.402000427246094,352.8548278808594,-7.324000358581543,0.0,1
1770789552.20010900,71244824,0,6,280770200,2405,10,1.21,-35.3629221,149.1651858,590.19,21.838001251220703,352.8086242675781,-6.1650004386901855,0.0,1
1770789552.40002918,71444744,0,6,280770400,2405,10,1.21,-35.3628822,149.1651796,591.42,22.7450008392334,352.7890319824219,-6.413000106811523,0.0,1
1770789552.59994912,71644664,0,6,280770600,2405,10,1.21,-35.3628412,149.1651733,592.82,23.205001831054688,352.8006896972656,-7.585000514984131,0.0,1
1770789552.79986906,71844584,0,6,280770800,2405,10,1.21,-35.3627996,149.1651668,594.44,23.54800033569336,352.8479919433594,-8.53700065612793,0.0,1
1770789552.99978900,72044504,0,6,280771000,2405,10,1.21,-35.3627572,149.1651604,596.19,24.00400161743164,352.90740966796875,-8.838000297546387,0.0,1
1770789553.19970918,72244424,0,6,280771200,2405,10,1.21,-35.3627139,149.1651538,597.94,24.564001083374023,352.90814208984375,-8.713000297546387,0.0,1
1770789553.39962912,72444344,0,6,280771400,2405,10,1.21,-35.3626697,149.165147,599.67,25.0830020904541,352.8948059082031,-8.598999977111816,0.0,1
1770789553.58038998,72625105,0,6,280771600,2405,10,1.21,-35.3626247,149.1651401,601.4,25.453001022338867,352.86773681640625,-8.75100040435791,0.0,1
1770789553.78031015,72825025,0,6,280771800,2405,10,1.21,-35.3625791,149.1651331,603.18,25.70100212097168,352.8294677734375,-9.058000564575195,0.0,1
1770789553.98023009,73024945,0,6,280772000,2405,10,1.21,-35.3625331,149.165126,605.02,25.910001754760742,352.8435974121094,-9.315000534057617,0.0,1
1770789554.18015003,73224865,0,6,280772200,2405,10,1.21,-35.3624867,149.1651189,606.89,26.137001037597656,352.90216064453125,-9.417000770568848,0.0,1
1770789554.40006208,73444777,0,6,280772400,2405,10,1.21,-35.3624398,149.1651117,608.79,26.349000930786133,352.9358215332031,-9.464000701904297,0.0,1
1770789554.59998202,73644697,0,6,280772600,2405,10,1.21,-35.3623926,149.1651046,610.69,26.50400161743164,352.9083251953125,-9.581000328063965,0.0,1
1770789554.79990196,73844617,0,6,280772800,2405,10,1.21,-35.3623452,149.1650973,612.62,26.63300132751465,352.8778381347656,-9.692000389099121,0.0,1
1770789554.99982214,74044537,0,6,280773000,2405,10,1.21,-35.3622977,149.16509,614.56,26.766000747680664,352.8844299316406,-9.721000671386719,0.0,1
1770789555.19974208,74244457,0,6,280773200,2405,10,1.21,-35.3622498,149.1650827,616.51,26.898000717163086,352.8824768066406,-9.72700023651123,0.0,1
1770789555.39966202,74444377,0,6,280773400,2405,10,1.21,-35.3622018,149.1650753,618.45,27.012001037597656,352.8886413574219,-9.75,0.0,1
1770789555.58042312,74625138,0,6,280773600,2405,10,1.21,-35.3621536,149.165068,620.41,27.100000381469727,352.9159240722656,-9.789000511169434,0.0,1
1770789555.78034306,74825058,0,6,280773800,2405,10,1.21,-35.3621052,149.1650607,622.37,27.192001342773438,352.9295654296875,-9.78700065612793,0.0,1
1770789555.98026299,75024978,0,6,280774000,2405,10,1.21,-35.3620566,149.1650533,624.32,27.270000457763672,352.96484375,-9.802000045776367,0.0,1
1770789556.18018317,75224898,0,6,280774200,2405,10,1.21,-35.362008,149.1650459,626.29,27.303001403808594,352.9947204589844,-9.905000686645508,0.0,1
1770789556.40009499,75444810,0,6,280774400,2405,10,1.21,-35.3619592,149.1650386,628.27,27.36800193786621,353.0186462402344,-9.883000373840332,0.0,1
1770789556.60001516,75644730,0,6,280774600,2405,10,1.21,-35.3619101,149.1650313,630.23,27.531002044677734,353.02685546875,-9.599000930786133,0.0,1
1770789556.79993510,75844650,0,6,280774800,2405,10,1.21,-35.3618609,149.1650238,632.11,27.75800132751465,352.9959716796875,-9.180000305175781,0.0,1
1770789556.99985504,76044570,0,6,280775000,2405,10,1.21,-35.3618112,149.1650163,633.9,27.996002197265625,352.9913024902344,-8.772000312805176,0.0,1
1770789557.19977498,76244490,0,6,280775200,2405,10,1.21,-35.3617611,149.1650087,635.61,28.240001678466797,352.932861328125,-8.302000045776367,0.0,1
1770789557.39969516,76444410,0,6,280775400,2405,10,1.21,-35.3617105,149.1650012,637.2,28.535001754760742,353.2135314941406,-7.4860005378723145,0.0,1
1770789557.59961510,76644330,0,6,280775600,2405,10,1.21,-35.3616593,149.1649941,638.57,28.88500213623047,353.85015869140625,-6.164000511169434,0.0,1
1770789557.78037596,76825091,0,6,280775800,2405,10,1.21,-35.3616074,149.1649875,639.67,29.14000129699707,354.4419860839844,-4.98900032043457,0.0,1
1770789557.98029613,77025011,0,6,280776000,2405,10,1.21,-35.3615553,149.1649817,640.63,29.14200210571289,355.22198486328125,-4.715000152587891,0.0,1
1770789558.18021607,77224931,0,6,280776200,2405,10,1.21,-35.3615032,149.1649769,641.58,28.98000144958496,356.0238037109375,-4.779000282287598,0.0,1
1770789558.38013601,77424851,0,6,280776400,2405,10,1.21,-35.3614514,149.1649727,642.49,28.856000900268555,356.3455810546875,-4.116000175476074,0.0,1
1770789558.60004807,77644763,0,6,280776600,2405,10,1.21,-35.3613996,149.1649686,643.17,28.798002243041992,356.2833251953125,-2.7080001831054688,0.0,1
1770789558.79996800,77844683,0,6,280776800,2405,10,1.21,-35.361348,149.1649645,643.58,28.681001663208008,356.39190673828125,-1.5690001249313354,0.0,1
1770789558.99988818,78044603,0,6,280777000,2405,10,1.21,-35.3612967,149.1649608,643.86,28.45600128173828,356.9085998535156,-1.2090001106262207,0.0,1
1770789559.19980812,78244523,0,6,280777200,2405,10,1.21,-35.3612459,149.1649578,644.08,28.154001235961914,357.5256652832031,-1.0640000104904175,0.0,1
1770789559.39972806,78444443,0,6,280777400,2405,10,1.21,-35.3611957,149.1649554,644.25,27.82000160217285,357.88018798828125,-0.4700000286102295,0.0,1
1770789559.59964800,78644363,0,6,280777600,2405,10,1.21,-35.3611461,149.1649532,644.24,27.46900177001953,358.0123291015625,0.5180000066757202,0.0,1
1770789559.78040910,78825124,0,6,280777800,2405,10,1.21,-35.3610971,149.1649512,644.05,27.09800148010254,358.21527099609375,1.3030000925064087,0.0,1
1770789559.98032904,79025044,0,6,280778000,2405,10,1.21,-35.3610488,149.1649495,643.76,26.70600128173828,358.6100769042969,1.6050000190734863,0.0,1
1770789560.18024898,79224964,0,6,280778200,2405,10,1.21,-35.3610013,149.1649483,643.42,26.270000457763672,359.0379943847656,1.7930001020431519,0.0,1
1770789560.38016915,79424884,0,6,280778400,2405,10,1.21,-35.3609545,149.1649475,643.02,25.781002044677734,359.33880615234375,2.259000062942505,0.0,1
1770789560.60008097,79644796,0,6,280778600,2405,10,1.21,-35.3609086,149.1649469,642.5,25.25800132751465,359.5434265136719,2.9030001163482666,0.0,1
1770789560.80000114,79844716,0,6,280778800,2405,10,1.21,-35.3608636,149.1649466,641.87,24.764001846313477,359.77154541015625,3.385000228881836,0.0,1
1770789560.99992108,80044636,0,6,280779000,2405,10,1.21,-35.3608195,149.1649465,641.17,24.362001419067383,0.07372000068426132,3.5930001735687256,0.0,1
1770789561.19984102,80244556,0,6,280779200,2405,10,1.21,-35.360776,149.1649467,640.44,24.071001052856445,0.4191799759864807,3.619000196456909,0.0,1
1770789561.39976096,80444476,0,6,280779400,2405,10,1.21,-35.360733,149.1649472,639.73,23.878000259399414,0.7718200087547302,3.5250000953674316,0.0,1
1770789561.59968114,80644396,0,6,280779600,2405,10,1.21,-35.3606902,149.1649481,639.04,23.764001846313477,1.1120699644088745,3.3650002479553223,0.0,1
1770789561.79960108,80844316,0,6,280779800,2405,10,1.21,-35.3606476,149.1649493,638.38,23.71200180053711,1.4208999872207642,3.1590001583099365,0.0,1
1770789561.98036218,81025077,0,6,280780000,2405,10,1.21,-35.3606051,149.1649507,637.78,23.705001831054688,1.6975899934768677,2.9230000972747803,0.0,1
1770789562.18028212,81224997,0,6,280780200,2405,10,1.21,-35.3605625,149.1649524,637.22,23.731000900268555,1.9409599304199219,2.692000150680542,0.0,1
1770789562.38020205,81424917,0,6,280780400,2405,10,1.21,-35.3605198,149.1649542,636.7,23.791000366210938,2.1451399326324463,2.447000026702881,0.0,1
1770789562.58012199,81624837,0,6,280780600,2405,10,1.21,-35.3604771,149.1649562,636.24,23.87700080871582,2.329969882965088,2.180999994277954,0.0,1
1770789562.80003405,81844749,0,6,280780800,2405,10,1.21,-35.360434,149.1649585,635.83,23.972002029418945,2.5057199001312256,1.8870000839233398,0.0,1
1770789562.99995399,82044669,0,6,280781000,2405,10,1.21,-35.3603909,149.1649609,635.48,24.06300163269043,2.678149938583374,1.5770000219345093,0.0,1
1770789563.19987416,82244589,0,6,280781200,2405,10,1.21,-35.3603476,149.1649635,635.2,24.14000129699707,2.8169000148773193,1.3020000457763672,0.0,1
1770789563.39979410,82444509,0,6,280781400,2405,10,1.21,-35.3603042,149.1649661,634.95,24.202001571655273,2.9228999614715576,1.1160000562667847,0.0,1
1770789563.59971404,82644429,0,6,280781600,2405,10,1.21,-35.3602608,149.1649689,634.74,24.25400161743164,3.0356500148773193,1.0110000371932983,0.0,1
1770789563.79963398,82844349,0,6,280781800,2405,10,1.21,-35.3602173,149.1649718,634.55,24.295001983642578,3.1373698711395264,0.8970000147819519,0.0,1
1770789563.98039508,83025110,0,6,280782000,2405,10,1.21,-35.3601737,149.1649747,634.39,24.326000213623047,3.2149899005889893,0.7350000143051147,0.0,1
1770789564.18031502,83225030,0,6,280782200,2405,10,1.21,-35.36013,149.1649778,634.26,24.350000381469727,3.274819850921631,0.609000027179718,0.0,1
1770789564.38023496,83424950,0,6,280782400,2405,10,1.21,-35.3600864,149.1649808,634.14,24.36800193786621,3.3288400173187256,0.5370000004768372,0.0,1
1770789564.58015513,83624870,0,6,280782600,2405,10,1.21,-35.3600427,149.164984,634.04,24.37900161743164,3.3956499099731445,0.44200003147125244,0.0,1
1770789564.80006719,83844782,0,6,280782800,2405,10,1.21,-35.3599989,149.1649872,633.97,24.381000518798828,3.4607698917388916,0.32500001788139343,0.0,1
1770789564.99998713,84044702,0,6,280783000,2405,10,1.21,-35.3599551,149.1649905,633.91,24.375001907348633,3.502120018005371,0.2600000202655792,0.0,1
1770789565.19990706,84244622,0,6,280783200,2405,10,1.21,-35.3599114,149.1649938,633.86,24.365001678466797,3.5249698162078857,0.24000000953674316,0.0,1
1770789565.39982700,84444542,0,6,280783400,2405,10,1.21,-35.3598677,149.1649971,633.81,24.351001739501953,3.5570600032806396,0.22100001573562622,0.0,1
1770789565.59974718,84644462,0,6,280783600,2405,10,1.21,-35.3598241,149.1650005,633.77,24.33700180053711,3.5976200103759766,0.20400001108646393,0.0,1
1770789565.79966712,84844382,0,6,280783800,2405,10,1.21,-35.3597805,149.1650038,633.73,24.323001861572266,3.6282799243927,0.18900001049041748,0.0,1
1770789566.00042009,85045135,0,6,280784000,2405,10,1.21,-35.3597369,149.1650072,633.69,24.30500030517578,3.6550400257110596,0.14600001275539398,0.0,1
1770789566.18034816,85225063,0,6,280784200,2405,10,1.21,-35.3596934,149.1650106,633.67,24.286001205444336,3.667369842529297,0.10200000554323196,0.0,1
1770789566.38026810,85424983,0,6,280784400,2405,10,1.21,-35.3596498,149.1650141,633.65,24.26700210571289,3.67290997505188,0.12700000405311584,0.0,1
1770789566.58018804,85624903,0,6,280784600,2405,10,1.21,-35.3596064,149.1650174,633.62,24.253000259399414,3.680339813232422,0.18200001120567322,0.0,1
1770789566.80010009,85844815,0,6,280784800,2405,10,1.21,-35.3595628,149.1650209,633.58,24.24100112915039,3.687849998474121,0.16100001335144043,0.0,1
1770789567.00002003,86044735,0,6,280785000,2405,10,1.21,-35.3595193,149.1650244,633.56,24.22300148010254,3.711319923400879,0.06400000303983688,0.0,1
1770789567.19993997,86244655,0,6,280785200,2405,10,1.21,-35.3594759,149.165028,633.56,24.23200035095215,4.407139778137207,-0.0860000029206276,0.0,1
1770789567.39986014,86444575,0,6,280785400,2405,10,1.21,-35.3594325,149.1650329,633.65,24.297000885009766,6.12978982925415,-1.0450000762939453,0.0,1
1770789567.59978008,86644495,0,6,280785600,2405,10,1.21,-35.3593892,149.1650394,634.04,24.257001876831055,7.91241979598999,-2.8950002193450928,0.0,1
1770789567.79970002,86844415,0,6,280785800,2405,10,1.21,-35.3593463,149.1650474,634.77,24.09600067138672,9.205820083618164,-4.223999977111816,0.0,1
1770789567.99961996,87044335,0,6,280786000,2405,10,1.21,-35.3593037,149.1650563,635.65,24.035001754760742,10.140049934387207,-4.365000247955322,0.0,1
1770789568.18038106,87225096,0,6,280786200,2405,10,1.21,-35.3592612,149.1650659,636.47,24.08700180053711,10.823929786682129,-3.879000186920166,0.0,1
1770789568.38030100,87425016,0,6,280786400,2405,10,1.21,-35.3592187,149.1650762,637.2,24.14000129699707,11.393739700317383,-3.4740002155303955,0.0,1
1770789568.58022118,87624936,0,6,280786600,2405,10,1.21,-35.3591763,149.1650869,637.89,24.132001876831055,11.903039932250977,-3.4250001907348633,0.0,1
1770789568.78014112,87824856,0,6,280786800,2405,10,1.21,-35.359134,149.1650981,638.59,24.06300163269043,12.368379592895508,-3.6130001544952393,0.0,1
1770789569.00005317,88044768,0,6,280787000,2405,10,1.21,-35.3590918,149.1651097,639.33,23.96700096130371,12.805289268493652,-3.8030002117156982,0.0,1
1770789569.19997311,88244688,0,6,280787200,2405,10,1.21,-35.3590498,149.1651216,640.1,23.87700080871582,13.187389373779297,-3.8400001525878906,0.0,1
1770789569.39989305,88444608,0,6,280787400,2405,10,1.21,-35.3590082,149.1651337,640.87,23.79800033569336,13.512069702148438,-3.7830002307891846,0.0,1
1770789569.59981298,88644528,0,6,280787600,2405,10,1.21,-35.3589666,149.165146,641.62,23.726001739501953,13.815199851989746,-3.741000175476074,0.0,1
1770789569.79973316,88844448,0,6,280787800,2405,10,1.21,-35.3589253,149.1651586,642.37,23.655000686645508,14.109319686889648,-3.7170002460479736,0.0,1
1770789569.99965310,89044368,0,6,280788000,2405,10,1.21,-35.3588843,149.1651714,643.11,23.582000732421875,14.365979194641113,-3.696000099182129,0.0,1
1770789570.18041396,89225129,0,6,280788200,2405,10,1.21,-35.3588433,149.1651843,643.84,23.506000518798828,14.56050968170166,-3.6660001277923584,0.0,1
1770789570.38033414,89425049,0,6,280788400,2405,10,1.21,-35.3588025,149.1651974,644.57,23.4320011138916,14.723349571228027,-3.642000198364258,0.0,1
1770789570.58025408,89624969,0,6,280788600,2405,10,1.21,-35.3587619,149.1652106,645.3,23.36800193786621,14.876249313354492,-3.623000144958496,0.0,1
1770789570.78017402,89824889,0,6,280788800,2405,10,1.21,-35.3587214,149.1652239,646.02,23.32200050354004,15.018129348754883,-3.57200026512146,0.0,1
1770789571.00008607,90044801,0,6,280789000,2405,10,1.21,-35.3586809,149.1652373,646.73,23.284000396728516,15.150989532470703,-3.5220000743865967,0.0,1
1770789571.20000601,90244721,0,6,280789200,2405,10,1.21,-35.3586405,149.1652507,647.43,23.235000610351562,15.25960922241211,-3.5340001583099365,0.0,1
1770789571.39992619,90444641,0,6,280789400,2405,10,1.21,-35.3586003,149.1652642,648.15,23.174001693725586,15.350289344787598,-3.5900001525878906,0.0,1
1770789571.59984612,90644561,0,6,280789600,2405,10,1.21,-35.3585603,149.1652777,648.87,23.1200008392334,15.43632984161377,-3.622000217437744,0.0,1
1770789571.79976606,90844481,0,6,280789800,2405,10,1.21,-35.3585202,149.1652912,649.58,23.08100128173828,15.501249313354492,-3.573000192642212,0.0,1
1770789571.99968600,91044401,0,6,280790000,2405,10,1.21,-35.3584804,149.1653049,650.3,23.052001953125,15.543679237365723,-3.504000186920166,0.0,1
1770789572.19960618,91244321,0,6,280790200,2405,10,1.21,-35.3584405,149.1653185,650.99,23.02800178527832,15.57030963897705,-3.4590001106262207,0.0,1
1770789572.38036704,91425082,0,6,280790400,2405,10,1.21,-35.3584007,149.1653321,651.68,23.003000259399414,15.588809967041016,-3.445000171661377,0.0,1
1770789572.58028698,91625002,0,6,280790600,2405,10,1.21,-35.3583609,149.1653458,652.37,22.974000930786133,15.624149322509766,-3.4790000915527344,0.0,1
1770789572.78020716,91824922,0,6,280790800,2405,10,1.21,-35.3583212,149.1653594,653.07,22.94900131225586,15.679749488830566,-3.5220000743865967,0.0,1
1770789572.98012710,92024842,0,6,280791000,2405,10,1.21,-35.3582816,149.165373,653.78,22.929000854492188,15.728399276733398,-3.5390002727508545,0.0,1
1770789573.20003915,92244754,0,6,280791200,2405,10,1.21,-35.3582418,149.1653868,654.49,22.909000396728516,15.749309539794922,-3.5210001468658447,0.0,1
1770789573.39995909,92444674,0,6,280791400,2405,10,1.21,-35.3582021,149.1654005,655.19,22.893001556396484,15.749429702758789,-3.4880001544952393,0.0,1
1770789573.59987903,92644594,0,6,280791600,2405,10,1.21,-35.3581626,149.1654141,655.89,22.881000518798828,15.757569313049316,-3.492000102996826,0.0,1
1770789573.79979897,92844514,0,6,280791800,2405,10,1.21,-35.3581231,149.1654278,656.58,22.86600112915039,15.78041934967041,-3.5270001888275146,0.0,1
1770789573.99971914,93044434,0,6,280792000,2405,10,1.21,-35.3580836,149.1654415,657.29,22.851001739501953,15.779549598693848,-3.516000270843506,0.0,1
1770789574.19963908,93244354,0,6,280792200,2405,10,1.21,-35.3580441,149.1654552,657.99,22.84000015258789,15.750409126281738,-3.4560000896453857,0.0,1
1770789574.38040018,93425115,0,6,280792400,2405,10,1.21,-35.3580046,149.1654689,658.68,22.838001251220703,15.725899696350098,-3.3930001258850098,0.0,1
1770789574.58032012,93625035,0,6,280792600,2405,10,1.21,-35.3579651,149.1654825,659.35,22.836000442504883,15.73483943939209,-3.4010002613067627,0.0,1
1770789574.78024006,93824955,0,6,280792800,2405,10,1.21,-35.3579256,149.1654961,660.04,22.825000762939453,15.746299743652344,-3.444000244140625,0.0,1
1770789574.98016000,94024875,0,6,280793000,2405,10,1.21,-35.3578863,149.1655098,660.73,22.81100082397461,15.726649284362793,-3.446000099182129,0.0,1
1770789575.20007205,94244787,0,6,280793200,2405,10,1.21,-35.3578468,149.1655234,661.42,22.80000114440918,15.707159996032715,-3.449000120162964,0.0,1
1770789575.39999199,94444707,0,6,280793400,2405,10,1.21,-35.3578073,149.165537,662.11,22.788002014160156,15.689399719238281,-3.4650001525878906,0.0,1
1770789575.59991217,94644627,0,6,280793600,2405,10,1.21,-35.3577679,149.1655506,662.8,22.777000427246094,15.685429573059082,-3.4740002155303955,0.0,1
1770789575.79983211,94844547,0,6,280793800,2405,10,1.21,-35.3577284,149.1655642,663.5,22.769001007080078,15.707539558410645,-3.4850001335144043,0.0,1
1770789575.99975204,95044467,0,6,280794000,2405,10,1.21,-35.3576891,149.1655777,664.19,22.75800132751465,15.711869239807129,-3.494000196456909,0.0,1
1770789576.19967198,95244387,0,6,280794200,2405,10,1.21,-35.3576498,149.1655913,664.9,22.751001358032227,15.695109367370605,-3.4880001544952393,0.0,1
1770789576.40042496,95445140,0,6,280794400,2405,10,1.21,-35.3576104,149.1656048,665.59,22.744001388549805,15.672149658203125,-3.4680001735687256,0.0,1
1770789576.58035302,95625068,0,6,280794600,2405,10,1.21,-35.3575711,149.1656183,666.28,22.73900032043457,15.63892936706543,-3.433000087738037,0.0,1
1770789576.78027296,95824988,0,6,280794800,2405,10,1.21,-35.3575318,149.1656318,666.97,22.740001678466797,15.610669136047363,-3.4100000858306885,0.0,1
1770789576.98019314,96024908,0,6,280795000,2405,10,1.21,-35.3574924,149.1656453,667.65,22.74100112915039,15.588089942932129,-3.4150002002716064,0.0,1
1770789577.20010519,96244820,0,6,280795200,2405,10,1.21,-35.3574531,149.1656586,668.32,22.625001907348633,15.066359519958496,-3.378000259399414,0.0,1
1770789577.40002513,96444740,0,6,280795400,2405,10,1.21,-35.3574139,149.1656709,669.0,22.34200096130371,13.52178955078125,-3.2940001487731934,0.0,1
1770789577.59994507,96644660,0,6,280795600,2405,10,1.21,-35.3573749,149.1656816,669.65,22.142000198364258,11.675349235534668,-3.196000099182129,0.0,1
1770789577.79986501,96844580,0,6,280795800,2405,10,1.21,-35.3573358,149.1656908,670.27,22.150001525878906,10.259469985961914,-3.055000066757202,0.0,1
1770789577.99978518,97044500,0,6,280796000,2405,10,1.21,-35.3572966,149.165699,670.87,22.256000518798828,9.153709411621094,-2.943000078201294,0.0,1
1770789578.19970512,97244420,0,6,280796200,2405,10,1.21,-35.357257,149.1657065,671.46,22.385000228881836,8.287409782409668,-2.9560000896453857,0.0,1
1770789578.39962506,97444340,0,6,280796400,2405,10,1.21,-35.357217,149.1657133,672.06,22.50800132751465,7.614609718322754,-3.055000066757202,0.0,1
1770789578.58038616,97625101,0,6,280796600,2405,10,1.21,-35.3571768,149.1657197,672.68,22.625001907348633,7.08981990814209,-3.1530001163482666,0.0,1
1770789578.78030610,97825021,0,6,280796800,2405,10,1.21,-35.3571364,149.1657257,673.32,22.742000579833984,6.700779914855957,-3.190000057220459,0.0,1
1770789578.98022604,98024941,0,6,280797000,2405,10,1.21,-35.3570957,149.1657314,673.95,22.85700035095215,6.3913798332214355,-3.183000087738037,0.0,1
1770789579.18014598,98224861,0,6,280797200,2405,10,1.21,-35.3570548,149.1657369,674.59,22.953001022338867,6.135479927062988,-3.2240002155303955,0.0,1
1770789579.40005803,98444773,0,6,280797400,2405,10,1.21,-35.3570136,149.1657422,675.25,23.031002044677734,5.94642972946167,-3.2940001487731934,0.0,1
1770789579.59997797,98644693,0,6,280797600,2405,10,1.21,-35.3569723,149.1657474,675.91,23.101001739501953,5.825419902801514,-3.3410000801086426,0.0,1
1770789579.79989815,98844613,0,6,280797800,2405,10,1.21,-35.356931,149.1657525,676.58,23.157001495361328,5.7582597732543945,-3.3930001258850098,0.0,1
1770789579.99981809,99044533,0,6,280798000,2405,10,1.21,-35.3568896,149.1657576,677.27,23.213001251220703,5.697429656982422,-3.3960001468658447,0.0,1
1770789580.19973803,99244453,0,6,280798200,2405,10,1.21,-35.356848,149.1657627,677.94,23.275001525878906,5.637310028076172,-3.3420002460479736,0.0,1
1770789580.39965796,99444373,0,6,280798400,2405,10,1.21,-35.3568064,149.1657678,678.6,23.328001022338867,5.6138596534729,-3.332000255584717,0.0,1
1770789580.58041906,99625134,0,6,280798600,2405,10,1.21,-35.3567647,149.1657728,679.27,23.367000579833984,5.607759952545166,-3.3620002269744873,0.0,1
1770789580.78033900,99825054,0,6,280798800,2405,10,1.21,-35.3567228,149.1657778,679.94,23.394001007080078,5.597599983215332,-3.4030001163482666,0.0,1
1770789580.98025918,100024974,0,6,280799000,2405,10,1.21,-35.356681,149.1657828,680.63,23.415000915527344,5.573879718780518,-3.44100022315979,0.0,1
1770789581.18017912,100224894,0,6,280799200,2405,10,1.21,-35.3566391,149.1657877,681.32,23.439001083374023,5.532569885253906,-3.444000244140625,0.0,1
1770789581.40009117,100444806,0,6,280799400,2405,10,1.21,-35.3565971,149.1657928,682.01,23.464000701904297,5.496429920196533,-3.438000202178955,0.0,1
1770789581.60001111,100644726,0,6,280799600,2405,10,1.21,-35.356555,149.1657977,682.7,23.481000900268555,5.4880900382995605,-3.4600002765655518,0.0,1
1770789581.79993105,100844646,0,6,280799800,2405,10,1.21,-35.3565131,149.1658027,683.4,23.49300193786621,5.5034098625183105,-3.4820001125335693,0.0,1
1770789581.99985099,101044566,0,6,280800000,2405,10,1.21,-35.3564711,149.1658076,684.09,23.506000518798828,5.507899761199951,-3.4850001335144043,0.0,1
1770789582.19977117,101244486,0,6,280800200,2405,10,1.21,-35.3564291,149.1658126,684.79,23.520000457763672,5.499129772186279,-3.489000082015991,0.0,1
1770789582.39969110,101444406,0,6,280800400,2405,10,1.21,-35.356387,149.1658176,685.49,23.536001205444336,5.4957499504089355,-3.4710001945495605,0.0,1
1770789582.59961104,101644326,0,6,280800600,2405,10,1.21,-35.3563449,149.1658226,686.18,23.55500030517578,5.494349956512451,-3.433000087738037,0.0,1
1770789582.78037214,101825087,0,6,280800800,2405,10,1.21,-35.3563028,149.1658275,686.86,23.57000160217285,5.483920097351074,-3.433000087738037,0.0,1
1770789582.98029208,102025007,0,6,280801000,2405,10,1.21,-35.3562606,149.1658325,687.55,23.576000213623047,5.478409767150879,-3.4560000896453857,0.0,1
1770789583.18021202,102224927,0,6,280801200,2405,10,1.21,-35.3562185,149.1658375,688.24,23.58100128173828,5.503719806671143,-3.4680001735687256,0.0,1
1770789583.38013196,102424847,0,6,280801400,2405,10,1.21,-35.3561763,149.1658425,688.93,23.593000411987305,5.522249698638916,-3.443000078201294,0.0,1
1770789583.60004401,102644759,0,6,280801600,2405,10,1.21,-35.3561341,149.1658474,689.62,23.60700035095215,5.5207600593566895,-3.4210002422332764,0.0,1
1770789583.79996419,102844679,0,6,280801800,2405,10,1.21,-35.3560918,149.1658525,690.31,23.615001678466797,5.5266900062561035,-3.4260001182556152,0.0,1
1770789583.99988413,103044599,0,6,280802000,2405,10,1.21,-35.3560496,149.1658574,690.99,23.6200008392334,5.529550075531006,-3.44100022315979,0.0,1
1770789584.19980407,103244519,0,6,280802200,2405,10,1.21,-35.3560073,149.1658625,691.68,23.624000549316406,5.5228800773620605,-3.455000162124634,0.0,1
1770789584.39972401,103444439,0,6,280802400,2405,10,1.21,-35.3559651,149.1658675,692.38,23.625001907348633,5.528539657592773,-3.4760000705718994,0.0,1
1770789584.59964418,103644359,0,6,280802600,2405,10,1.21,-35.3559228,149.1658724,693.07,23.62200164794922,5.540629863739014,-3.503000259399414,0.0,1
1770789584.78040504,103825120,0,6,280802800,2405,10,1.21,-35.3558807,149.1658775,693.78,23.625001907348633,5.544650077819824,-3.498000144958496,0.0,1
1770789584.98032498,104025040,0,6,280803000,2405,10,1.21,-35.3558384,149.1658825,694.47,23.62900161743164,5.54548978805542,-3.4790000915527344,0.0,1
1770789585.18024516,104224960,0,6,280803200,2405,10,1.21,-35.3557962,149.1658876,695.17,23.636001586914062,5.554679870605469,-3.4620001316070557,0.0,1
1770789585.38016510,104424880,0,6,280803400,2405,10,1.21,-35.3557539,149.1658926,695.86,23.6460018157959,5.578619956970215,-3.438000202178955,0.0,1
1770789585.60007715,104644792,0,6,280803600,2405,10,1.21,-35.3557115,149.1658977,696.54,23.654001235961914,5.58174991607666,-3.43500018119812,0.0,1
1770789585.79999709,104844712,0,6,280803800,2405,10,1.21,-35.3556691,149.1659028,697.24,23.6510009765625,5.567239761352539,-3.4860000610351562,0.0,1
1770789585.99991703,105044632,0,6,280804000,2405,10,1.21,-35.3556269,149.1659078,697.94,23.643001556396484,5.55265998840332,-3.5420000553131104,0.0,1
1770789586.19983697,105244552,0,6,280804200,2405,10,1.21,-35.3555846,149.1659129,698.65,23.642000198364258,5.53555965423584,-3.5470001697540283,0.0,1
1770789586.39975715,105444472,0,6,280804400,2405,10,1.21,-35.3555424,149.1659179,699.36,23.65300178527832,5.531980037689209,-3.495000123977661,0.0,1
1770789586.59967709,105644392,0,6,280804600,2405,10,1.21,-35.3555001,149.1659229,700.05,23.666000366210938,5.5274200439453125,-3.444000244140625,0.0,1
1770789586.79959702,105844312,0,6,280804800,2405,10,1.21,-35.3554577,149.1659278,700.74,23.671001434326172,5.512189865112305,-3.42900013923645,0.0,1
1770789586.98035812,106025073,0,6,280805000,2405,10,1.21,-35.3554154,149.1659328,701.42,23.670001983642578,5.506889820098877,-3.4580001831054688,0.0,1
1770789587.18027806,106224993,0,6,280805200,2405,10,1.21,-35.3553731,149.165938,702.12,23.671001434326172,5.987380027770996,-3.498000144958496,0.0,1
1770789587.38019800,106424913,0,6,280805400,2405,10,1.21,-35.3553309,149.1659441,702.81,23.726001739501953,7.5763397216796875,-3.494000196456909,0.0,1
1770789587.58011818,106624833,0,6,280805600,2405,10,1.21,-35.3552887,149.1659519,703.52,23.85300064086914,9.434529304504395,-3.489000082015991,0.0,1
1770789587.80002999,106844745,0,6,280805800,2405,10,1.21,-35.3552463,149.1659612,704.22,23.98200035095215,10.681659698486328,-3.496000051498413,0.0,1
1770789587.99995017,107044665,0,6,280806000,2405,10,1.21,-35.3552038,149.1659714,704.92,24.07200050354004,11.577479362487793,-3.5420000553131104,0.0,1
1770789588.19987011,107244585,0,6,280806200,2405,10,1.21,-35.3551615,149.1659824,705.64,24.115001678466797,12.290499687194824,-3.6430001258850098,0.0,1
1770789588.39979005,107444505,0,6,280806400,2405,10,1.21,-35.3551192,149.165994,706.38,24.12200164794922,12.863809585571289,-3.7280001640319824,0.0,1
1770789588.59970999,107644425,0,6,280806600,2405,10,1.21,-35.355077,149.166006,707.13,24.110000610351562,13.342999458312988,-3.755000114440918,0.0,1
1770789588.79963017,107844345,0,6,280806800,2405,10,1.21,-35.355035,149.1660185,707.88,24.088001251220703,13.74148941040039,-3.7290000915527344,0.0,1
1770789588.98039103,108025106,0,6,280807000,2405,10,1.21,-35.354993,149.1660312,708.62,24.046001434326172,14.050230026245117,-3.692000150680542,0.0,1
1770789589.18031096,108225026,0,6,280807200,2405,10,1.21,-35.3549512,149.1660441,709.35,23.99100112915039,14.3048095703125,-3.6690001487731934,0.0,1
1770789589.38023114,108424946,0,6,280807400,2405,10,1.21,-35.3549095,149.1660572,710.08,23.9320011138916,14.534579277038574,-3.6690001487731934,0.0,1
1770789589.58015108,108624866,0,6,280807600,2405,10,1.21,-35.3548679,149.1660705,710.83,23.863000869750977,14.736949920654297,-3.688000202178955,0.0,1
1770789589.80006313,108844778,0,6,280807800,2405,10,1.21,-35.3548265,149.166084,711.57,23.790000915527344,14.928619384765625,-3.698000192642212,0.0,1
1770789589.99998307,109044698,0,6,280808000,2405,10,1.21,-35.3547852,149.1660976,712.31,23.724000930786133,15.097660064697266,-3.682000160217285,0.0,1
1770789590.19990301,109244618,0,6,280808200,2405,10,1.21,-35.3547442,149.1661113,713.04,23.66400146484375,15.24972915649414,-3.6710002422332764,0.0,1
1770789590.39982319,109444538,0,6,280808400,2405,10,1.21,-35.3547032,149.166125,713.78,23.60300064086914,15.394389152526855,-3.683000087738037,0.0,1
1770789590.59974313,109644458,0,6,280808600,2405,10,1.21,-35.3546624,149.1661389,714.51,23.54400062561035,15.508169174194336,-3.681000232696533,0.0,1
1770789590.79966307,109844378,0,6,280808800,2405,10,1.21,-35.3546217,149.1661527,715.24,23.499000549316406,15.602560043334961,-3.628000259399414,0.0,1
1770789590.98042417,110025139,0,6,280809000,2405,10,1.21,-35.3545811,149.1661667,715.96,23.46200180053711,15.68826961517334,-3.57200026512146,0.0,1
1770789591.18034410,110225059,0,6,280809200,2405,10,1.21,-35.3545406,149.1661806,716.67,23.428001403808594,15.758349418640137,-3.5310001373291016,0.0,1
1770789591.38026404,110424979,0,6,280809400,2405,10,1.21,-35.3545001,149.1661947,717.38,23.3960018157959,15.840459823608398,-3.5310001373291016,0.0,1
1770789591.58018398,110624899,0,6,280809600,2405,10,1.21,-35.3544597,149.1662088,718.08,23.36400032043457,15.936909675598145,-3.563000202178955,0.0,1
1770789591.80009604,110844811,0,6,280809800,2405,10,1.21,-35.3544193,149.166223,718.8,23.338001251220703,16.01759910583496,-3.569000244140625,0.0,1
1770789592.00001597,111044731,0,6,280810000,2405,10,1.21,-35.3543789,149.1662372,719.51,23.310001373291016,16.062108993530273,-3.564000129699707,0.0,1
1770789592.19993615,111244651,0,6,280810200,2405,10,1.21,-35.3543388,149.1662514,720.23,23.282001495361328,16.09541893005371,-3.567000150680542,0.0,1
1770789592.39985609,111444571,0,6,280810400,2405,10,1.21,-35.3542986,149.1662657,720.94,23.256000518798828,16.136009216308594,-3.578000068664551,0.0,1
1770789592.59977603,111644491,0,6,280810600,2405,10,1.21,-35.3542585,149.1662799,721.66,23.233001708984375,16.168659210205078,-3.577000141143799,0.0,1
1770789592.79969597,111844411,0,6,280810800,2405,10,1.21,-35.3542185,149.1662941,722.37,23.22300148010254,16.209548950195312,-3.5390002727508545,0.0,1
1770789592.99961615,112044331,0,6,280811000,2405,10,1.21,-35.3541784,149.1663084,723.07,23.22100067138672,16.239490509033203,-3.489000082015991,0.0,1
1770789593.18037701,112225092,0,6,280811200,2405,10,1.21,-35.3541384,149.1663227,723.77,23.21200180053711,16.238550186157227,-3.4740002155303955,0.0,1
1770789593.38029718,112425012,0,6,280811400,2405,10,1.21,-35.3540984,149.166337,724.46,23.19700050354004,16.229339599609375,-3.4800002574920654,0.0,1
1770789593.58021712,112624932,0,6,280811600,2405,10,1.21,-35.3540584,149.1663513,725.16,23.18600082397461,16.232648849487305,-3.4800002574920654,0.0,1
1770789593.78013706,112824852,0,6,280811800,2405,10,1.21,-35.3540184,149.1663656,725.86,23.172000885009766,16.23309898376465,-3.496000051498413,0.0,1
1770789594.00004911,113044764,0,6,280812000,2405,10,1.21,-35.3539784,149.1663798,726.56,23.1510009765625,16.224609375,-3.5370001792907715,0.0,1
1770789594.19996905,113244684,0,6,280812200,2405,10,1.21,-35.3539384,149.1663941,727.27,23.13300132751465,16.215290069580078,-3.563000202178955,0.0,1
1770789594.39988899,113444604,0,6,280812400,2405,10,1.21,-35.3538985,149.1664084,727.98,23.121000289916992,16.211139678955078,-3.5520002841949463,0.0,1
1770789594.59980917,113644524,0,6,280812600,2405,10,1.21,-35.3538587,149.1664225,728.69,23.11600112915039,16.214580535888672,-3.5290002822875977,0.0,1
1770789594.79972911,113844444,0,6,280812800,2405,10,1.21,-35.3538188,149.1664367,729.4,23.11100196838379,16.226099014282227,-3.5250000953674316,0.0,1
1770789594.99964905,114044364,0,6,280813000,2405,10,1.21,-35.353779,149.166451,730.1,23.10900115966797,16.253700256347656,-3.5360002517700195,0.0,1
1770789595.18041015,114225125,0,6,280813200,2405,10,1.21,-35.3537392,149.1664653,730.81,23.10300064086914,16.257320404052734,-3.5220000743865967,0.0,1
1770789595.38033009,114425045,0,6,280813400,2405,10,1.21,-35.3536993,149.1664794,731.51,23.09600067138672,16.237239837646484,-3.503000259399414,0.0,1
1770789595.58025002,114624965,0,6,280813600,2405,10,1.21,-35.3536595,149.1664937,732.2,23.093000411987305,16.225589752197266,-3.4930002689361572,0.0,1
1770789595.78016996,114824885,0,6,280813800,2405,10,1.21,-35.3536196,149.1665079,732.91,23.09000015258789,16.210359573364258,-3.4810001850128174,0.0,1
1770789596.00008202,115044797,0,6,280814000,2405,10,1.21,-35.3535798,149.1665221,733.61,23.080001831054688,16.189470291137695,-3.497000217437744,0.0,1
1770789596.20000196,115244717,0,6,280814200,2405,10,1.21,-35.3535399,149.1665363,734.31,23.06300163269043,16.174179077148438,-3.5340001583099365,0.0,1
1770789596.39992213,115444637,0,6,280814400,2405,10,1.21,-35.3535001,149.1665504,735.02,23.053001403808594,16.153079986572266,-3.5330002307891846,0.0,1
1770789596.59984207,115644557,0,6,280814600,2405,10,1.21,-35.3534604,149.1665645,735.72,23.04800033569336,16.13913917541504,-3.5270001888275146,0.0,1
1770789596.79976201,115844477,0,6,280814800,2405,10,1.21,-35.3534206,149.1665786,736.43,23.043001174926758,16.14931869506836,-3.5430002212524414,0.0,1
1770789596.99968219,116044397,0,6,280815000,2405,10,1.21,-35.3533809,149.1665928,737.14,23.042001724243164,16.152978897094727,-3.5440001487731934,0.0,1
1770789597.19960213,116244317,0,6,280815200,2405,10,1.21,-35.3533411,149.1666068,737.84,22.96900177001953,15.845759391784668,-3.505000114440918,0.0,1
1770789597.38036299,116425078,0,6,280815400,2405,10,1.21,-35.3533015,149.1666201,738.54,22.720001220703125,14.54104995727539,-3.4020001888275146,0.0,1
1770789597.58028316,116624998,0,6,280815600,2405,10,1.21,-35.353262,149.1666318,739.2,22.487001419067383,12.669419288635254,-3.266000270843506,0.0,1
1770789597.78020310,116824918,0,6,280815800,2405,10,1.21,-35.3532226,149.166642,739.84,22.451000213623047,11.187049865722656,-3.1450002193450928,0.0,1
1770789597.98012304,117024838,0,6,280816000,2405,10,1.21,-35.3531829,149.1666511,740.47,22.52800178527832,10.093579292297363,-3.070000171661377,0.0,1
1770789598.20003510,117244750,0,6,280816200,2405,10,1.21,-35.3531428,149.1666594,741.08,22.647001266479492,9.247149467468262,-3.0390000343322754,0.0,1
1770789598.39995503,117444670,0,6,280816400,2405,10,1.21,-35.3531025,149.1666672,741.69,22.773000717163086,8.581329345703125,-3.061000108718872,0.0,1
1770789598.59987497,117644590,0,6,280816600,2405,10,1.21,-35.3530619,149.1666745,742.31,22.89000129699707,8.060989379882812,-3.124000072479248,0.0,1
1770789598.79979515,117844510,0,6,280816800,2405,10,1.21,-35.3530211,149.1666813,742.94,22.990001678466797,7.641049861907959,-3.2270002365112305,0.0,1
1770789598.99971509,118044430,0,6,280817000,2405,10,1.21,-35.35298,149.1666879,743.6,23.08100128173828,7.3259596824646,-3.3000001907348633,0.0,1
1770789599.19963503,118244350,0,6,280817200,2405,10,1.21,-35.3529388,149.1666943,744.25,23.177001953125,7.115449905395508,-3.2790000438690186,0.0,1
1770789599.38039613,118425111,0,6,280817400,2405,10,1.21,-35.3528975,149.1667006,744.91,23.262001037597656,6.958930015563965,-3.2780001163482666,0.0,1
1770789599.58031607,118625031,0,6,280817600,2405,10,1.21,-35.352856,149.1667067,745.57,23.323001861572266,6.838559627532959,-3.3580002784729004,0.0,1
1770789599.78023601,118824951,0,6,280817800,2405,10,1.21,-35.3528143,149.1667128,746.25,23.3700008392334,6.7636399269104,-3.433000087738037,0.0,1
1770789599.98015618,119024871,0,6,280818000,2405,10,1.21,-35.3527725,149.1667188,746.94,23.418001174926758,6.723139762878418,-3.444000244140625,0.0,1
1770789600.20006800,119244783,0,6,280818200,2405,10,1.21,-35.3527306,149.1667249,747.63,23.46900177001953,6.700039863586426,-3.4120001792907715,0.0,1
1770789600.39998817,119444703,0,6,280818400,2405,10,1.21,-35.3526887,149.166731,748.31,23.510000228881836,6.672189712524414,-3.4190001487731934,0.0,1
1770789600.59990811,119644623,0,6,280818600,2405,10,1.21,-35.3526467,149.166737,749.0,23.53700065612793,6.6375298500061035,-3.4720001220703125,0.0,1
1770789600.79982805,119844543,0,6,280818800,2405,10,1.21,-35.3526047,149.166743,749.69,23.558000564575195,6.61722993850708,-3.503000259399414,0.0,1
1770789600.99974799,120044463,0,6,280819000,2405,10,1.21,-35.3525626,149.1667489,750.4,23.582000732421875,6.6238298416137695,-3.489000082015991,0.0,1
1770789601.19966817,120244383,0,6,280819200,2405,10,1.21,-35.3525206,149.166755,751.09,23.60900115966797,6.633199691772461,-3.4660000801086426,0.0,1
1770789601.40042114,120445136,0,6,280819400,2405,10,1.21,-35.3524784,149.166761,751.78,23.63300132751465,6.623149871826172,-3.4610002040863037,0.0,1
1770789601.58034897,120625064,0,6,280819600,2405,10,1.21,-35.3524362,149.166767,752.47,23.657001495361328,6.60181999206543,-3.448000192642212,0.0,1
1770789601.78026915,120824984,0,6,280819800,2405,10,1.21,-35.352394,149.1667729,753.16,23.677001953125,6.559659957885742,-3.450000047683716,0.0,1
1770789601.98018909,121024904,0,6,280820000,2405,10,1.21,-35.3523517,149.1667789,753.86,23.690000534057617,6.535840034484863,-3.4840002059936523,0.0,1
1770789602.20010114,121244816,0,6,280820200,2405,10,1.21,-35.3523094,149.1667848,754.56,23.69900131225586,6.5323896408081055,-3.511000156402588,0.0,1
1770789602.40002108,121444736,0,6,280820400,2405,10,1.21,-35.352267,149.1667908,755.26,23.713001251220703,6.522439956665039,-3.498000144958496,0.0,1
1770789602.59994102,121644656,0,6,280820600,2405,10,1.21,-35.3522247,149.1667967,755.95,23.726001739501953,6.521219730377197,-3.4820001125335693,0.0,1
1770789602.79986095,121844576,0,6,280820800,2405,10,1.21,-35.3521823,149.1668026,756.66,23.731000900268555,6.523139953613281,-3.502000093460083,0.0,1
1770789602.99978113,122044496,0,6,280821000,2405,10,1.21,-35.35214,149.1668086,757.36,23.731000900268555,6.528499603271484,-3.5280001163482666,0.0,1
1770789603.19970107,122244416,0,6,280821200,2405,10,1.21,-35.3520977,149.1668145,758.06,23.731000900268555,6.528749942779541,-3.5360002517700195,0.0,1
1770789603.39962101,122444336,0,6,280821400,2405,10,1.21,-35.3520553,149.1668204,758.77,23.742000579833984,6.549639701843262,-3.503000259399414,0.0,1
1770789603.58038211,122625097,0,6,280821600,2405,10,1.21,-35.352013,149.1668265,759.47,23.75400161743164,6.593689918518066,-3.4830002784729004,0.0,1
1770789603.78030205,122825017,0,6,280821800,2405,10,1.21,-35.3519706,149.1668325,760.17,23.755001068115234,6.6037397384643555,-3.5190000534057617,0.0,1
1770789603.98022199,123024937,0,6,280822000,2405,10,1.21,-35.3519281,149.1668384,760.87,23.761001586914062,6.5960798263549805,-3.5200002193450928,0.0,1
1770789604.18014216,123224857,0,6,280822200,2405,10,1.21,-35.3518858,149.1668445,761.57,23.770000457763672,6.598710060119629,-3.499000072479248,0.0,1
1770789604.40005398,123444769,0,6,280822400,2405,10,1.21,-35.3518433,149.1668505,762.28,23.775001525878906,6.589609622955322,-3.494000196456909,0.0,1
1770789604.59997416,123644689,0,6,280822600,2405,10,1.21,-35.3518008,149.1668565,762.98,23.775001525878906,6.56742000579834,-3.508000135421753,0.0,1
1770789604.79989409,123844609,0,6,280822800,2405,10,1.21,-35.3517583,149.1668624,763.68,23.773000717163086,6.558499813079834,-3.5280001163482666,0.0,1
1770789604.99981403,124044529,0,6,280823000,2405,10,1.21,-35.3517159,149.1668685,764.38,23.777000427246094,6.5594096183776855,-3.5270001888275146,0.0,1
1770789605.19973397,124244449,0,6,280823200,2405,10,1.21,-35.3516735,149.1668745,765.08,23.782001495361328,6.5405097007751465,-3.51200008392334,0.0,1
1770789605.39965415,124444369,0,6,280823400,2405,10,1.21,-35.3516311,149.1668804,765.79,23.793001174926758,6.510389804840088,-3.4760000705718994,0.0,1
1770789605.58041501,124625130,0,6,280823600,2405,10,1.21,-35.3515886,149.1668863,766.48,23.803001403808594,6.484220027923584,-3.4560000896453857,0.0,1
1770789605.78033519,124825050,0,6,280823800,2405,10,1.21,-35.3515461,149.1668922,767.17,23.8070011138916,6.443639755249023,-3.4860000610351562,0.0,1
1770789605.98025513,125024970,0,6,280824000,2405,10,1.21,-35.3515036,149.1668981,767.87,23.81100082397461,6.4081196784973145,-3.505000114440918,0.0,1
1770789606.18017507,125224890,0,6,280824200,2405,10,1.21,-35.3514611,149.166904,768.57,23.815000534057617,6.398679733276367,-3.503000259399414,0.0,1
1770789606.40008712,125444802,0,6,280824400,2405,10,1.21,-35.3514185,149.1669098,769.28,23.814001083374023,6.376959800720215,-3.5290002822875977,0.0,1
1770789606.60000706,125644722,0,6,280824600,2405,10,1.21,-35.3513759,149.1669157,769.99,23.808000564575195,6.357669830322266,-3.562000274658203,0.0,1
1770789606.79992700,125844642,0,6,280824800,2405,10,1.21,-35.3513334,149.1669215,770.7,23.809001922607422,6.37175989151001,-3.5530002117156982,0.0,1
1770789606.99984717,126044562,0,6,280825000,2405,10,1.21,-35.3512909,149.1669273,771.41,23.81300163269043,6.391949653625488,-3.5220000743865967,0.0,1
1770789607.19976711,126244482,0,6,280825200,2405,10,1.21,-35.3512484,149.1669331,772.11,23.825000762939453,6.5641398429870605,-3.4830002784729004,0.0,1
1770789607.39968705,126444402,0,6,280825400,2405,10,1.21,-35.351206,149.1669396,772.8,23.869001388549805,7.813399791717529,-3.4670002460479736,0.0,1
1770789607.59960699,126644322,0,6,280825600,2405,10,1.21,-35.3511635,149.1669476,773.5,23.97800064086914,9.761229515075684,-3.517000198364258,0.0,1
1770789607.78036809,126825083,0,6,280825800,2405,10,1.21,-35.351121,149.1669573,774.21,24.11400032043457,11.17548942565918,-3.559000253677368,0.0,1
1770789607.98028803,127025003,0,6,280826000,2405,10,1.21,-35.3510785,149.1669681,774.92,24.231000900268555,12.125009536743164,-3.563000202178955,0.0,1
1770789608.18020797,127224923,0,6,280826200,2405,10,1.21,-35.351036,149.1669797,775.63,24.317001342773438,12.852689743041992,-3.57200026512146,0.0,1
1770789608.38012815,127424843,0,6,280826400,2405,10,1.21,-35.3509934,149.1669919,776.35,24.36800193786621,13.436599731445312,-3.5870001316070557,0.0,1
1770789608.60003996,127644755,0,6,280826600,2405,10,1.21,-35.3509508,149.1670046,777.07,24.382001876831055,13.91525936126709,-3.640000104904175,0.0,1
1770789608.79996014,127844675,0,6,280826800,2405,10,1.21,-35.3509083,149.1670177,777.81,24.358001708984375,14.317859649658203,-3.7280001640319824,0.0,1
1770789608.99988008,128044595,0,6,280827000,2405,10,1.21,-35.3508659,149.1670312,778.56,24.31300163269043,14.643670082092285,-3.7800002098083496,0.0,1
1770789609.19980001,128244515,0,6,280827200,2405,10,1.21,-35.3508237,149.1670448,779.32,24.266000747680664,14.92177963256836,-3.7850000858306885,0.0,1
1770789609.39971995,128444435,0,6,280827400,2405,10,1.21,-35.3507817,149.1670586,780.07,24.222002029418945,15.17881965637207,-3.754000186920166,0.0,1
1770789609.59964013,128644355,0,6,280827600,2405,10,1.21,-35.3507398,149.1670727,780.82,24.176000595092773,15.390619277954102,-3.695000171661377,0.0,1
1770789609.78040099,128825116,0,6,280827800,2405,10,1.21,-35.3506979,149.1670869,781.55,24.124000549316406,15.56222915649414,-3.6580002307891846,0.0,1
1770789609.98032117,129025036,0,6,280828000,2405,10,1.21,-35.3506563,149.1671012,782.28,24.067001342773438,15.726059913635254,-3.6720001697540283,0.0,1
1770789610.18024111,129224956,0,6,280828200,2405,10,1.21,-35.3506147,149.1671156,783.02,24.000001907348633,15.884880065917969,-3.7320001125335693,0.0,1
1770789610.38016105,129424876,0,6,280828400,2405,10,1.21,-35.3505734,149.1671301,783.78,23.933000564575195,16.02142906188965,-3.7790002822875977,0.0,1
1770789610.60007310,129644788,0,6,280828600,2405,10,1.21,-35.350532,149.1671447,784.53,23.881000518798828,16.135969161987305,-3.754000186920166,0.0,1
1770789610.79999304,129844708,0,6,280828800,2405,10,1.21,-35.3504908,149.1671594,785.28,23.843000411987305,16.22525978088379,-3.6690001487731934,0.0,1
1770789610.99991298,130044628,0,6,280829000,2405,10,1.21,-35.3504497,149.1671741,786.01,23.801000595092773,16.2867488861084,-3.628000259399414,0.0,1
1770789611.19983315,130244548,0,6,280829200,2405,10,1.21,-35.3504087,149.1671888,786.73,23.760000228881836,16.369129180908203,-3.6460001468658447,0.0,1
1770789611.39975309,130444468,0,6,280829400,2405,10,1.21,-35.3503678,149.1672036,787.46,23.73600196838379,16.47488021850586,-3.636000156402588,0.0,1
1770789611.59967303,130644388,0,6,280829600,2405,10,1.21,-35.3503269,149.1672185,788.19,23.722002029418945,16.566598892211914,-3.5990002155303955,0.0,1
1770789611.80042601,130845141,0,6,280829800,2405,10,1.21,-35.3502862,149.1672333,788.9,23.713001251220703,16.63677978515625,-3.558000087738037,0.0,1
1770789611.98035407,131025069,0,6,280830000,2405,10,1.21,-35.3502454,149.1672484,789.61,23.69900131225586,16.687580108642578,-3.5420000553131104,0.0,1
1770789612.18027401,131224989,0,6,280830200,2405,10,1.21,-35.3502046,149.1672634,790.31,23.68000030517578,16.72212028503418,-3.5450000762939453,0.0,1
1770789612.38019419,131424909,0,6,280830400,2405,10,1.21,-35.3501639,149.1672783,791.02,23.661001205444336,16.754268646240234,-3.5480000972747803,0.0,1
1770789612.60010600,131644821,0,6,280830600,2405,10,1.21,-35.3501232,149.1672934,791.74,23.64000129699707,16.787399291992188,-3.558000087738037,0.0,1
1770789612.80002618,131844741,0,6,280830800,2405,10,1.21,-35.3500825,149.1673085,792.45,23.617000579833984,16.810609817504883,-3.56000018119812,0.0,1
1770789612.99994612,132044661,0,6,280831000,2405,10,1.21,-35.3500418,149.1673235,793.16,23.59800148010254,16.813940048217773,-3.5480000972747803,0.0,1
1770789613.19986606,132244581,0,6,280831200,2405,10,1.21,-35.3500013,149.1673386,793.87,23.58300018310547,16.8298397064209,-3.556000232696533,0.0,1
1770789613.39978600,132444501,0,6,280831400,2405,10,1.21,-35.3499608,149.1673536,794.58,23.566001892089844,16.867019653320312,-3.5960001945495605,0.0,1
1770789613.59970617,132644421,0,6,280831600,2405,10,1.21,-35.3499203,149.1673687,795.31,23.55000114440918,16.895469665527344,-3.6050002574920654,0.0,1
1770789613.79962611,132844341,0,6,280831800,2405,10,1.21,-35.3498799,149.1673837,796.02,23.543001174926758,16.904909133911133,-3.565000057220459,0.0,1
1770789613.98038697,133025102,0,6,280832000,2405,10,1.21,-35.3498394,149.1673988,796.73,23.538002014160156,16.906879425048828,-3.5410001277923584,0.0,1
1770789614.18030715,133225022,0,6,280832200,2405,10,1.21,-35.349799,149.1674139,797.44,23.533000946044922,16.908720016479492,-3.5260002613067627,0.0,1
1770789614.38022709,133424942,0,6,280832400,2405,10,1.21,-35.3497585,149.1674289,798.15,23.532001495361328,16.905670166015625,-3.506000280380249,0.0,1
1770789614.58014703,133624862,0,6,280832600,2405,10,1.21,-35.349718,149.167444,798.85,23.522001266479492,16.905630111694336,-3.5350000858306885,0.0,1
1770789614.80005908,133844774,0,6,280832800,2405,10,1.21,-35.3496775,149.1674591,799.56,23.511001586914062,16.929859161376953,-3.578000068664551,0.0,1
1770789614.99997902,134044694,0,6,280833000,2405,10,1.21,-35.3496371,149.1674742,800.28,23.50400161743164,16.96278953552246,-3.5970001220703125,0.0,1
1770789615.19989896,134244614,0,6,280833200,2405,10,1.21,-35.3495968,149.1674893,801.0,23.498001098632812,16.962900161743164,-3.5810000896453857,0.0,1
1770789615.39981914,134444534,0,6,280833400,2405,10,1.21,-35.3495564,149.1675044,801.7,23.498001098632812,16.940210342407227,-3.5310001373291016,0.0,1
1770789615.59973907,134644454,0,6,280833600,2405,10,1.21,-35.349516,149.1675195,802.41,23.500001907348633,16.92470932006836,-3.497000217437744,0.0,1
1770789615.79965901,134844374,0,6,280833800,2405,10,1.21,-35.3494757,149.1675346,803.11,23.500001907348633,16.923349380493164,-3.508000135421753,0.0,1
1770789615.98042011,135025135,0,6,280834000,2405,10,1.21,-35.3494352,149.1675496,803.81,23.496000289916992,16.934429168701172,-3.5400002002716064,0.0,1
1770789616.18034005,135225055,0,6,280834200,2405,10,1.21,-35.3493949,149.1675647,804.52,23.492000579833984,16.937299728393555,-3.5440001487731934,0.0,1
1770789616.38025999,135424975,0,6,280834400,2405,10,1.21,-35.3493546,149.1675798,805.23,23.488000869750977,16.91180992126465,-3.5200002193450928,0.0,1
1770789616.58018017,135624895,0,6,280834600,2405,10,1.21,-35.3493141,149.1675948,805.93,23.483001708984375,16.892438888549805,-3.5280001163482666,0.0,1
1770789616.80009198,135844807,0,6,280834800,2405,10,1.21,-35.3492737,149.1676098,806.64,23.479001998901367,16.894859313964844,-3.5530002117156982,0.0,1
1770789617.00001216,136044727,0,6,280835000,2405,10,1.21,-35.3492333,149.1676249,807.35,23.48000144958496,16.88895034790039,-3.5440001487731934,0.0,1
1770789617.19993210,136244647,0,6,280835200,2405,10,1.21,-35.349193,149.1676398,808.06,23.451000213623047,16.786258697509766,-3.5430002212524414,0.0,1
1770789617.39985204,136444567,0,6,280835400,2405,10,1.21,-35.3491527,149.1676544,808.76,23.23000144958496,15.774679183959961,-3.4750001430511475,0.0,1
1770789617.59977198,136644487,0,6,280835600,2405,10,1.21,-35.3491127,149.1676674,809.44,22.94500160217285,13.940129280090332,-3.332000255584717,0.0,1
1770789617.79969215,136844407,0,6,280835800,2405,10,1.21,-35.3490726,149.1676789,810.1,22.852001190185547,12.379399299621582,-3.204000234603882,0.0,1
1770789617.99961209,137044327,0,6,280836000,2405,10,1.21,-35.3490324,149.1676891,810.73,22.894001007080078,11.230989456176758,-3.123000144958496,0.0,1
1770789618.18037295,137225088,0,6,280836200,2405,10,1.21,-35.3489919,149.1676986,811.35,22.981000900268555,10.335439682006836,-3.130000114440918,0.0,1
1770789618.38029313,137425008,0,6,280836400,2405,10,1.21,-35.3489512,149.1677073,811.99,23.077001571655273,9.631619453430176,-3.190000057220459,0.0,1
1770789618.58021307,137624928,0,6,280836600,2405,10,1.21,-35.3489102,149.1677156,812.63,23.174001693725586,9.083239555358887,-3.241000175476074,0.0,1
1770789618.78013301,137824848,0,6,280836800,2405,10,1.21,-35.348869,149.1677235,813.28,23.2710018157959,8.657529830932617,-3.264000177383423,0.0,1
1770789619.00004506,138044760,0,6,280837000,2405,10,1.21,-35.3488275,149.1677311,813.93,23.362001419067383,8.335780143737793,-3.2860002517700195,0.0,1
1770789619.19996500,138244680,0,6,280837200,2405,10,1.21,-35.3487858,149.1677384,814.59,23.43600082397461,8.105889320373535,-3.3540000915527344,0.0,1
1770789619.39988518,138444600,0,6,280837400,2405,10,1.21,-35.3487442,149.1677457,815.27,23.49700164794922,7.933019638061523,-3.4190001487731934,0.0,1
1770789619.59980512,138644520,0,6,280837600,2405,10,1.21,-35.3487023,149.1677528,815.96,23.556001663208008,7.792510032653809,-3.436000108718872,0.0,1
1770789619.79972506,138844440,0,6,280837800,2405,10,1.21,-35.3486602,149.1677597,816.65,23.613000869750977,7.691539764404297,-3.4140002727508545,0.0,1
1770789619.99964499,139044360,0,6,280838000,2405,10,1.21,-35.3486182,149.1677666,817.32,23.665000915527344,7.614569664001465,-3.392000198364258,0.0,1
1770789620.18040609,139225121,0,6,280838200,2405,10,1.21,-35.3485761,149.1677735,818.01,23.703001022338867,7.5545196533203125,-3.444000244140625,0.0,1
1770789620.38032603,139425041,0,6,280838400,2405,10,1.21,-35.3485338,149.1677804,818.7,23.73000144958496,7.515069961547852,-3.492000102996826,0.0,1
1770789620.58024597,139624961,0,6,280838600,2405,10,1.21,-35.3484915,149.1677872,819.4,23.762001037597656,7.496649742126465,-3.4730000495910645,0.0,1
1770789620.78016615,139824881,0,6,280838800,2405,10,1.21,-35.3484492,149.167794,820.09,23.79800033569336,7.46714973449707,-3.439000129699707,0.0,1
1770789621.00007796,140044793,0,6,280839000,2405,10,1.21,-35.3484067,149.1678009,820.78,23.821001052856445,7.408669948577881,-3.453000068664551,0.0,1
1770789621.19999814,140244713,0,6,280839200,2405,10,1.21,-35.3483642,149.1678076,821.48,23.830001831054688,7.366209983825684,-3.503000259399414,0.0,1
1770789621.39991808,140444633,0,6,280839400,2405,10,1.21,-35.3483217,149.1678143,822.18,23.83700180053711,7.337989807128906,-3.5400002002716064,0.0,1
1770789621.59983802,140644553,0,6,280839600,2405,10,1.21,-35.3482792,149.167821,822.89,23.851001739501953,7.3172197341918945,-3.516000270843506,0.0,1
1770789621.79975796,140844473,0,6,280839800,2405,10,1.21,-35.3482367,149.1678277,823.58,23.87200164794922,7.316380023956299,-3.4650001525878906,0.0,1
1770789621.99967813,141044393,0,6,280840000,2405,10,1.21,-35.3481942,149.1678344,824.28,23.885000228881836,7.2955498695373535,-3.4700002670288086,0.0,1
1770789622.19959807,141244313,0,6,280840200,2405,10,1.21,-35.3481516,149.1678411,824.98,23.892000198364258,7.264509677886963,-3.500000238418579,0.0,1
1770789622.38035917,141425074,0,6,280840400,2405,10,1.21,-35.3481091,149.1678477,825.68,23.9010009765625,7.260089874267578,-3.506000280380249,0.0,1
1770789622.58027911,141624994,0,6,280840600,2405,10,1.21,-35.3480665,149.1678544,826.38,23.913002014160156,7.25029993057251,-3.492000102996826,0.0,1
1770789622.78019905,141824914,0,6,280840800,2405,10,1.21,-35.3480239,149.1678609,827.07,23.924001693725586,7.218949794769287,-3.4680001735687256,0.0,1
1770789622.98011899,142024834,0,6,280841000,2405,10,1.21,-35.3479812,149.1678676,827.76,23.937000274658203,7.198659896850586,-3.4590001106262207,0.0,1
1770789623.20003104,142244746,0,6,280841200,2405,10,1.21,-35.3479385,149.1678742,828.46,23.939001083374023,7.189579963684082,-3.506000280380249,0.0,1
1770789623.39995098,142444666,0,6,280841400,2405,10,1.21,-35.3478957,149.1678809,829.17,23.939001083374023,7.1905598640441895,-3.5370001792907715,0.0,1
1770789623.59987116,142644586,0,6,280841600,2405,10,1.21,-35.3478531,149.1678874,829.87,23.94700050354004,7.1839799880981445,-3.515000104904175,0.0,1
1770789623.79979110,142844506,0,6,280841800,2405,10,1.21,-35.3478104,149.167894,830.57,23.955001831054688,7.1578497886657715,-3.500000238418579,0.0,1
1770789623.99971104,143044426,0,6,280842000,2405,10,1.21,-35.3477677,149.1679006,831.28,23.955001831054688,7.128900051116943,-3.5210001468658447,0.0,1
1770789624.19963098,143244346,0,6,280842200,2405,10,1.21,-35.347725,149.1679071,831.98,23.95600128173828,7.112199783325195,-3.5420000553131104,0.0,1
1770789624.38039207,143425107,0,6,280842400,2405,10,1.21,-35.3476823,149.1679136,832.69,23.963001251220703,7.114589691162109,-3.5240001678466797,0.0,1
1770789624.58031201,143625027,0,6,280842600,2405,10,1.21,-35.3476396,149.1679202,833.39,23.965002059936523,7.110209941864014,-3.5270001888275146,0.0,1
1770789624.78023219,143824947,0,6,280842800,2405,10,1.21,-35.3475969,149.1679267,834.1,23.96700096130371,7.110339641571045,-3.5310001373291016,0.0,1
1770789624.98015213,144024867,0,6,280843000,2405,10,1.21,-35.3475542,149.1679332,834.8,23.974000930786133,7.109279632568359,-3.516000270843506,0.0,1
1770789625.20006418,144244779,0,6,280843200,2405,10,1.21,-35.3475114,149.1679398,835.51,23.977001190185547,7.10090970993042,-3.5190000534057617,0.0,1
1770789625.39998412,144444699,0,6,280843400,2405,10,1.21,-35.3474685,149.1679463,836.21,23.972002029418945,7.090389728546143,-3.5510001182556152,0.0,1
1770789625.59990406,144644619,0,6,280843600,2405,10,1.21,-35.3474258,149.1679528,836.93,23.964000701904297,7.057549953460693,-3.5860002040863037,0.0,1
1770789625.79982400,144844539,0,6,280843800,2405,10,1.21,-35.3473831,149.1679593,837.65,23.961000442504883,7.005300045013428,-3.5840001106262207,0.0,1
1770789625.99974418,145044459,0,6,280844000,2405,10,1.21,-35.3473404,149.1679657,838.36,23.970001220703125,6.969099998474121,-3.5440001487731934,0.0,1
1770789626.19966412,145244379,0,6,280844200,2405,10,1.21,-35.3472977,149.167972,839.06,23.983001708984375,6.961559772491455,-3.491000175476074,0.0,1
1770789626.38042498,145425140,0,6,280844400,2405,10,1.21,-35.3472549,149.1679785,839.76,23.988000869750977,6.959719657897949,-3.492000102996826,0.0,1
1770789626.58034515,145625060,0,6,280844600,2405,10,1.21,-35.3472122,149.1679849,840.46,23.98900032043457,6.941939830780029,-3.5290002822875977,0.0,1
1770789626.78026509,145824980,0,6,280844800,2405,10,1.21,-35.3471694,149.1679912,841.17,23.99300193786621,6.913939952850342,-3.5270001888275146,0.0,1
1770789626.98018503,146024900,0,6,280845000,2405,10,1.21,-35.3471265,149.1679976,841.87,23.999000549316406,6.914330005645752,-3.517000198364258,0.0,1
1770789627.20009708,146244812,0,6,280845200,2405,10,1.21,-35.3470837,149.168004,842.58,24.001001358032227,6.988269805908203,-3.5220000743865967,0.0,1
1770789627.40001702,146444732,0,6,280845400,2405,10,1.21,-35.3470408,149.1680108,843.29,24.030000686645508,8.029319763183594,-3.508000135421753,0.0,1
1770789627.59993696,146644652,0,6,280845600,2405,10,1.21,-35.3469981,149.1680191,843.99,24.131000518798828,9.937479972839355,-3.509000062942505,0.0,1
1770789627.79985714,146844572,0,6,280845800,2405,10,1.21,-35.3469554,149.168029,844.69,24.272001266479492,11.44005012512207,-3.5330002307891846,0.0,1
1770789627.99977708,147044492,0,6,280846000,2405,10,1.21,-35.3469127,149.1680402,845.39,24.398000717163086,12.430739402770996,-3.5530002117156982,0.0,1
1770789628.19969702,147244412,0,6,280846200,2405,10,1.21,-35.3468699,149.1680521,846.11,24.48900032043457,13.191609382629395,-3.6040000915527344,0.0,1
1770789628.39961696,147444332,0,6,280846400,2405,10,1.21,-35.3468271,149.1680647,846.84,24.547000885009766,13.805989265441895,-3.6610002517700195,0.0,1
1770789628.58037806,147625093,0,6,280846600,2405,10,1.21,-35.3467842,149.1680778,847.58,24.575000762939453,14.284839630126953,-3.68500018119812,0.0,1
1770789628.78029799,147825013,0,6,280846800,2405,10,1.21,-35.3467415,149.1680914,848.32,24.57000160217285,14.66919994354248,-3.7090001106262207,0.0,1
1770789628.98021817,148024933,0,6,280847000,2405,10,1.21,-35.3466989,149.1681052,849.06,24.549001693725586,14.993759155273438,-3.7180001735687256,0.0,1
1770789629.18013811,148224853,0,6,280847200,2405,10,1.21,-35.3466564,149.1681194,849.8,24.51700210571289,15.280200004577637,-3.7280001640319824,0.0,1
1770789629.40005016,148444765,0,6,280847400,2405,10,1.21,-35.3466139,149.1681337,850.55,24.470001220703125,15.543679237365723,-3.766000270843506,0.0,1
1770789629.59997010,148644685,0,6,280847600,2405,10,1.21,-35.3465714,149.1681482,851.3,24.424001693725586,15.768169403076172,-3.756000280380249,0.0,1
1770789629.79989004,148844605,0,6,280847800,2405,10,1.21,-35.3465293,149.168163,852.05,24.387001037597656,15.954849243164062,-3.688000202178955,0.0,1
1770789629.99980998,149044525,0,6,280848000,2405,10,1.21,-35.3464872,149.1681778,852.79,24.34200096130371,16.125669479370117,-3.693000078201294,0.0,1
1770789630.19973016,149244445,0,6,280848200,2405,10,1.21,-35.3464453,149.1681927,853.53,24.27800178527832,16.270580291748047,-3.76200008392334,0.0,1
1770789630.39965010,149444365,0,6,280848400,2405,10,1.21,-35.3464036,149.1682077,854.28,24.222002029418945,16.373519897460938,-3.745000123977661,0.0,1
1770789630.58041096,149625126,0,6,280848600,2405,10,1.21,-35.3463619,149.1682228,855.02,24.181001663208008,16.454660415649414,-3.6650002002716064,0.0,1
1770789630.78033113,149825046,0,6,280848800,2405,10,1.21,-35.3463203,149.1682379,855.75,24.143001556396484,16.53462028503418,-3.622000217437744,0.0,1
1770789630.98025107,150024966,0,6,280849000,2405,10,1.21,-35.3462787,149.168253,856.48,24.100000381469727,16.602109909057617,-3.622000217437744,0.0,1
1770789631.18017101,150224886,0,6,280849200,2405,10,1.21,-35.3462373,149.1682682,857.2,24.054000854492188,16.657230377197266,-3.6460001468658447,0.0,1
1770789631.40008307,150444798,0,6,280849400,2405,10,1.21,-35.3461959,149.1682834,857.94,24.005001068115234,16.72364044189453,-3.705000162124634,0.0,1
1770789631.60000300,150644718,0,6,280849600,2405,10,1.21,-35.3461546,149.1682987,858.68,23.963001251220703,16.78973960876465,-3.7200002670288086,0.0,1
1770789631.79992318,150844638,0,6,280849800,2405,10,1.21,-35.3461134,149.168314,859.42,23.942001342773438,16.8186092376709,-3.620000123977661,0.0,1
1770789631.99984312,151044558,0,6,280850000,2405,10,1.21,-35.3460722,149.1683292,860.13,23.934001922607422,16.836488723754883,-3.514000177383423,0.0,1
1770789632.19976306,151244478,0,6,280850200,2405,10,1.21,-35.3460311,149.1683445,860.83,23.92300033569336,16.888778686523438,-3.5210001468658447,0.0,1
1770789632.39968300,151444398,0,6,280850400,2405,10,1.21,-35.34599,149.1683598,861.54,23.906002044677734,16.939208984375,-3.558000087738037,0.0,1
1770789632.59960318,151644318,0,6,280850600,2405,10,1.21,-35.345949,149.1683751,862.25,23.891000747680664,16.964540481567383,-3.5500001907348633,0.0,1
1770789632.78036404,151825079,0,6,280850800,2405,10,1.21,-35.3459079,149.1683905,862.96,23.87900161743164,16.97909927368164,-3.5390002727508545,0.0,1
1770789632.98028398,152024999,0,6,280851000,2405,10,1.21,-35.345867,149.1684058,863.67,23.8700008392334,17.007429122924805,-3.5500001907348633,0.0,1
1770789633.18020415,152224919,0,6,280851200,2405,10,1.21,-35.345826,149.1684212,864.38,23.85300064086914,17.0391788482666,-3.577000141143799,0.0,1
1770789633.38012409,152424839,0,6,280851400,2405,10,1.21,-35.345785,149.1684367,865.1,23.832000732421875,17.041500091552734,-3.5830001831054688,0.0,1
1770789633.60003614,152644751,0,6,280851600,2405,10,1.21,-35.345744,149.1684521,865.81,23.82000160217285,17.0421199798584,-3.561000108718872,0.0,1
1770789633.79995608,152844671,0,6,280851800,2405,10,1.21,-35.345703,149.1684675,866.52,23.815000534057617,17.051359176635742,-3.5430002212524414,0.0,1
1770789633.99987602,153044591,0,6,280852000,2405,10,1.21,-35.3456621,149.1684828,867.23,23.806001663208008,17.05426025390625,-3.55400013923645,0.0,1
1770789634.19979596,153244511,0,6,280852200,2405,10,1.21,-35.3456213,149.1684982,867.95,23.795001983642578,17.05345916748047,-3.575000286102295,0.0,1
1770789634.39971614,153444431,0,6,280852400,2405,10,1.21,-35.3455804,149.1685135,868.66,23.790000915527344,17.071279525756836,-3.578000068664551,0.0,1
1770789634.59963608,153644351,0,6,280852600,2405,10,1.21,-35.3455395,149.1685289,869.38,23.78900146484375,17.09235954284668,-3.570000171661377,0.0,1
1770789634.78039718,153825112,0,6,280852800,2405,10,1.21,-35.3454988,149.1685444,870.09,23.78700065612793,17.096858978271484,-3.556000232696533,0.0,1
1770789634.98031712,154025032,0,6,280853000,2405,10,1.21,-35.3454579,149.1685598,870.8,23.78700065612793,17.097820281982422,-3.5500001907348633,0.0,1
1770789635.18023705,154224952,0,6,280853200,2405,10,1.21,-35.345417,149.1685752,871.51,23.784000396728516,17.1052303314209,-3.56000018119812,0.0,1
1770789635.38015699,154424872,0,6,280853400,2405,10,1.21,-35.3453763,149.1685905,872.23,23.780000686645508,17.124839782714844,-3.578000068664551,0.0,1
1770789635.60006905,154644784,0,6,280853600,2405,10,1.21,-35.3453353,149.168606,872.95,23.77800178527832,17.13953971862793,-3.5840001106262207,0.0,1
1770789635.79998899,154844704,0,6,280853800,2405,10,1.21,-35.3452944,149.1686215,873.66,23.777000427246094,17.153799057006836,-3.578000068664551,0.0,1
1770789635.99990916,155044624,0,6,280854000,2405,10,1.21,-35.3452537,149.1686369,874.38,23.7760009765625,17.17024040222168,-3.5850002765655518,0.0,1
1770789636.19982910,155244544,0,6,280854200,2405,10,1.21,-35.3452128,149.1686524,875.09,23.779001235961914,17.185468673706055,-3.582000255584717,0.0,1
1770789636.39974904,155444464,0,6,280854400,2405,10,1.21,-35.3451721,149.1686679,875.81,23.780000686645508,17.18347930908203,-3.555000066757202,0.0,1
1770789636.59966898,155644384,0,6,280854600,2405,10,1.21,-35.3451313,149.1686833,876.52,23.770000457763672,17.13488006591797,-3.5390002727508545,0.0,1
1770789636.80042195,155845137,0,6,280854800,2405,10,1.21,-35.3450905,149.1686987,877.22,23.76300048828125,17.10651969909668,-3.5510001182556152,0.0,1
1770789636.98035002,156025065,0,6,280855000,2405,10,1.21,-35.3450497,149.1687141,877.93,23.769001007080078,17.11517906188965,-3.5460002422332764,0.0,1
1770789637.18026996,156224985,0,6,280855200,2405,10,1.21,-35.3450088,149.1687294,878.64,23.780000686645508,17.11236000061035,-3.505000114440918,0.0,1
1770789637.38019013,156424905,0,6,280855400,2405,10,1.21,-35.3449681,149.1687446,879.33,23.63300132751465,16.42296028137207,-3.4160001277923584,0.0,1
1770789637.60010219,156644817,0,6,280855600,2405,10,1.21,-35.3449274,149.1687586,880.01,23.334001541137695,14.762239456176758,-3.325000047683716,0.0,1
1770789637.80002213,156844737,0,6,280855800,2405,10,1.21,-35.3448868,149.1687709,880.67,23.168001174926758,13.077019691467285,-3.250000238418579,0.0,1
1770789637.99994206,157044657,0,6,280856000,2405,10,1.21,-35.3448462,149.1687819,881.31,23.174001693725586,11.837039947509766,-3.1670000553131104,0.0,1
1770789638.19986200,157244577,0,6,280856200,2405,10,1.21,-35.3448054,149.168792,881.94,23.24700164794922,10.893169403076172,-3.129000186920166,0.0,1
1770789638.39978218,157444497,0,6,280856400,2405,10,1.21,-35.3447642,149.1688013,882.56,23.340002059936523,10.148369789123535,-3.1500000953674316,0.0,1
1770789638.59970212,157644417,0,6,280856600,2405,10,1.21,-35.3447228,149.1688101,883.2,23.431001663208008,9.563419342041016,-3.2180001735687256,0.0,1
1770789638.79962206,157844337,0,6,280856800,2405,10,1.21,-35.3446812,149.1688184,883.85,23.519001007080078,9.137879371643066,-3.2790000438690186,0.0,1
1770789638.98038316,158025098,0,6,280857000,2405,10,1.21,-35.3446394,149.1688266,884.51,23.601001739501953,8.831500053405762,-3.320000171661377,0.0,1
1770789639.18030310,158225018,0,6,280857200,2405,10,1.21,-35.3445974,149.1688345,885.17,23.674001693725586,8.580249786376953,-3.3530001640319824,0.0,1
1770789639.38022304,158424938,0,6,280857400,2405,10,1.21,-35.3445554,149.1688422,885.85,23.735000610351562,8.385910034179688,-3.3940000534057617,0.0,1
1770789639.58014297,158624858,0,6,280857600,2405,10,1.21,-35.3445131,149.1688497,886.53,23.784000396728516,8.248169898986816,-3.437000274658203,0.0,1
1770789639.80005503,158844770,0,6,280857800,2405,10,1.21,-35.3444707,149.1688572,887.23,23.826000213623047,8.128660202026367,-3.4590001106262207,0.0,1
1770789639.99997497,159044690,0,6,280858000,2405,10,1.21,-35.3444283,149.1688646,887.92,23.862001419067383,8.047499656677246,-3.4720001220703125,0.0,1
1770789640.19989514,159244610,0,6,280858200,2405,10,1.21,-35.3443858,149.1688719,888.61,23.897001266479492,7.997289657592773,-3.4730000495910645,0.0,1
1770789640.39981508,159444530,0,6,280858400,2405,10,1.21,-35.3443433,149.1688792,889.31,23.933000564575195,7.967679977416992,-3.4690001010894775,0.0,1
1770789640.59973502,159644450,0,6,280858600,2405,10,1.21,-35.3443007,149.1688865,890.0,23.961000442504883,7.961009979248047,-3.4850001335144043,0.0,1
1770789640.79965496,159844370,0,6,280858800,2405,10,1.21,-35.344258,149.1688938,890.69,23.98600196838379,7.952859878540039,-3.494000196456909,0.0,1
1770789640.98041606,160025131,0,6,280859000,2405,10,1.21,-35.3442153,149.1689012,891.4,24.003000259399414,7.9575300216674805,-3.507000207901001,0.0,1
1770789641.18033600,160225051,0,6,280859200,2405,10,1.21,-35.3441726,149.1689085,892.1,24.012001037597656,7.96550989151001,-3.5320000648498535,0.0,1
1770789641.38025618,160424971,0,6,280859400,2405,10,1.21,-35.3441299,149.1689158,892.81,24.023000717163086,7.949549674987793,-3.5360002517700195,0.0,1
1770789641.58017612,160624891,0,6,280859600,2405,10,1.21,-35.3440872,149.1689231,893.52,24.036001205444336,7.931869983673096,-3.5230002403259277,0.0,1
1770789641.80008817,160844803,0,6,280859800,2405,10,1.21,-35.3440443,149.1689304,894.22,24.046001434326172,7.91841983795166,-3.5260002613067627,0.0,1
1770789642.00000811,161044723,0,6,280860000,2405,10,1.21,-35.3440015,149.1689377,894.93,24.051000595092773,7.910689830780029,-3.5500001907348633,0.0,1
1770789642.19992805,161244643,0,6,280860200,2405,10,1.21,-35.3439587,149.168945,895.64,24.054000854492188,7.902899742126465,-3.575000286102295,0.0,1
1770789642.39984798,161444563,0,6,280860400,2405,10,1.21,-35.3439159,149.1689523,896.36,24.052001953125,7.892889976501465,-3.6010000705718994,0.0,1
1770789642.59976816,161644483,0,6,280860600,2405,10,1.21,-35.343873,149.1689596,897.07,24.059001922607422,7.89169979095459,-3.571000099182129,0.0,1
1770789642.79968810,161844403,0,6,280860800,2405,10,1.21,-35.3438303,149.1689668,897.79,24.078001022338867,7.88608980178833,-3.498000144958496,0.0,1
1770789642.99960804,162044323,0,6,280861000,2405,10,1.21,-35.3437874,149.1689741,898.48,24.09400177001953,7.882899761199951,-3.4630000591278076,0.0,1
1770789643.18036914,162225084,0,6,280861200,2405,10,1.21,-35.3437445,149.1689814,899.17,24.106000900268555,7.876819610595703,-3.4660000801086426,0.0,1
1770789643.38028908,162425004,0,6,280861400,2405,10,1.21,-35.3437016,149.1689887,899.87,24.11600112915039,7.8887200355529785,-3.4800002574920654,0.0,1
1770789643.58020902,162624924,0,6,280861600,2405,10,1.21,-35.3436587,149.168996,900.56,24.119001388549805,7.927680015563965,-3.5210001468658447,0.0,1
1770789643.78012896,162824844,0,6,280861800,2405,10,1.21,-35.3436158,149.1690033,901.28,24.11800193786621,7.964639663696289,-3.56600022315979,0.0,1
1770789644.00004101,163044756,0,6,280862000,2405,10,1.21,-35.3435728,149.1690107,902.0,24.117000579833984,7.981989860534668,-3.5920002460479736,0.0,1
1770789644.19996119,163244676,0,6,280862200,2405,10,1.21,-35.3435298,149.1690181,902.71,24.11800193786621,7.983089923858643,-3.580000162124634,0.0,1
1770789644.39988112,163444596,0,6,280862400,2405,10,1.21,-35.3434869,149.1690254,903.42,24.126001358032227,7.995509624481201,-3.5460002422332764,0.0,1
1770789644.59980106,163644516,0,6,280862600,2405,10,1.21,-35.343444,149.1690329,904.13,24.132001876831055,8.018189430236816,-3.5230002403259277,0.0,1
1770789644.79972100,163844436,0,6,280862800,2405,10,1.21,-35.3434011,149.1690403,904.83,24.139001846313477,8.047470092773438,-3.513000249862671,0.0,1
1770789644.99964118,164044356,0,6,280863000,2405,10,1.21,-35.3433582,149.1690477,905.54,24.13800048828125,8.07565975189209,-3.5420000553131104,0.0,1
1770789645.18040204,164225117,0,6,280863200,2405,10,1.21,-35.3433153,149.1690552,906.25,24.136001586914062,8.089189529418945,-3.56600022315979,0.0,1
1770789645.38032198,164425037,0,6,280863400,2405,10,1.21,-35.3432724,149.1690627,906.96,24.142000198364258,8.101929664611816,-3.5470001697540283,0.0,1
1770789645.58024216,164624957,0,6,280863600,2405,10,1.21,-35.3432294,149.1690702,907.67,24.147001266479492,8.09883975982666,-3.5230002403259277,0.0,1
1770789645.78016210,164824877,0,6,280863800,2405,10,1.21,-35.3431865,149.1690777,908.38,24.156002044677734,8.07765007019043,-3.502000093460083,0.0,1
1770789646.00007415,165044789,0,6,280864000,2405,10,1.21,-35.3431434,149.1690851,909.07,24.161001205444336,8.045499801635742,-3.507000207901001,0.0,1
1770789646.19999409,165244709,0,6,280864200,2405,10,1.21,-35.3431004,149.1690926,909.78,24.160001754760742,8.005339622497559,-3.5380001068115234,0.0,1
1770789646.39991403,165444629,0,6,280864400,2405,10,1.21,-35.3430574,149.1691,910.49,24.160001754760742,7.968079566955566,-3.5470001697540283,0.0,1
1770789646.59983397,165644549,0,6,280864600,2405,10,1.21,-35.3430144,149.1691073,911.19,24.160001754760742,7.933290004730225,-3.5470001697540283,0.0,1
1770789646.79975414,165844469,0,6,280864800,2405,10,1.21,-35.3429715,149.1691147,911.91,24.158000946044922,7.92773962020874,-3.579000234603882,0.0,1
1770789646.99967408,166044389,0,6,280865000,2405,10,1.21,-35.3429285,149.169122,912.63,24.160001754760742,7.92842960357666,-3.5870001316070557,0.0,1
1770789647.20042706,166245142,0,6,280865200,2405,10,1.21,-35.3428854,149.1691293,913.34,24.167001724243164,7.905519962310791,-3.557000160217285,0.0,1
1770789647.38035512,166425070,0,6,280865400,2405,10,1.21,-35.3428425,149.1691368,914.05,24.190000534057617,8.542670249938965,-3.509000062942505,0.0,1
1770789647.58027506,166624990,0,6,280865600,2405,10,1.21,-35.3427996,149.1691454,914.75,24.277000427246094,10.197189331054688,-3.4760000705718994,0.0,1
1770789647.78019500,166824910,0,6,280865800,2405,10,1.21,-35.3427566,149.1691558,915.44,24.431001663208008,11.844439506530762,-3.4670002460479736,0.0,1
1770789648.00010705,167044822,0,6,280866000,2405,10,1.21,-35.3427135,149.1691674,916.14,24.584001541137695,12.957539558410645,-3.4860000610351562,0.0,1
1770789648.20002699,167244742,0,6,280866200,2405,10,1.21,-35.3426704,149.1691799,916.84,24.69900131225586,13.793930053710938,-3.568000078201294,0.0,1
1770789648.39994717,167444662,0,6,280866400,2405,10,1.21,-35.3426274,149.1691933,917.56,24.772001266479492,14.43355941772461,-3.6510002613067627,0.0,1
1770789648.59986711,167644582,0,6,280866600,2405,10,1.21,-35.3425843,149.1692071,918.3,24.812000274658203,14.924049377441406,-3.696000099182129,0.0,1
1770789648.79978704,167844502,0,6,280866800,2405,10,1.21,-35.3425412,149.1692214,919.04,24.83100128173828,15.334949493408203,-3.7100002765655518,0.0,1
1770789648.99970698,168044422,0,6,280867000,2405,10,1.21,-35.3424983,149.169236,919.78,24.832000732421875,15.687949180603027,-3.7110002040863037,0.0,1
1770789649.19962716,168244342,0,6,280867200,2405,10,1.21,-35.3424554,149.1692509,920.53,24.812000274658203,15.973599433898926,-3.7350001335144043,0.0,1
1770789649.38038802,168425103,0,6,280867400,2405,10,1.21,-35.3424126,149.169266,921.27,24.777000427246094,16.192838668823242,-3.755000114440918,0.0,1
1770789649.58030796,168625023,0,6,280867600,2405,10,1.21,-35.3423699,149.1692814,922.02,24.74100112915039,16.380229949951172,-3.7330002784729004,0.0,1
1770789649.78022814,168824943,0,6,280867800,2405,10,1.21,-35.3423273,149.1692968,922.77,24.709001541137695,16.555540084838867,-3.694000244140625,0.0,1
1770789649.98014808,169024863,0,6,280868000,2405,10,1.21,-35.3422848,149.1693124,923.51,24.671001434326172,16.72066879272461,-3.694000244140625,0.0,1
1770789650.20006013,169244775,0,6,280868200,2405,10,1.21,-35.3422424,149.169328,924.25,24.626001358032227,16.87281036376953,-3.7240002155303955,0.0,1
1770789650.39998007,169444695,0,6,280868400,2405,10,1.21,-35.3422001,149.1693439,925.0,24.577001571655273,16.978809356689453,-3.7300002574920654,0.0,1
1770789650.59990001,169644615,0,6,280868600,2405,10,1.21,-35.3421579,149.1693597,925.74,24.529001235961914,17.05661964416504,-3.7200002670288086,0.0,1
1770789650.79982018,169844535,0,6,280868800,2405,10,1.21,-35.3421158,149.1693756,926.49,24.48600196838379,17.131519317626953,-3.705000162124634,0.0,1
1770789650.99974012,170044455,0,6,280869000,2405,10,1.21,-35.3420738,149.1693915,927.22,24.44900131225586,17.191360473632812,-3.680000066757202,0.0,1
1770789651.19966006,170244375,0,6,280869200,2405,10,1.21,-35.3420319,149.1694074,927.95,24.413002014160156,17.2307186126709,-3.6500000953674316,0.0,1
1770789651.38042116,170425136,0,6,280869400,2405,10,1.21,-35.3419901,149.1694233,928.68,24.382001876831055,17.278709411621094,-3.630000114440918,0.0,1
1770789651.58034110,170625056,0,6,280869600,2405,10,1.21,-35.3419483,149.1694393,929.41,24.35700035095215,17.34263038635254,-3.631000280380249,0.0,1
1770789651.78026104,170824976,0,6,280869800,2405,10,1.21,-35.3419065,149.1694552,930.13,24.33100128173828,17.399869918823242,-3.631000280380249,0.0,1
1770789651.98018098,171024896,0,6,280870000,2405,10,1.21,-35.3418649,149.1694713,930.86,24.312000274658203,17.455949783325195,-3.620000123977661,0.0,1
1770789652.20009303,171244808,0,6,280870200,2405,10,1.21,-35.3418231,149.1694875,931.58,24.29800033569336,17.511838912963867,-3.617000102996826,0.0,1
1770789652.40001297,171444728,0,6,280870400,2405,10,1.21,-35.3417814,149.1695036,932.31,24.27800178527832,17.550800323486328,-3.625000238418579,0.0,1
1770789652.59993315,171644648,0,6,280870600,2405,10,1.21,-35.3417399,149.1695197,933.04,24.262001037597656,17.56723976135254,-3.614000082015991,0.0,1
1770789652.79985309,171844568,0,6,280870800,2405,10,1.21,-35.3416984,149.1695358,933.76,24.24700164794922,17.574508666992188,-3.5950002670288086,0.0,1
1770789652.99977303,172044488,0,6,280871000,2405,10,1.21,-35.3416569,149.1695519,934.47,24.233001708984375,17.578060150146484,-3.574000120162964,0.0,1
1770789653.19969296,172244408,0,6,280871200,2405,10,1.21,-35.3416154,149.1695681,935.18,24.227001190185547,17.58378028869629,-3.5460002422332764,0.0,1
1770789653.39961314,172444328,0,6,280871400,2405,10,1.21,-35.3415739,149.1695842,935.89,24.224000930786133,17.610078811645508,-3.5450000762939453,0.0,1
1770789653.58037400,172625089,0,6,280871600,2405,10,1.21,-35.3415325,149.1696003,936.6,24.22300148010254,17.64068031311035,-3.5430002212524414,0.0,1
1770789653.78029418,172825009,0,6,280871800,2405,10,1.21,-35.341491,149.1696165,937.31,24.216001510620117,17.647279739379883,-3.555000066757202,0.0,1
1770789653.98021412,173024929,0,6,280872000,2405,10,1.21,-35.3414496,149.1696327,938.03,24.203001022338867,17.647729873657227,-3.5810000896453857,0.0,1
1770789654.18013406,173224849,0,6,280872200,2405,10,1.21,-35.3414081,149.1696488,938.74,24.196001052856445,17.642358779907227,-3.576000213623047,0.0,1
1770789654.40004611,173444761,0,6,280872400,2405,10,1.21,-35.3413666,149.169665,939.45,24.191001892089844,17.639490127563477,-3.57200026512146,0.0,1
1770789654.59996605,173644681,0,6,280872600,2405,10,1.21,-35.3413252,149.1696811,940.17,24.185001373291016,17.644550323486328,-3.57200026512146,0.0,1
1770789654.79988599,173844601,0,6,280872800,2405,10,1.21,-35.3412838,149.1696973,940.89,24.18000030517578,17.654430389404297,-3.5850002765655518,0.0,1
1770789654.99980617,174044521,0,6,280873000,2405,10,1.21,-35.3412425,149.1697135,941.61,24.179000854492188,17.675600051879883,-3.5920002460479736,0.0,1
1770789655.19972610,174244441,0,6,280873200,2405,10,1.21,-35.3412011,149.1697297,942.32,24.183000564575195,17.697158813476562,-3.57200026512146,0.0,1
1770789655.39964604,174444361,0,6,280873400,2405,10,1.21,-35.3411597,149.1697459,943.03,24.184001922607422,17.703128814697266,-3.5510001182556152,0.0,1
1770789655.58040714,174625122,0,6,280873600,2405,10,1.21,-35.3411183,149.169762,943.74,24.183000564575195,17.69390869140625,-3.5320000648498535,0.0,1
1770789655.78032708,174825042,0,6,280873800,2405,10,1.21,-35.341077,149.1697782,944.44,24.18600082397461,17.68682861328125,-3.5230002403259277,0.0,1
1770789655.98024702,175024962,0,6,280874000,2405,10,1.21,-35.3410356,149.1697944,945.15,24.18600082397461,17.69968032836914,-3.5530002117156982,0.0,1
1770789656.18016696,175224882,0,6,280874200,2405,10,1.21,-35.3409942,149.1698106,945.87,24.1820011138916,17.726558685302734,-3.5970001220703125,0.0,1
1770789656.40007901,175444794,0,6,280874400,2405,10,1.21,-35.3409527,149.1698268,946.59,24.18000030517578,17.74264907836914,-3.6020002365112305,0.0,1
1770789656.59999919,175644714,0,6,280874600,2405,10,1.21,-35.3409113,149.169843,947.31,24.183000564575195,17.743459701538086,-3.576000213623047,0.0,1
1770789656.79991913,175844634,0,6,280874800,2405,10,1.21,-35.3408699,149.1698593,948.02,24.190000534057617,17.74201011657715,-3.555000066757202,0.0,1
1770789656.99983907,176044554,0,6,280875000,2405,10,1.21,-35.3408285,149.1698755,948.73,24.19300079345703,17.74542999267578,-3.558000087738037,0.0,1
1770789657.19975901,176244474,0,6,280875200,2405,10,1.21,-35.3407872,149.1698917,949.44,24.18800163269043,17.721038818359375,-3.5490002632141113,0.0,1
1770789657.39967918,176444394,0,6,280875400,2405,10,1.21,-35.3407458,149.1699078,950.15,24.07200050354004,17.221799850463867,-3.501000165939331,0.0,1
1770789657.59959912,176644314,0,6,280875600,2405,10,1.21,-35.3407046,149.1699229,950.84,23.796001434326172,15.814419746398926,-3.444000244140625,0.0,1
1770789657.78035998,176825075,0,6,280875800,2405,10,1.21,-35.3406635,149.1699363,951.52,23.593000411987305,14.140419960021973,-3.3370001316070557,0.0,1
1770789657.98028016,177024995,0,6,280876000,2405,10,1.21,-35.3406223,149.1699484,952.18,23.578001022338867,12.867839813232422,-3.182000160217285,0.0,1
1770789658.18020010,177224915,0,6,280876200,2405,10,1.21,-35.3405809,149.1699595,952.81,23.639001846313477,11.905019760131836,-3.1130001544952393,0.0,1
1770789658.38012004,177424835,0,6,280876400,2405,10,1.21,-35.3405393,149.1699699,953.43,23.714000701904297,11.149829864501953,-3.1430001258850098,0.0,1
1770789658.60003209,177644747,0,6,280876600,2405,10,1.21,-35.3404972,149.1699798,954.07,23.761001586914062,10.581399917602539,-3.257000207901001,0.0,1
1770789658.79995203,177844667,0,6,280876800,2405,10,1.21,-35.3404553,149.1699893,954.73,23.624000549316406,10.19098949432373,-3.3400001525878906,0.0,1
1770789658.99987197,178044587,0,6,280877000,2405,10,1.21,-35.3404139,149.1699982,955.39,23.11600112915039,9.961939811706543,-3.2740001678466797,0.0,1
1770789659.19979215,178244507,0,6,280877200,2405,10,1.21,-35.3403737,149.1700068,956.03,22.196001052856445,9.87306022644043,-3.0950000286102295,0.0,1
1770789659.39971209,178444427,0,6,280877400,2405,10,1.21,-35.3403354,149.1700149,956.63,21.045000076293945,9.865729331970215,-2.80400013923645,0.0,1
1770789659.59963202,178644347,0,6,280877600,2405,10,1.21,-35.3402993,149.1700227,957.15,19.897001266479492,9.87593936920166,-2.442000150680542,0.0,1
1770789659.78039312,178825108,0,6,280877800,2405,10,1.21,-35.340265,149.17003,957.6,18.839000701904297,9.881810188293457,-2.075000047683716,0.0,1
1770789659.98031306,179025028,0,6,280878000,2405,10,1.21,-35.3402326,149.1700369,957.98,17.878000259399414,9.882450103759766,-1.7430000305175781,0.0,1
1770789660.18023300,179224948,0,6,280878200,2405,10,1.21,-35.3402017,149.1700435,958.3,17.00400161743164,9.879969596862793,-1.4630000591278076,0.0,1
1770789660.38015318,179424868,0,6,280878400,2405,10,1.21,-35.3401724,149.1700498,958.57,16.20800018310547,9.875269889831543,-1.2320001125335693,0.0,1
1770789660.60006499,179644780,0,6,280878600,2405,10,1.21,-35.3401443,149.1700558,958.79,15.47900104522705,9.868969917297363,-1.0380001068115234,0.0,1
1770789660.79998517,179844700,0,6,280878800,2405,10,1.21,-35.3401175,149.1700615,958.99,14.81100082397461,9.861559867858887,-0.8670000433921814,0.0,1
1770789660.99990511,180044620,0,6,280879000,2405,10,1.21,-35.3400918,149.170067,959.15,14.199000358581543,9.853119850158691,-0.7110000252723694,0.0,1
1770789661.19982505,180244540,0,6,280879200,2405,10,1.21,-35.3400672,149.1700722,959.27,13.63800048828125,9.843759536743164,-0.5660000443458557,0.0,1
1770789661.39974499,180444460,0,6,280879400,2405,10,1.21,-35.3400435,149.1700773,959.37,13.123001098632812,9.83390998840332,-0.43400001525878906,0.0,1
1770789661.59966516,180644380,0,6,280879600,2405,10,1.21,-35.3400207,149.1700821,959.44,12.65000057220459,9.823999404907227,-0.31300002336502075,0.0,1
1770789661.78042603,180825141,0,6,280879800,2405,10,1.21,-35.3399987,149.1700867,959.5,12.214000701904297,9.814229965209961,-0.20400001108646393,0.0,1
1770789661.98034596,181025061,0,6,280880000,2405,10,1.21,-35.3399774,149.1700913,959.53,11.813000679016113,9.804259300231934,-0.10500000417232513,0.0,1
1770789662.18026614,181224981,0,6,280880200,2405,10,1.21,-35.3399569,149.1700956,959.54,11.443000793457031,9.79379940032959,-0.017000000923871994,0.0,1
1770789662.38018608,181424901,0,6,280880400,2405,10,1.21,-35.339937,149.1700998,959.53,11.10200023651123,9.782879829406738,0.06200000271201134,0.0,1
1770789662.60009813,181644813,0,6,280880600,2405,10,1.21,-35.3399176,149.1701039,959.51,10.78600025177002,9.771550178527832,0.13199999928474426,0.0,1
1770789662.80001807,181844733,0,6,280880800,2405,10,1.21,-35.3398987,149.1701079,959.48,10.493000030517578,9.759960174560547,0.1940000057220459,0.0,1
1770789662.99993801,182044653,0,6,280881000,2405,10,1.21,-35.3398803,149.1701118,959.44,10.222000122070312,9.74821949005127,0.25,0.0,1
1770789663.19985819,182244573,0,6,280881200,2405,10,1.21,-35.3398624,149.1701155,959.38,9.972000122070312,9.736410140991211,0.30300000309944153,0.0,1
1770789663.39977813,182444493,0,6,280881400,2405,10,1.21,-35.339845,149.1701192,959.31,9.74000072479248,9.72461986541748,0.3540000021457672,0.0,1
1770789663.59969807,182644413,0,6,280881600,2405,10,1.21,-35.339828,149.1701228,959.24,9.526000022888184,9.712929725646973,0.40300002694129944,0.0,1
1770789663.79961801,182844333,0,6,280881800,2405,10,1.21,-35.3398113,149.1701263,959.15,9.32800006866455,9.701379776000977,0.4480000138282776,0.0,1
1770789663.98037910,183025094,0,6,280882000,2405,10,1.21,-35.3397949,149.1701297,959.06,9.146000862121582,9.689990043640137,0.4870000183582306,0.0,1
1770789664.18029904,183225014,0,6,280882200,2405,10,1.21,-35.3397789,149.170133,958.96,8.976000785827637,9.67883014678955,0.5210000276565552,0.0,1
1770789664.38021898,183424934,0,6,280882400,2405,10,1.21,-35.3397632,149.1701364,958.85,8.820000648498535,9.667940139770508,0.5530000329017639,0.0,1
1770789664.58013916,183624854,0,6,280882600,2405,10,1.21,-35.3397477,149.1701395,958.74,8.675000190734863,9.657349586486816,0.5830000042915344,0.0,1
1770789664.80005097,183844766,0,6,280882800,2405,10,1.21,-35.3397324,149.1701428,958.62,8.539999961853027,9.647049903869629,0.609000027179718,0.0,1
1770789664.99997115,184044686,0,6,280883000,2405,10,1.21,-35.3397173,149.1701459,958.5,8.414999961853027,9.637060165405273,0.6310000419616699,0.0,1
1770789665.19989109,184244606,0,6,280883200,2405,10,1.21,-35.3397025,149.170149,958.37,8.29800033569336,9.627419471740723,0.6500000357627869,0.0,1
1770789665.39981103,184444526,0,6,280883400,2405,10,1.21,-35.3396879,149.1701521,958.24,8.189000129699707,9.618120193481445,0.6670000553131104,0.0,1
1770789665.59973097,184644446,0,6,280883600,2405,10,1.21,-35.3396735,149.170155,958.1,8.088000297546387,9.609210014343262,0.6890000104904175,0.0,1
1770789665.79965115,184844366,0,6,280883800,2405,10,1.21,-35.3396593,149.1701579,957.96,7.997000217437744,9.600749969482422,0.7280000448226929,0.0,1
1770789665.98041201,185025127,0,6,280884000,2405,10,1.21,-35.3396452,149.1701609,957.81,7.922000408172607,9.592840194702148,0.796000063419342,0.0,1
1770789666.18033218,185225047,0,6,280884200,2405,10,1.21,-35.3396312,149.1701638,957.64,7.868000507354736,9.585470199584961,0.8890000581741333,0.0,1
1770789666.38025212,185424967,0,6,280884400,2405,10,1.21,-35.3396173,149.1701666,957.44,7.840000152587891,9.57858943939209,0.9960000514984131,0.0,1
1770789666.58017206,185624887,0,6,280884600,2405,10,1.21,-35.3396034,149.1701695,957.24,7.837000370025635,9.572189331054688,1.1080000400543213,0.0,1
1770789666.80008411,185844799,0,6,280884800,2405,10,1.21,-35.3395895,149.1701724,957.01,7.8600006103515625,9.566229820251465,1.2190001010894775,0.0,1
1770789667.00000405,186044719,0,6,280885000,2405,10,1.21,-35.3395756,149.1701753,956.75,7.906000137329102,9.560699462890625,1.3250000476837158,0.0,1
1770789667.19992399,186244639,0,6,280885200,2405,10,1.21,-35.3395615,149.1701782,956.48,7.973000526428223,9.555580139160156,1.4180001020431519,0.0,1
1770789667.39984417,186444559,0,6,280885400,2405,10,1.21,-35.3395473,149.1701812,956.19,8.0600004196167,9.958290100097656,1.4910000562667847,0.0,1
1770789667.59976411,186644479,0,6,280885600,2405,10,1.21,-35.339533,149.1701846,955.89,8.193000793457031,12.433289527893066,1.475000023841858,0.0,1
1770789667.79968405,186844399,0,6,280885800,2405,10,1.21,-35.3395185,149.1701892,955.61,8.462000846862793,17.346269607543945,1.321000099182129,0.0,1
1770789667.99960399,187044319,0,6,280886000,2405,10,1.21,-35.3395039,149.1701957,955.36,8.896000862121582,22.542848587036133,1.1120001077651978,0.0,1
1770789668.18036509,187225080,0,6,280886200,2405,10,1.21,-35.339489,149.1702042,955.16,9.337000846862793,26.373619079589844,0.8630000352859497,0.0,1
1770789668.38028502,187425000,0,6,280886400,2405,10,1.21,-35.3394739,149.1702139,955.03,9.575000762939453,28.905778884887695,0.43700000643730164,0.0,1
1770789668.58020496,187624920,0,6,280886600,2405,10,1.21,-35.339459,149.1702244,955.01,9.556000709533691,31.216808319091797,-0.1940000057220459,0.0,1
1770789668.78012514,187824840,0,6,280886800,2405,10,1.21,-35.3394447,149.1702356,955.1,9.422000885009766,34.052188873291016,-0.7410000562667847,0.0,1
1770789669.00003695,188044752,0,6,280887000,2405,10,1.21,-35.339431,149.1702477,955.27,9.344000816345215,37.092430114746094,-0.8570000529289246,0.0,1
1770789669.19995713,188244672,0,6,280887200,2405,10,1.21,-35.3394178,149.1702605,955.41,9.355000495910645,39.70140075683594,-0.5450000166893005,0.0,1
1770789669.39987707,188444592,0,6,280887400,2405,10,1.21,-35.339405,149.170274,955.48,9.404000282287598,41.783668518066406,-0.125,0.0,1
1770789669.59979701,188644512,0,6,280887600,2405,10,1.21,-35.3393926,149.1702881,955.48,9.455000877380371,43.58485794067383,0.0820000022649765,0.0,1
1770789669.79971719,188844432,0,6,280887800,2405,10,1.21,-35.3393805,149.1703027,955.47,9.495000839233398,45.41314697265625,0.003000000026077032,0.0,1
1770789669.99963713,189044352,0,6,280888000,2405,10,1.21,-35.3393686,149.1703178,955.49,9.535000801086426,47.45073699951172,-0.19200000166893005,0.0,1
1770789670.18039799,189225113,0,6,280888200,2405,10,1.21,-35.3393573,149.1703336,955.54,9.5910005569458,49.55883026123047,-0.2750000059604645,0.0,1
1770789670.38031816,189425033,0,6,280888400,2405,10,1.21,-35.3393463,149.17035,955.58,9.66100025177002,51.4473876953125,-0.1510000079870224,0.0,1
1770789670.58023810,189624953,0,6,280888600,2405,10,1.21,-35.3393357,149.1703669,955.58,9.732000350952148,52.96706008911133,0.10900000482797623,0.0,1
1770789670.78015804,189824873,0,6,280888800,2405,10,1.21,-35.3393252,149.1703842,955.54,9.794000625610352,54.151920318603516,0.35200002789497375,0.0,1
1770789671.00007010,190044785,0,6,280889000,2405,10,1.21,-35.339315,149.1704019,955.45,9.847000122070312,55.14862823486328,0.453000009059906,0.0,1
1770789671.19999003,190244705,0,6,280889200,2405,10,1.21,-35.339305,149.1704198,955.37,9.898000717163086,56.12657928466797,0.41600000858306885,0.0,1
1770789671.39990997,190444625,0,6,280889400,2405,10,1.21,-35.3392952,149.1704381,955.29,9.954000473022461,57.157127380371094,0.35100001096725464,0.0,1
1770789671.59983015,190644545,0,6,280889600,2405,10,1.21,-35.3392856,149.1704567,955.22,10.01400089263916,58.174476623535156,0.35500001907348633,0.0,1
1770789671.79975009,190844465,0,6,280889800,2405,10,1.21,-35.3392762,149.1704755,955.14,10.070000648498535,59.06850814819336,0.445000022649765,0.0,1
1770789671.99967003,191044385,0,6,280890000,2405,10,1.21,-35.339267,149.1704947,955.04,10.118000030517578,59.784976959228516,0.5720000267028809,0.0,1
1770789672.20042300,191245138,0,6,280890200,2405,10,1.21,-35.3392579,149.170514,954.92,10.156000137329102,60.32893753051758,0.6920000314712524,0.0,1
1770789672.38035107,191425066,0,6,280890400,2405,10,1.21,-35.3392489,149.1705335,954.77,10.1850004196167,60.722618103027344,0.7990000247955322,0.0,1
1770789672.58027101,191624986,0,6,280890600,2405,10,1.21,-35.33924,149.1705531,954.6,10.204000473022461,60.9791374206543,0.9020000696182251,0.0,1
1770789672.78019118,191824906,0,6,280890800,2405,10,1.21,-35.3392312,149.1705728,954.41,10.214000701904297,61.10023880004883,1.0120000839233398,0.0,1
1770789673.00010300,192044818,0,6,280891000,2405,10,1.21,-35.3392223,149.1705926,954.19,10.214000701904297,61.08341979980469,1.1290000677108765,0.0,1
1770789673.20002317,192244738,0,6,280891200,2405,10,1.21,-35.3392133,149.1706123,953.95,10.204000473022461,60.92985916137695,1.2470000982284546,0.0,1
1770789673.39994311,192444658,0,6,280891400,2405,10,1.21,-35.3392044,149.1706318,953.69,10.1850004196167,60.64761734008789,1.3600000143051147,0.0,1
