timestamp,TimeUS,I,MagX,MagY,MagZ,OfsX,OfsY,OfsZ,MOX,MOY,MOZ,Health,S
1770789525.38000798,44424723,0,224,80,-528,5,13,-18,0,0,0,1,44424723
1770789525.38000798,44424723,1,224,80,-528,5,13,-18,0,0,0,1,44424723
1770789525.38000798,44424723,2,224,80,-528,5,13,-18,0,0,0,1,44424723
1770789525.47996807,44524683,0,224,80,-528,5,13,-18,0,0,0,1,44524683
1770789525.47996807,44524683,1,224,80,-528,5,13,-18,0,0,0,1,44524683
1770789525.47996807,44524683,2,224,80,-528,5,13,-18,0,0,0,1,44524683
1770789525.57992816,44624643,0,224,80,-528,5,13,-18,0,0,0,1,44624643
1770789525.57992816,44624643,1,224,80,-528,5,13,-18,0,0,0,1,44624643
1770789525.57992816,44624643,2,224,80,-528,5,13,-18,0,0,0,1,44624643
1770789525.67988801,44724603,0,224,80,-528,5,13,-18,0,0,0,1,44724603
1770789525.67988801,44724603,1,224,80,-528,5,13,-18,0,0,0,1,44724603
1770789525.67988801,44724603,2,224,80,-528,5,13,-18,0,0,0,1,44724603
1770789525.77984810,44824563,0,224,80,-528,5,13,-18,0,0,0,1,44824563
1770789525.77984810,44824563,1,224,80,-528,5,13,-18,0,0,0,1,44824563
1770789525.77984810,44824563,2,224,80,-528,5,13,-18,0,0,0,1,44824563
1770789525.87980819,44924523,0,224,80,-528,5,13,-18,0,0,0,1,44924523
1770789525.87980819,44924523,1,224,80,-528,5,13,-18,0,0,0,1,44924523
1770789525.87980819,44924523,2,224,80,-528,5,13,-18,0,0,0,1,44924523
1770789525.97976804,45024483,0,224,80,-528,5,13,-18,0,0,0,1,45024483
1770789525.97976804,45024483,1,224,80,-528,5,13,-18,0,0,0,1,45024483
1770789525.97976804,45024483,2,224,80,-528,5,13,-18,0,0,0,1,45024483
1770789526.07972813,45124443,0,224,80,-528,5,13,-18,0,0,0,1,45124443
1770789526.07972813,45124443,1,224,80,-528,5,13,-18,0,0,0,1,45124443
1770789526.07972813,45124443,2,224,80,-528,5,13,-18,0,0,0,1,45124443
1770789526.17968798,45224403,0,224,80,-528,5,13,-18,0,0,0,1,45224403
1770789526.17968798,45224403,1,224,80,-528,5,13,-18,0,0,0,1,45224403
1770789526.17968798,45224403,2,224,80,-528,5,13,-18,0,0,0,1,45224403
1770789526.27964807,45324363,0,224,80,-528,5,13,-18,0,0,0,1,45324363
1770789526.27964807,45324363,1,224,80,-528,5,13,-18,0,0,0,1,45324363
1770789526.27964807,45324363,2,224,80,-528,5,13,-18,0,0,0,1,45324363
1770789526.37960815,45424323,0,224,80,-528,5,13,-18,0,0,0,1,45424323
1770789526.37960815,45424323,1,224,80,-528,5,13,-18,0,0,0,1,45424323
1770789526.37960815,45424323,2,224,80,-528,5,13,-18,0,0,0,1,45424323
1770789526.48040104,45525116,0,224,80,-528,5,13,-18,0,0,0,1,45525116
1770789526.48040104,45525116,1,224,80,-528,5,13,-18,0,0,0,1,45525116
1770789526.48040104,45525116,2,224,80,-528,5,13,-18,0,0,0,1,45525116
1770789526.58036113,45625076,0,224,80,-528,5,13,-18,0,0,0,1,45625076
1770789526.58036113,45625076,1,224,80,-528,5,13,-18,0,0,0,1,45625076
1770789526.58036113,45625076,2,224,80,-528,5,13,-18,0,0,0,1,45625076
1770789526.68032098,45725036,0,224,80,-528,5,13,-18,0,0,0,1,45725036
1770789526.68032098,45725036,1,224,80,-528,5,13,-18,0,0,0,1,45725036
1770789526.68032098,45725036,2,224,80,-528,5,13,-18,0,0,0,1,45725036
1770789526.78028107,45824996,0,224,80,-528,5,13,-18,0,0,0,1,45824996
1770789526.78028107,45824996,1,224,80,-528,5,13,-18,0,0,0,1,45824996
1770789526.78028107,45824996,2,224,80,-528,5,13,-18,0,0,0,1,45824996
1770789526.88024116,45924956,0,224,80,-528,5,13,-18,0,0,0,1,45924956
1770789526.88024116,45924956,1,224,80,-528,5,13,-18,0,0,0,1,45924956
1770789526.88024116,45924956,2,224,80,-528,5,13,-18,0,0,0,1,45924956
1770789526.98020101,46024916,0,224,80,-528,5,13,-18,0,0,0,1,46024916
1770789526.98020101,46024916,1,224,80,-528,5,13,-18,0,0,0,1,46024916
1770789526.98020101,46024916,2,224,80,-528,5,13,-18,0,0,0,1,46024916
1770789527.08016109,46124876,0,224,80,-528,5,13,-18,0,0,0,1,46124876
1770789527.08016109,46124876,1,224,80,-528,5,13,-18,0,0,0,1,46124876
1770789527.08016109,46124876,2,224,80,-528,5,13,-18,0,0,0,1,46124876
1770789527.18012118,46224836,0,224,80,-528,5,13,-18,0,0,0,1,46224836
1770789527.18012118,46224836,1,224,80,-528,5,13,-18,0,0,0,1,46224836
1770789527.18012118,46224836,2,224,80,-528,5,13,-18,0,0,0,1,46224836
1770789527.28008103,46324796,0,224,80,-528,5,13,-18,0,0,0,1,46324796
1770789527.28008103,46324796,1,224,80,-528,5,13,-18,0,0,0,1,46324796
1770789527.28008103,46324796,2,224,80,-528,5,13,-18,0,0,0,1,46324796
1770789527.38004112,46424756,0,224,80,-528,5,13,-18,0,0,0,1,46424756
1770789527.38004112,46424756,1,224,80,-528,5,13,-18,0,0,0,1,46424756
1770789527.38004112,46424756,2,224,80,-528,5,13,-18,0,0,0,1,46424756
1770789527.48000097,46524716,0,224,80,-528,5,13,-18,0,0,0,1,46524716
1770789527.48000097,46524716,1,224,80,-528,5,13,-18,0,0,0,1,46524716
1770789527.48000097,46524716,2,224,80,-528,5,13,-18,0,0,0,1,46524716
1770789527.57996106,46624676,0,224,80,-528,5,13,-18,0,0,0,1,46624676
1770789527.57996106,46624676,1,224,80,-528,5,13,-18,0,0,0,1,46624676
1770789527.57996106,46624676,2,224,80,-528,5,13,-18,0,0,0,1,46624676
1770789527.67992115,46724636,0,224,80,-528,5,13,-18,0,0,0,1,46724636
1770789527.67992115,46724636,1,224,80,-528,5,13,-18,0,0,0,1,46724636
1770789527.67992115,46724636,2,224,80,-528,5,13,-18,0,0,0,1,46724636
1770789527.77988100,46824596,0,224,80,-528,5,13,-18,0,0,0,1,46824596
1770789527.77988100,46824596,1,224,80,-528,5,13,-18,0,0,0,1,46824596
1770789527.77988100,46824596,2,224,80,-528,5,13,-18,0,0,0,1,46824596
1770789527.87984109,46924556,0,224,80,-528,5,13,-18,0,0,0,1,46924556
1770789527.87984109,46924556,1,224,80,-528,5,13,-18,0,0,0,1,46924556
1770789527.87984109,46924556,2,224,80,-528,5,13,-18,0,0,0,1,46924556
1770789527.97980118,47024516,0,224,80,-528,5,13,-18,0,0,0,1,47024516
1770789527.97980118,47024516,1,224,80,-528,5,13,-18,0,0,0,1,47024516
1770789527.97980118,47024516,2,224,80,-528,5,13,-18,0,0,0,1,47024516
1770789528.07976103,47124476,0,224,80,-528,5,13,-18,0,0,0,1,47124476
1770789528.07976103,47124476,1,224,80,-528,5,13,-18,0,0,0,1,47124476
1770789528.07976103,47124476,2,224,80,-528,5,13,-18,0,0,0,1,47124476
1770789528.17972112,47224436,0,224,80,-528,5,13,-18,0,0,0,1,47224436
1770789528.17972112,47224436,1,224,80,-528,5,13,-18,0,0,0,1,47224436
1770789528.17972112,47224436,2,224,80,-528,5,13,-18,0,0,0,1,47224436
1770789528.27968097,47324396,0,224,80,-528,5,13,-18,0,0,0,1,47324396
1770789528.27968097,47324396,1,224,80,-528,5,13,-18,0,0,0,1,47324396
1770789528.27968097,47324396,2,224,80,-528,5,13,-18,0,0,0,1,47324396
1770789528.37964106,47424356,0,224,80,-528,5,13,-18,0,0,0,1,47424356
1770789528.37964106,47424356,1,224,80,-528,5,13,-18,0,0,0,1,47424356
1770789528.37964106,47424356,2,224,80,-528,5,13,-18,0,0,0,1,47424356
1770789528.47960114,47524316,0,224,80,-528,5,13,-18,0,0,0,1,47524316
1770789528.47960114,47524316,1,224,80,-528,5,13,-18,0,0,0,1,47524316
1770789528.47960114,47524316,2,224,80,-528,5,13,-18,0,0,0,1,47524316
1770789528.58039403,47625109,0,224,80,-528,5,13,-18,0,0,0,1,47625109
1770789528.58039403,47625109,1,224,80,-528,5,13,-18,0,0,0,1,47625109
1770789528.58039403,47625109,2,224,80,-528,5,13,-18,0,0,0,1,47625109
1770789528.68035412,47725069,0,224,80,-528,5,13,-18,0,0,0,1,47725069
1770789528.68035412,47725069,1,224,80,-528,5,13,-18,0,0,0,1,47725069
1770789528.68035412,47725069,2,224,80,-528,5,13,-18,0,0,0,1,47725069
1770789528.78031397,47825029,0,224,80,-528,5,13,-18,0,0,0,1,47825029
1770789528.78031397,47825029,1,224,80,-528,5,13,-18,0,0,0,1,47825029
1770789528.78031397,47825029,2,224,80,-528,5,13,-18,0,0,0,1,47825029
1770789528.88027406,47924989,0,224,80,-528,5,13,-18,0,0,0,1,47924989
1770789528.88027406,47924989,1,224,80,-528,5,13,-18,0,0,0,1,47924989
1770789528.88027406,47924989,2,224,80,-528,5,13,-18,0,0,0,1,47924989
1770789528.98023415,48024949,0,224,80,-528,5,13,-18,0,0,0,1,48024949
1770789528.98023415,48024949,1,224,80,-528,5,13,-18,0,0,0,1,48024949
1770789528.98023415,48024949,2,224,80,-528,5,13,-18,0,0,0,1,48024949
1770789529.08019400,48124909,0,224,80,-528,5,13,-18,0,0,0,1,48124909
1770789529.08019400,48124909,1,224,80,-528,5,13,-18,0,0,0,1,48124909
1770789529.08019400,48124909,2,224,80,-528,5,13,-18,0,0,0,1,48124909
1770789529.18015409,48224869,0,224,80,-528,5,13,-18,0,0,0,1,48224869
1770789529.18015409,48224869,1,224,80,-528,5,13,-18,0,0,0,1,48224869
1770789529.18015409,48224869,2,224,80,-528,5,13,-18,0,0,0,1,48224869
1770789529.28011417,48324829,0,224,80,-528,5,13,-18,0,0,0,1,48324829
1770789529.28011417,48324829,1,224,80,-528,5,13,-18,0,0,0,1,48324829
1770789529.28011417,48324829,2,224,80,-528,5,13,-18,0,0,0,1,48324829
1770789529.38007402,48424789,0,224,80,-528,5,13,-18,0,0,0,1,48424789
1770789529.38007402,48424789,1,224,80,-528,5,13,-18,0,0,0,1,48424789
1770789529.38007402,48424789,2,224,80,-528,5,13,-18,0,0,0,1,48424789
1770789529.48003411,48524749,0,224,80,-528,5,13,-18,0,0,0,1,48524749
1770789529.48003411,48524749,1,224,80,-528,5,13,-18,0,0,0,1,48524749
1770789529.48003411,48524749,2,224,80,-528,5,13,-18,0,0,0,1,48524749
1770789529.57999396,48624709,0,224,80,-528,5,13,-18,0,0,0,1,48624709
1770789529.57999396,48624709,1,224,80,-528,5,13,-18,0,0,0,1,48624709
1770789529.57999396,48624709,2,224,80,-528,5,13,-18,0,0,0,1,48624709
1770789529.67995405,48724669,0,224,80,-528,5,13,-18,0,0,0,1,48724669
1770789529.67995405,48724669,1,224,80,-528,5,13,-18,0,0,0,1,48724669
1770789529.67995405,48724669,2,224,80,-528,5,13,-18,0,0,0,1,48724669
1770789529.77991414,48824629,0,224,80,-528,5,13,-18,0,0,0,1,48824629
1770789529.77991414,48824629,1,224,80,-528,5,13,-18,0,0,0,1,48824629
1770789529.77991414,48824629,2,224,80,-528,5,13,-18,0,0,0,1,48824629
1770789529.87987399,48924589,0,224,80,-528,5,13,-18,0,0,0,1,48924589
1770789529.87987399,48924589,1,224,80,-528,5,13,-18,0,0,0,1,48924589
1770789529.87987399,48924589,2,224,80,-528,5,13,-18,0,0,0,1,48924589
1770789529.97983408,49024549,0,224,80,-528,5,13,-18,0,0,0,1,49024549
1770789529.97983408,49024549,1,224,80,-528,5,13,-18,0,0,0,1,49024549
1770789529.97983408,49024549,2,224,80,-528,5,13,-18,0,0,0,1,49024549
1770789530.07979417,49124509,0,224,80,-528,5,13,-18,0,0,0,1,49124509
1770789530.07979417,49124509,1,224,80,-528,5,13,-18,0,0,0,1,49124509
1770789530.07979417,49124509,2,224,80,-528,5,13,-18,0,0,0,1,49124509
1770789530.17975402,49224469,0,224,80,-528,5,13,-18,0,0,0,1,49224469
1770789530.17975402,49224469,1,224,80,-528,5,13,-18,0,0,0,1,49224469
1770789530.17975402,49224469,2,224,80,-528,5,13,-18,0,0,0,1,49224469
1770789530.27971411,49324429,0,224,80,-528,5,13,-18,0,0,0,1,49324429
1770789530.27971411,49324429,1,224,80,-528,5,13,-18,0,0,0,1,49324429
1770789530.27971411,49324429,2,224,80,-528,5,13,-18,0,0,0,1,49324429
1770789530.37967396,49424389,0,224,80,-528,5,13,-18,0,0,0,1,49424389
1770789530.37967396,49424389,1,224,80,-528,5,13,-18,0,0,0,1,49424389
1770789530.37967396,49424389,2,224,80,-528,5,13,-18,0,0,0,1,49424389
1770789530.47963405,49524349,0,224,80,-528,5,13,-18,0,0,0,1,49524349
1770789530.47963405,49524349,1,224,80,-528,5,13,-18,0,0,0,1,49524349
1770789530.47963405,49524349,2,224,80,-528,5,13,-18,0,0,0,1,49524349
1770789530.58042717,49625142,0,224,80,-528,5,13,-18,0,0,0,1,49625142
1770789530.58042717,49625142,1,224,80,-528,5,13,-18,0,0,0,1,49625142
1770789530.58042717,49625142,2,224,80,-528,5,13,-18,0,0,0,1,49625142
1770789530.68038702,49725102,0,224,80,-528,5,13,-18,0,0,0,1,49725102
1770789530.68038702,49725102,1,224,80,-528,5,13,-18,0,0,0,1,49725102
1770789530.68038702,49725102,2,224,80,-528,5,13,-18,0,0,0,1,49725102
1770789530.78034711,49825062,0,224,80,-528,5,13,-18,0,0,0,1,49825062
1770789530.78034711,49825062,1,224,80,-528,5,13,-18,0,0,0,1,49825062
1770789530.78034711,49825062,2,224,80,-528,5,13,-18,0,0,0,1,49825062
1770789530.88030696,49925022,0,224,80,-528,5,13,-18,0,0,0,1,49925022
1770789530.88030696,49925022,1,224,80,-528,5,13,-18,0,0,0,1,49925022
1770789530.88030696,49925022,2,224,80,-528,5,13,-18,0,0,0,1,49925022
1770789530.98026705,50024982,0,224,80,-528,5,13,-18,0,0,0,1,50024982
1770789530.98026705,50024982,1,224,80,-528,5,13,-18,0,0,0,1,50024982
1770789530.98026705,50024982,2,224,80,-528,5,13,-18,0,0,0,1,50024982
1770789531.08022714,50124942,0,224,80,-528,5,13,-18,0,0,0,1,50124942
1770789531.08022714,50124942,1,224,80,-528,5,13,-18,0,0,0,1,50124942
1770789531.08022714,50124942,2,224,80,-528,5,13,-18,0,0,0,1,50124942
1770789531.18018699,50224902,0,224,80,-528,5,13,-18,0,0,0,1,50224902
1770789531.18018699,50224902,1,224,80,-528,5,13,-18,0,0,0,1,50224902
1770789531.18018699,50224902,2,224,80,-528,5,13,-18,0,0,0,1,50224902
1770789531.28014708,50324862,0,224,80,-528,5,13,-18,0,0,0,1,50324862
1770789531.28014708,50324862,1,224,80,-528,5,13,-18,0,0,0,1,50324862
1770789531.28014708,50324862,2,224,80,-528,5,13,-18,0,0,0,1,50324862
1770789531.38010716,50424822,0,224,80,-528,5,13,-18,0,0,0,1,50424822
1770789531.38010716,50424822,1,224,80,-528,5,13,-18,0,0,0,1,50424822
1770789531.38010716,50424822,2,224,80,-528,5,13,-18,0,0,0,1,50424822
1770789531.48006701,50524782,0,224,80,-528,5,13,-18,0,0,0,1,50524782
1770789531.48006701,50524782,1,224,80,-528,5,13,-18,0,0,0,1,50524782
1770789531.48006701,50524782,2,224,80,-528,5,13,-18,0,0,0,1,50524782
1770789531.58002710,50624742,0,224,80,-528,5,13,-18,0,0,0,1,50624742
1770789531.58002710,50624742,1,224,80,-528,5,13,-18,0,0,0,1,50624742
1770789531.58002710,50624742,2,224,80,-528,5,13,-18,0,0,0,1,50624742
1770789531.67998695,50724702,0,224,80,-528,5,13,-18,0,0,0,1,50724702
1770789531.67998695,50724702,1,224,80,-528,5,13,-18,0,0,0,1,50724702
1770789531.67998695,50724702,2,224,80,-528,5,13,-18,0,0,0,1,50724702
1770789531.77994704,50824662,0,224,80,-528,5,13,-18,0,0,0,1,50824662
1770789531.77994704,50824662,1,224,80,-528,5,13,-18,0,0,0,1,50824662
1770789531.77994704,50824662,2,224,80,-528,5,13,-18,0,0,0,1,50824662
1770789531.87990713,50924622,0,224,80,-528,5,13,-18,0,0,0,1,50924622
1770789531.87990713,50924622,1,224,80,-528,5,13,-18,0,0,0,1,50924622
1770789531.87990713,50924622,2,224,80,-528,5,13,-18,0,0,0,1,50924622
1770789531.97986698,51024582,0,224,80,-528,5,13,-18,0,0,0,1,51024582
1770789531.97986698,51024582,1,224,80,-528,5,13,-18,0,0,0,1,51024582
1770789531.97986698,51024582,2,224,80,-528,5,13,-18,0,0,0,1,51024582
1770789532.07982707,51124542,0,224,80,-528,5,13,-18,0,0,0,1,51124542
1770789532.07982707,51124542,1,224,80,-528,5,13,-18,0,0,0,1,51124542
1770789532.07982707,51124542,2,224,80,-528,5,13,-18,0,0,0,1,51124542
1770789532.17978716,51224502,0,224,80,-528,5,13,-18,0,0,0,1,51224502
1770789532.17978716,51224502,1,224,80,-528,5,13,-18,0,0,0,1,51224502
1770789532.17978716,51224502,2,224,80,-528,5,13,-18,0,0,0,1,51224502
1770789532.27974701,51324462,0,224,80,-528,5,13,-18,0,0,0,1,51324462
1770789532.27974701,51324462,1,224,80,-528,5,13,-18,0,0,0,1,51324462
1770789532.27974701,51324462,2,224,80,-528,5,13,-18,0,0,0,1,51324462
1770789532.37970710,51424422,0,224,80,-528,5,13,-18,0,0,0,1,51424422
1770789532.37970710,51424422,1,224,80,-528,5,13,-18,0,0,0,1,51424422
1770789532.37970710,51424422,2,224,80,-528,5,13,-18,0,0,0,1,51424422
1770789532.47966719,51524382,0,224,80,-528,5,13,-18,0,0,0,1,51524382
1770789532.47966719,51524382,1,224,80,-528,5,13,-18,0,0,0,1,51524382
1770789532.47966719,51524382,2,224,80,-528,5,13,-18,0,0,0,1,51524382
1770789532.57962704,51624342,0,224,80,-528,5,13,-18,0,0,0,1,51624342
1770789532.57962704,51624342,1,224,80,-528,5,13,-18,0,0,0,1,51624342
1770789532.57962704,51624342,2,224,80,-528,5,13,-18,0,0,0,1,51624342
1770789532.68042016,51725135,0,224,80,-528,5,13,-18,0,0,0,1,51725135
1770789532.68042016,51725135,1,224,80,-528,5,13,-18,0,0,0,1,51725135
1770789532.68042016,51725135,2,224,80,-528,5,13,-18,0,0,0,1,51725135
1770789532.78038001,51825095,0,224,80,-528,5,13,-18,0,0,0,1,51825095
1770789532.78038001,51825095,1,224,80,-528,5,13,-18,0,0,0,1,51825095
1770789532.78038001,51825095,2,224,80,-528,5,13,-18,0,0,0,1,51825095
1770789532.88034010,51925055,0,224,80,-528,5,13,-18,0,0,0,1,51925055
1770789532.88034010,51925055,1,224,80,-528,5,13,-18,0,0,0,1,51925055
1770789532.88034010,51925055,2,224,80,-528,5,13,-18,0,0,0,1,51925055
1770789532.98030019,52025015,0,224,80,-528,5,13,-18,0,0,0,1,52025015
1770789532.98030019,52025015,1,224,80,-528,5,13,-18,0,0,0,1,52025015
1770789532.98030019,52025015,2,224,80,-528,5,13,-18,0,0,0,1,52025015
1770789533.08026004,52124975,0,224,80,-528,5,13,-18,0,0,0,1,52124975
1770789533.08026004,52124975,1,224,80,-528,5,13,-18,0,0,0,1,52124975
1770789533.08026004,52124975,2,224,80,-528,5,13,-18,0,0,0,1,52124975
1770789533.18022013,52224935,0,224,80,-528,5,13,-18,0,0,0,1,52224935
1770789533.18022013,52224935,1,224,80,-528,5,13,-18,0,0,0,1,52224935
1770789533.18022013,52224935,2,224,80,-528,5,13,-18,0,0,0,1,52224935
1770789533.28017998,52324895,0,224,80,-528,5,13,-18,0,0,0,1,52324895
1770789533.28017998,52324895,1,224,80,-528,5,13,-18,0,0,0,1,52324895
1770789533.28017998,52324895,2,224,80,-528,5,13,-18,0,0,0,1,52324895
1770789533.38014007,52424855,0,224,80,-528,5,13,-18,0,0,0,1,52424855
1770789533.38014007,52424855,1,224,80,-528,5,13,-18,0,0,0,1,52424855
1770789533.38014007,52424855,2,224,80,-528,5,13,-18,0,0,0,1,52424855
1770789533.48010015,52524815,0,224,80,-528,5,13,-18,0,0,0,1,52524815
1770789533.48010015,52524815,1,224,80,-528,5,13,-18,0,0,0,1,52524815
1770789533.48010015,52524815,2,224,80,-528,5,13,-18,0,0,0,1,52524815
1770789533.58006001,52624775,0,224,80,-528,5,13,-18,0,0,0,1,52624775
1770789533.58006001,52624775,1,224,80,-528,5,13,-18,0,0,0,1,52624775
1770789533.58006001,52624775,2,224,80,-528,5,13,-18,0,0,0,1,52624775
1770789533.68002009,52724735,0,224,80,-528,5,13,-18,0,0,0,1,52724735
1770789533.68002009,52724735,1,224,80,-528,5,13,-18,0,0,0,1,52724735
1770789533.68002009,52724735,2,224,80,-528,5,13,-18,0,0,0,1,52724735
1770789533.77998018,52824695,0,224,80,-528,5,13,-18,0,0,0,1,52824695
1770789533.77998018,52824695,1,224,80,-528,5,13,-18,0,0,0,1,52824695
1770789533.77998018,52824695,2,224,80,-528,5,13,-18,0,0,0,1,52824695
1770789533.87994003,52924655,0,224,80,-528,5,13,-18,0,0,0,1,52924655
1770789533.87994003,52924655,1,224,80,-528,5,13,-18,0,0,0,1,52924655
1770789533.87994003,52924655,2,224,80,-528,5,13,-18,0,0,0,1,52924655
1770789533.97990012,53024615,0,224,80,-528,5,13,-18,0,0,0,1,53024615
1770789533.97990012,53024615,1,224,80,-528,5,13,-18,0,0,0,1,53024615
1770789533.97990012,53024615,2,224,80,-528,5,13,-18,0,0,0,1,53024615
1770789534.07985997,53124575,0,224,80,-528,5,13,-18,0,0,0,1,53124575
1770789534.07985997,53124575,1,224,80,-528,5,13,-18,0,0,0,1,53124575
1770789534.07985997,53124575,2,224,80,-528,5,13,-18,0,0,0,1,53124575
1770789534.17982006,53224535,0,224,80,-528,5,13,-18,0,0,0,1,53224535
1770789534.17982006,53224535,1,224,80,-528,5,13,-18,0,0,0,1,53224535
1770789534.17982006,53224535,2,224,80,-528,5,13,-18,0,0,0,1,53224535
1770789534.27978015,53324495,0,224,80,-528,5,13,-18,0,0,0,1,53324495
1770789534.27978015,53324495,1,224,80,-528,5,13,-18,0,0,0,1,53324495
1770789534.27978015,53324495,2,224,80,-528,5,13,-18,0,0,0,1,53324495
1770789534.37974000,53424455,0,224,80,-528,5,13,-18,0,0,0,1,53424455
1770789534.37974000,53424455,1,224,80,-528,5,13,-18,0,0,0,1,53424455
1770789534.37974000,53424455,2,224,80,-528,5,13,-18,0,0,0,1,53424455
1770789534.47970009,53524415,0,224,80,-528,5,13,-18,0,0,0,1,53524415
1770789534.47970009,53524415,1,224,80,-528,5,13,-18,0,0,0,1,53524415
1770789534.47970009,53524415,2,224,80,-528,5,13,-18,0,0,0,1,53524415
1770789534.57966018,53624375,0,224,80,-528,5,13,-18,0,0,0,1,53624375
1770789534.57966018,53624375,1,224,80,-528,5,13,-18,0,0,0,1,53624375
1770789534.57966018,53624375,2,224,80,-528,5,13,-18,0,0,0,1,53624375
1770789534.67962003,53724335,0,224,80,-528,5,13,-18,0,0,0,1,53724335
1770789534.67962003,53724335,1,224,80,-528,5,13,-18,0,0,0,1,53724335
1770789534.67962003,53724335,2,224,80,-528,5,13,-18,0,0,0,1,53724335
1770789534.78041315,53825128,0,224,80,-528,5,13,-18,0,0,0,1,53825128
1770789534.78041315,53825128,1,224,80,-528,5,13,-18,0,0,0,1,53825128
1770789534.78041315,53825128,2,224,80,-528,5,13,-18,0,0,0,1,53825128
1770789534.88037300,53925088,0,224,80,-528,5,13,-18,0,0,0,1,53925088
1770789534.88037300,53925088,1,224,80,-528,5,13,-18,0,0,0,1,53925088
1770789534.88037300,53925088,2,224,80,-528,5,13,-18,0,0,0,1,53925088
1770789534.98033309,54025048,0,224,80,-528,5,13,-18,0,0,0,1,54025048
1770789534.98033309,54025048,1,224,80,-528,5,13,-18,0,0,0,1,54025048
1770789534.98033309,54025048,2,224,80,-528,5,13,-18,0,0,0,1,54025048
1770789535.08029318,54125008,0,224,80,-528,5,13,-18,0,0,0,1,54125008
1770789535.08029318,54125008,1,224,80,-528,5,13,-18,0,0,0,1,54125008
1770789535.08029318,54125008,2,224,80,-528,5,13,-18,0,0,0,1,54125008
1770789535.18025303,54224968,0,224,80,-528,5,13,-18,0,0,0,1,54224968
1770789535.18025303,54224968,1,224,80,-528,5,13,-18,0,0,0,1,54224968
1770789535.18025303,54224968,2,224,80,-528,5,13,-18,0,0,0,1,54224968
1770789535.28021312,54324928,0,224,80,-528,5,13,-18,0,0,0,1,54324928
1770789535.28021312,54324928,1,224,80,-528,5,13,-18,0,0,0,1,54324928
1770789535.28021312,54324928,2,224,80,-528,5,13,-18,0,0,0,1,54324928
1770789535.38017297,54424888,0,224,80,-528,5,13,-18,0,0,0,1,54424888
1770789535.38017297,54424888,1,224,80,-528,5,13,-18,0,0,0,1,54424888
1770789535.38017297,54424888,2,224,80,-528,5,13,-18,0,0,0,1,54424888
1770789535.48013306,54524848,0,224,80,-528,5,13,-18,0,0,0,1,54524848
1770789535.48013306,54524848,1,224,80,-528,5,13,-18,0,0,0,1,54524848
1770789535.48013306,54524848,2,224,80,-528,5,13,-18,0,0,0,1,54524848
1770789535.58009315,54624808,0,224,80,-528,5,13,-18,0,0,0,1,54624808
1770789535.58009315,54624808,1,224,80,-528,5,13,-18,0,0,0,1,54624808
1770789535.58009315,54624808,2,224,80,-528,5,13,-18,0,0,0,1,54624808
1770789535.68005300,54724768,0,224,80,-528,5,13,-18,0,0,0,1,54724768
1770789535.68005300,54724768,1,224,80,-528,5,13,-18,0,0,0,1,54724768
1770789535.68005300,54724768,2,224,80,-528,5,13,-18,0,0,0,1,54724768
1770789535.78001308,54824728,0,224,80,-528,5,13,-18,0,0,0,1,54824728
1770789535.78001308,54824728,1,224,80,-528,5,13,-18,0,0,0,1,54824728
1770789535.78001308,54824728,2,224,80,-528,5,13,-18,0,0,0,1,54824728
1770789535.87997317,54924688,0,224,80,-528,5,13,-18,0,0,0,1,54924688
1770789535.87997317,54924688,1,224,80,-528,5,13,-18,0,0,0,1,54924688
1770789535.87997317,54924688,2,224,80,-528,5,13,-18,0,0,0,1,54924688
1770789535.97993302,55024648,0,224,80,-528,5,13,-18,0,0,0,1,55024648
1770789535.97993302,55024648,1,224,80,-528,5,13,-18,0,0,0,1,55024648
1770789535.97993302,55024648,2,224,80,-528,5,13,-18,0,0,0,1,55024648
1770789536.07989311,55124608,0,224,80,-528,5,13,-18,0,0,0,1,55124608
1770789536.07989311,55124608,1,224,80,-528,5,13,-18,0,0,0,1,55124608
1770789536.07989311,55124608,2,224,80,-528,5,13,-18,0,0,0,1,55124608
1770789536.17985296,55224568,0,224,80,-528,5,13,-18,0,0,0,1,55224568
1770789536.17985296,55224568,1,224,80,-528,5,13,-18,0,0,0,1,55224568
1770789536.17985296,55224568,2,224,80,-528,5,13,-18,0,0,0,1,55224568
1770789536.27981305,55324528,0,224,80,-528,5,13,-18,0,0,0,1,55324528
1770789536.27981305,55324528,1,224,80,-528,5,13,-18,0,0,0,1,55324528
1770789536.27981305,55324528,2,224,80,-528,5,13,-18,0,0,0,1,55324528
1770789536.37977314,55424488,0,224,80,-528,5,13,-18,0,0,0,1,55424488
1770789536.37977314,55424488,1,224,80,-528,5,13,-18,0,0,0,1,55424488
1770789536.37977314,55424488,2,224,80,-528,5,13,-18,0,0,0,1,55424488
1770789536.47973299,55524448,0,224,80,-528,5,13,-18,0,0,0,1,55524448
1770789536.47973299,55524448,1,224,80,-528,5,13,-18,0,0,0,1,55524448
1770789536.47973299,55524448,2,224,80,-528,5,13,-18,0,0,0,1,55524448
1770789536.57969308,55624408,0,224,80,-528,5,13,-18,0,0,0,1,55624408
1770789536.57969308,55624408,1,224,80,-528,5,13,-18,0,0,0,1,55624408
1770789536.57969308,55624408,2,224,80,-528,5,13,-18,0,0,0,1,55624408
1770789536.67965317,55724368,0,224,80,-528,5,13,-18,0,0,0,1,55724368
1770789536.67965317,55724368,1,224,80,-528,5,13,-18,0,0,0,1,55724368
1770789536.67965317,55724368,2,224,80,-528,5,13,-18,0,0,0,1,55724368
1770789536.77961302,55824328,0,224,80,-528,5,13,-18,0,0,0,1,55824328
1770789536.77961302,55824328,1,224,80,-528,5,13,-18,0,0,0,1,55824328
1770789536.77961302,55824328,2,224,80,-528,5,13,-18,0,0,0,1,55824328
1770789536.88040614,55925121,0,224,80,-528,5,13,-18,0,0,0,1,55925121
1770789536.88040614,55925121,1,224,80,-528,5,13,-18,0,0,0,1,55925121
1770789536.88040614,55925121,2,224,80,-528,5,13,-18,0,0,0,1,55925121
1770789536.98036599,56025081,0,224,80,-528,5,13,-18,0,0,0,1,56025081
1770789536.98036599,56025081,1,224,80,-528,5,13,-18,0,0,0,1,56025081
1770789536.98036599,56025081,2,224,80,-528,5,13,-18,0,0,0,1,56025081
1770789537.08032608,56125041,0,224,80,-528,5,13,-18,0,0,0,1,56125041
1770789537.08032608,56125041,1,224,80,-528,5,13,-18,0,0,0,1,56125041
1770789537.08032608,56125041,2,224,80,-528,5,13,-18,0,0,0,1,56125041
1770789537.18028617,56225001,0,224,80,-528,5,13,-18,0,0,0,1,56225001
1770789537.18028617,56225001,1,224,80,-528,5,13,-18,0,0,0,1,56225001
1770789537.18028617,56225001,2,224,80,-528,5,13,-18,0,0,0,1,56225001
1770789537.28024602,56324961,0,224,80,-528,5,13,-18,0,0,0,1,56324961
1770789537.28024602,56324961,1,224,80,-528,5,13,-18,0,0,0,1,56324961
1770789537.28024602,56324961,2,224,80,-528,5,13,-18,0,0,0,1,56324961
1770789537.38020611,56424921,0,224,80,-528,5,13,-18,0,0,0,1,56424921
1770789537.38020611,56424921,1,224,80,-528,5,13,-18,0,0,0,1,56424921
1770789537.38020611,56424921,2,224,80,-528,5,13,-18,0,0,0,1,56424921
1770789537.48016596,56524881,0,224,80,-528,5,13,-18,0,0,0,1,56524881
1770789537.48016596,56524881,1,224,80,-528,5,13,-18,0,0,0,1,56524881
1770789537.48016596,56524881,2,224,80,-528,5,13,-18,0,0,0,1,56524881
1770789537.58012605,56624841,0,224,80,-528,5,13,-18,0,0,0,1,56624841
1770789537.58012605,56624841,1,224,80,-528,5,13,-18,0,0,0,1,56624841
1770789537.58012605,56624841,2,224,80,-528,5,13,-18,0,0,0,1,56624841
1770789537.68008614,56724801,0,224,80,-528,5,13,-18,0,0,0,1,56724801
1770789537.68008614,56724801,1,224,80,-528,5,13,-18,0,0,0,1,56724801
1770789537.68008614,56724801,2,224,80,-528,5,13,-18,0,0,0,1,56724801
1770789537.78004599,56824761,0,224,80,-528,5,13,-18,0,0,0,1,56824761
1770789537.78004599,56824761,1,224,80,-528,5,13,-18,0,0,0,1,56824761
1770789537.78004599,56824761,2,224,80,-528,5,13,-18,0,0,0,1,56824761
1770789537.88000607,56924721,0,224,80,-528,5,13,-18,0,0,0,1,56924721
1770789537.88000607,56924721,1,224,80,-528,5,13,-18,0,0,0,1,56924721
1770789537.88000607,56924721,2,224,80,-528,5,13,-18,0,0,0,1,56924721
1770789537.97996616,57024681,0,224,80,-528,5,13,-18,0,0,0,1,57024681
1770789537.97996616,57024681,1,224,80,-528,5,13,-18,0,0,0,1,57024681
1770789537.97996616,57024681,2,224,80,-528,5,13,-18,0,0,0,1,57024681
1770789538.07992601,57124641,0,224,80,-528,5,13,-18,0,0,0,1,57124641
1770789538.07992601,57124641,1,224,80,-528,5,13,-18,0,0,0,1,57124641
1770789538.07992601,57124641,2,224,80,-528,5,13,-18,0,0,0,1,57124641
1770789538.17988610,57224601,0,224,80,-528,5,13,-18,0,0,0,1,57224601
1770789538.17988610,57224601,1,224,80,-528,5,13,-18,0,0,0,1,57224601
1770789538.17988610,57224601,2,224,80,-528,5,13,-18,0,0,0,1,57224601
1770789538.27984619,57324561,0,224,80,-528,5,13,-18,0,0,0,1,57324561
1770789538.27984619,57324561,1,224,80,-528,5,13,-18,0,0,0,1,57324561
1770789538.27984619,57324561,2,224,80,-528,5,13,-18,0,0,0,1,57324561
1770789538.37980604,57424521,0,224,80,-528,5,13,-18,0,0,0,1,57424521
1770789538.37980604,57424521,1,224,80,-528,5,13,-18,0,0,0,1,57424521
1770789538.37980604,57424521,2,224,80,-528,5,13,-18,0,0,0,1,57424521
1770789538.47976613,57524481,0,224,80,-528,5,13,-18,0,0,0,1,57524481
1770789538.47976613,57524481,1,224,80,-528,5,13,-18,0,0,0,1,57524481
1770789538.47976613,57524481,2,224,80,-528,5,13,-18,0,0,0,1,57524481
1770789538.57972598,57624441,0,224,80,-528,5,13,-18,0,0,0,1,57624441
1770789538.57972598,57624441,1,224,80,-528,5,13,-18,0,0,0,1,57624441
1770789538.57972598,57624441,2,224,80,-528,5,13,-18,0,0,0,1,57624441
1770789538.67968607,57724401,0,224,80,-528,5,13,-18,0,0,0,1,57724401
1770789538.67968607,57724401,1,224,80,-528,5,13,-18,0,0,0,1,57724401
1770789538.67968607,57724401,2,224,80,-528,5,13,-18,0,0,0,1,57724401
1770789538.77964616,57824361,0,224,80,-528,5,13,-18,0,0,0,1,57824361
1770789538.77964616,57824361,1,224,80,-528,5,13,-18,0,0,0,1,57824361
1770789538.77964616,57824361,2,224,80,-528,5,13,-18,0,0,0,1,57824361
1770789538.87960601,57924321,0,224,80,-528,5,13,-18,0,0,0,1,57924321
1770789538.87960601,57924321,1,224,80,-528,5,13,-18,0,0,0,1,57924321
1770789538.87960601,57924321,2,224,80,-528,5,13,-18,0,0,0,1,57924321
1770789538.98039913,58025114,0,224,80,-528,5,13,-18,0,0,0,1,58025114
1770789538.98039913,58025114,1,224,80,-528,5,13,-18,0,0,0,1,58025114
1770789538.98039913,58025114,2,224,80,-528,5,13,-18,0,0,0,1,58025114
1770789539.08035898,58125074,0,224,80,-528,5,13,-18,0,0,0,1,58125074
1770789539.08035898,58125074,1,224,80,-528,5,13,-18,0,0,0,1,58125074
1770789539.08035898,58125074,2,224,80,-528,5,13,-18,0,0,0,1,58125074
1770789539.18031907,58225034,0,224,80,-528,5,13,-18,0,0,0,1,58225034
1770789539.18031907,58225034,1,224,80,-528,5,13,-18,0,0,0,1,58225034
1770789539.18031907,58225034,2,224,80,-528,5,13,-18,0,0,0,1,58225034
1770789539.28027916,58324994,0,224,80,-528,5,13,-18,0,0,0,1,58324994
1770789539.28027916,58324994,1,224,80,-528,5,13,-18,0,0,0,1,58324994
1770789539.28027916,58324994,2,224,80,-528,5,13,-18,0,0,0,1,58324994
1770789539.38023901,58424954,0,224,80,-528,5,13,-18,0,0,0,1,58424954
1770789539.38023901,58424954,1,224,80,-528,5,13,-18,0,0,0,1,58424954
1770789539.38023901,58424954,2,224,80,-528,5,13,-18,0,0,0,1,58424954
1770789539.48019910,58524914,0,224,80,-528,5,13,-18,0,0,0,1,58524914
1770789539.48019910,58524914,1,224,80,-528,5,13,-18,0,0,0,1,58524914
1770789539.48019910,58524914,2,224,80,-528,5,13,-18,0,0,0,1,58524914
1770789539.58015919,58624874,0,224,80,-528,5,13,-18,0,0,0,1,58624874
1770789539.58015919,58624874,1,224,80,-528,5,13,-18,0,0,0,1,58624874
1770789539.58015919,58624874,2,224,80,-528,5,13,-18,0,0,0,1,58624874
1770789539.68011904,58724834,0,224,80,-528,5,13,-18,0,0,0,1,58724834
1770789539.68011904,58724834,1,224,80,-528,5,13,-18,0,0,0,1,58724834
1770789539.68011904,58724834,2,224,80,-528,5,13,-18,0,0,0,1,58724834
1770789539.78007913,58824794,0,224,80,-528,5,13,-18,0,0,0,1,58824794
1770789539.78007913,58824794,1,224,80,-528,5,13,-18,0,0,0,1,58824794
1770789539.78007913,58824794,2,224,80,-528,5,13,-18,0,0,0,1,58824794
1770789539.88003898,58924754,0,224,80,-528,5,13,-18,0,0,0,1,58924754
1770789539.88003898,58924754,1,224,80,-528,5,13,-18,0,0,0,1,58924754
1770789539.88003898,58924754,2,224,80,-528,5,13,-18,0,0,0,1,58924754
1770789539.97999907,59024714,0,224,80,-528,5,13,-18,0,0,0,1,59024714
1770789539.97999907,59024714,1,224,80,-528,5,13,-18,0,0,0,1,59024714
1770789539.97999907,59024714,2,224,80,-528,5,13,-18,0,0,0,1,59024714
1770789540.07995915,59124674,0,224,80,-528,5,13,-18,0,0,0,1,59124674
1770789540.07995915,59124674,1,224,80,-528,5,13,-18,0,0,0,1,59124674
1770789540.07995915,59124674,2,224,80,-528,5,13,-18,0,0,0,1,59124674
1770789540.17991900,59224634,0,224,80,-528,5,13,-18,0,0,0,1,59224634
1770789540.17991900,59224634,1,224,80,-528,5,13,-18,0,0,0,1,59224634
1770789540.17991900,59224634,2,224,80,-528,5,13,-18,0,0,0,1,59224634
1770789540.27987909,59324594,0,224,80,-528,5,13,-18,0,0,0,1,59324594
1770789540.27987909,59324594,1,224,80,-528,5,13,-18,0,0,0,1,59324594
1770789540.27987909,59324594,2,224,80,-528,5,13,-18,0,0,0,1,59324594
1770789540.37983918,59424554,0,224,80,-528,5,13,-18,0,0,0,1,59424554
1770789540.37983918,59424554,1,224,80,-528,5,13,-18,0,0,0,1,59424554
1770789540.37983918,59424554,2,224,80,-528,5,13,-18,0,0,0,1,59424554
1770789540.47979903,59524514,0,224,80,-528,5,13,-18,0,0,0,1,59524514
1770789540.47979903,59524514,1,224,80,-528,5,13,-18,0,0,0,1,59524514
1770789540.47979903,59524514,2,224,80,-528,5,13,-18,0,0,0,1,59524514
1770789540.57975912,59624474,0,224,80,-528,5,13,-18,0,0,0,1,59624474
1770789540.57975912,59624474,1,224,80,-528,5,13,-18,0,0,0,1,59624474
1770789540.57975912,59624474,2,224,80,-528,5,13,-18,0,0,0,1,59624474
1770789540.67971897,59724434,0,224,80,-528,5,13,-18,0,0,0,1,59724434
1770789540.67971897,59724434,1,224,80,-528,5,13,-18,0,0,0,1,59724434
1770789540.67971897,59724434,2,224,80,-528,5,13,-18,0,0,0,1,59724434
1770789540.77967906,59824394,0,224,80,-528,5,13,-18,0,0,0,1,59824394
1770789540.77967906,59824394,1,224,80,-528,5,13,-18,0,0,0,1,59824394
1770789540.77967906,59824394,2,224,80,-528,5,13,-18,0,0,0,1,59824394
1770789540.87963915,59924354,0,224,80,-528,5,13,-18,0,0,0,1,59924354
1770789540.87963915,59924354,1,224,80,-528,5,13,-18,0,0,0,1,59924354
1770789540.87963915,59924354,2,224,80,-528,5,13,-18,0,0,0,1,59924354
1770789540.97959900,60024314,0,224,80,-528,5,13,-18,0,0,0,1,60024314
1770789540.97959900,60024314,1,224,80,-528,5,13,-18,0,0,0,1,60024314
1770789540.97959900,60024314,2,224,80,-528,5,13,-18,0,0,0,1,60024314
1770789541.08039212,60125107,0,224,80,-528,5,13,-18,0,0,0,1,60125107
1770789541.08039212,60125107,1,224,80,-528,5,13,-18,0,0,0,1,60125107
1770789541.08039212,60125107,2,224,80,-528,5,13,-18,0,0,0,1,60125107
1770789541.18035197,60225067,0,224,80,-528,5,13,-18,0,0,0,1,60225067
1770789541.18035197,60225067,1,224,80,-528,5,13,-18,0,0,0,1,60225067
1770789541.18035197,60225067,2,224,80,-528,5,13,-18,0,0,0,1,60225067
1770789541.28031206,60325027,0,224,80,-528,5,13,-18,0,0,0,1,60325027
1770789541.28031206,60325027,1,224,80,-528,5,13,-18,0,0,0,1,60325027
1770789541.28031206,60325027,2,224,80,-528,5,13,-18,0,0,0,1,60325027
1770789541.38027215,60424987,0,224,80,-528,5,13,-18,0,0,0,1,60424987
1770789541.38027215,60424987,1,224,80,-528,5,13,-18,0,0,0,1,60424987
1770789541.38027215,60424987,2,224,80,-528,5,13,-18,0,0,0,1,60424987
1770789541.48023200,60524947,0,224,80,-528,5,13,-18,0,0,0,1,60524947
1770789541.48023200,60524947,1,224,80,-528,5,13,-18,0,0,0,1,60524947
1770789541.48023200,60524947,2,224,80,-528,5,13,-18,0,0,0,1,60524947
1770789541.58019209,60624907,0,224,80,-528,5,13,-18,0,0,0,1,60624907
1770789541.58019209,60624907,1,224,80,-528,5,13,-18,0,0,0,1,60624907
1770789541.58019209,60624907,2,224,80,-528,5,13,-18,0,0,0,1,60624907
1770789541.68015218,60724867,0,224,80,-528,5,13,-18,0,0,0,1,60724867
1770789541.68015218,60724867,1,224,80,-528,5,13,-18,0,0,0,1,60724867
1770789541.68015218,60724867,2,224,80,-528,5,13,-18,0,0,0,1,60724867
1770789541.78011203,60824827,0,224,80,-528,5,13,-18,0,0,0,1,60824827
1770789541.78011203,60824827,1,224,80,-528,5,13,-18,0,0,0,1,60824827
1770789541.78011203,60824827,2,224,80,-528,5,13,-18,0,0,0,1,60824827
1770789541.88007212,60924787,0,224,80,-528,5,13,-18,0,0,0,1,60924787
1770789541.88007212,60924787,1,224,80,-528,5,13,-18,0,0,0,1,60924787
1770789541.88007212,60924787,2,224,80,-528,5,13,-18,0,0,0,1,60924787
1770789541.98003197,61024747,0,224,80,-528,5,13,-18,0,0,0,1,61024747
1770789541.98003197,61024747,1,224,80,-528,5,13,-18,0,0,0,1,61024747
1770789541.98003197,61024747,2,224,80,-528,5,13,-18,0,0,0,1,61024747
1770789542.07999206,61124707,0,224,80,-528,5,13,-18,0,0,0,1,61124707
1770789542.07999206,61124707,1,224,80,-528,5,13,-18,0,0,0,1,61124707
1770789542.07999206,61124707,2,224,80,-528,5,13,-18,0,0,0,1,61124707
1770789542.17995214,61224667,0,224,80,-528,5,13,-18,0,0,0,1,61224667
1770789542.17995214,61224667,1,224,80,-528,5,13,-18,0,0,0,1,61224667
1770789542.17995214,61224667,2,224,80,-528,5,13,-18,0,0,0,1,61224667
1770789542.27991199,61324627,0,224,80,-528,5,13,-18,0,0,0,1,61324627
1770789542.27991199,61324627,1,224,80,-528,5,13,-18,0,0,0,1,61324627
1770789542.27991199,61324627,2,224,80,-528,5,13,-18,0,0,0,1,61324627
1770789542.37987208,61424587,0,224,80,-528,5,13,-18,0,0,0,1,61424587
1770789542.37987208,61424587,1,224,80,-528,5,13,-18,0,0,0,1,61424587
1770789542.37987208,61424587,2,224,80,-528,5,13,-18,0,0,0,1,61424587
1770789542.47983217,61524547,0,224,80,-528,5,13,-18,0,0,0,1,61524547
1770789542.47983217,61524547,1,224,80,-528,5,13,-18,0,0,0,1,61524547
1770789542.47983217,61524547,2,224,80,-528,5,13,-18,0,0,0,1,61524547
1770789542.57979202,61624507,0,224,80,-528,5,13,-18,0,0,0,1,61624507
1770789542.57979202,61624507,1,224,80,-528,5,13,-18,0,0,0,1,61624507
1770789542.57979202,61624507,2,224,80,-528,5,13,-18,0,0,0,1,61624507
1770789542.67975211,61724467,0,224,80,-528,5,13,-18,0,0,0,1,61724467
1770789542.67975211,61724467,1,224,80,-528,5,13,-18,0,0,0,1,61724467
1770789542.67975211,61724467,2,224,80,-528,5,13,-18,0,0,0,1,61724467
1770789542.77971196,61824427,0,224,80,-528,5,13,-18,0,0,0,1,61824427
1770789542.77971196,61824427,1,224,80,-528,5,13,-18,0,0,0,1,61824427
1770789542.77971196,61824427,2,224,80,-528,5,13,-18,0,0,0,1,61824427
1770789542.87967205,61924387,0,224,80,-528,5,13,-18,0,0,0,1,61924387
1770789542.87967205,61924387,1,224,80,-528,5,13,-18,0,0,0,1,61924387
1770789542.87967205,61924387,2,224,80,-528,5,13,-18,0,0,0,1,61924387
1770789542.97963214,62024347,0,224,80,-528,5,13,-18,0,0,0,1,62024347
1770789542.97963214,62024347,1,224,80,-528,5,13,-18,0,0,0,1,62024347
1770789542.97963214,62024347,2,224,80,-528,5,13,-18,0,0,0,1,62024347
1770789543.08042502,62125140,0,224,80,-528,5,13,-18,0,0,0,1,62125140
1770789543.08042502,62125140,1,224,80,-528,5,13,-18,0,0,0,1,62125140
1770789543.08042502,62125140,2,224,80,-528,5,13,-18,0,0,0,1,62125140
1770789543.18038511,62225100,0,224,80,-528,5,13,-18,0,0,0,1,62225100
1770789543.18038511,62225100,1,224,80,-528,5,13,-18,0,0,0,1,62225100
1770789543.18038511,62225100,2,224,80,-528,5,13,-18,0,0,0,1,62225100
1770789543.28034496,62325060,0,224,80,-528,5,13,-18,0,0,0,1,62325060
1770789543.28034496,62325060,1,224,80,-528,5,13,-18,0,0,0,1,62325060
1770789543.28034496,62325060,2,224,80,-528,5,13,-18,0,0,0,1,62325060
1770789543.38030505,62425020,0,224,80,-528,5,13,-18,0,0,0,1,62425020
1770789543.38030505,62425020,1,224,80,-528,5,13,-18,0,0,0,1,62425020
1770789543.38030505,62425020,2,224,80,-528,5,13,-18,0,0,0,1,62425020
1770789543.48026514,62524980,0,224,80,-528,5,13,-18,0,0,0,1,62524980
1770789543.48026514,62524980,1,224,80,-528,5,13,-18,0,0,0,1,62524980
1770789543.48026514,62524980,2,224,80,-528,5,13,-18,0,0,0,1,62524980
1770789543.58022499,62624940,0,224,80,-528,5,13,-18,0,0,0,1,62624940
1770789543.58022499,62624940,1,224,80,-528,5,13,-18,0,0,0,1,62624940
1770789543.58022499,62624940,2,224,80,-528,5,13,-18,0,0,0,1,62624940
1770789543.68018508,62724900,0,224,80,-528,5,13,-18,0,0,0,1,62724900
1770789543.68018508,62724900,1,224,80,-528,5,13,-18,0,0,0,1,62724900
1770789543.68018508,62724900,2,224,80,-528,5,13,-18,0,0,0,1,62724900
1770789543.78014517,62824860,0,224,80,-528,5,13,-18,0,0,0,1,62824860
1770789543.78014517,62824860,1,224,80,-528,5,13,-18,0,0,0,1,62824860
1770789543.78014517,62824860,2,224,80,-528,5,13,-18,0,0,0,1,62824860
1770789543.88010502,62924820,0,224,80,-528,5,13,-18,0,0,0,1,62924820
1770789543.88010502,62924820,1,224,80,-528,5,13,-18,0,0,0,1,62924820
1770789543.88010502,62924820,2,224,80,-528,5,13,-18,0,0,0,1,62924820
1770789543.98006511,63024780,0,224,80,-528,5,13,-18,0,0,0,1,63024780
1770789543.98006511,63024780,1,224,80,-528,5,13,-18,0,0,0,1,63024780
1770789543.98006511,63024780,2,224,80,-528,5,13,-18,0,0,0,1,63024780
1770789544.08002496,63124740,0,224,80,-528,5,13,-18,0,0,0,1,63124740
1770789544.08002496,63124740,1,224,80,-528,5,13,-18,0,0,0,1,63124740
1770789544.08002496,63124740,2,224,80,-528,5,13,-18,0,0,0,1,63124740
1770789544.17998505,63224700,0,224,80,-528,5,13,-18,0,0,0,1,63224700
1770789544.17998505,63224700,1,224,80,-528,5,13,-18,0,0,0,1,63224700
1770789544.17998505,63224700,2,224,80,-528,5,13,-18,0,0,0,1,63224700
1770789544.27994514,63324660,0,224,80,-528,5,13,-18,0,0,0,1,63324660
1770789544.27994514,63324660,1,224,80,-528,5,13,-18,0,0,0,1,63324660
1770789544.27994514,63324660,2,224,80,-528,5,13,-18,0,0,0,1,63324660
1770789544.37990499,63424620,0,224,80,-528,5,13,-18,0,0,0,1,63424620
1770789544.37990499,63424620,1,224,80,-528,5,13,-18,0,0,0,1,63424620
1770789544.37990499,63424620,2,224,80,-528,5,13,-18,0,0,0,1,63424620
1770789544.47986507,63524580,0,224,80,-528,5,13,-18,0,0,0,1,63524580
1770789544.47986507,63524580,1,224,80,-528,5,13,-18,0,0,0,1,63524580
1770789544.47986507,63524580,2,224,80,-528,5,13,-18,0,0,0,1,63524580
1770789544.57982516,63624540,0,224,80,-528,5,13,-18,0,0,0,1,63624540
1770789544.57982516,63624540,1,224,80,-528,5,13,-18,0,0,0,1,63624540
1770789544.57982516,63624540,2,224,80,-528,5,13,-18,0,0,0,1,63624540
1770789544.67978501,63724500,0,224,80,-528,5,13,-18,0,0,0,1,63724500
1770789544.67978501,63724500,1,224,80,-528,5,13,-18,0,0,0,1,63724500
1770789544.67978501,63724500,2,224,80,-528,5,13,-18,0,0,0,1,63724500
1770789544.77974510,63824460,0,224,80,-528,5,13,-18,0,0,0,1,63824460
1770789544.77974510,63824460,1,224,80,-528,5,13,-18,0,0,0,1,63824460
1770789544.77974510,63824460,2,224,80,-528,5,13,-18,0,0,0,1,63824460
1770789544.87970519,63924420,0,224,80,-528,5,13,-18,0,0,0,1,63924420
1770789544.87970519,63924420,1,224,80,-528,5,13,-18,0,0,0,1,63924420
1770789544.87970519,63924420,2,224,80,-528,5,13,-18,0,0,0,1,63924420
1770789544.97966504,64024380,0,224,80,-528,5,13,-18,0,0,0,1,64024380
1770789544.97966504,64024380,1,224,80,-528,5,13,-18,0,0,0,1,64024380
1770789544.97966504,64024380,2,224,80,-528,5,13,-18,0,0,0,1,64024380
1770789545.07962513,64124340,0,224,80,-528,5,13,-18,0,0,0,1,64124340
1770789545.07962513,64124340,1,224,80,-528,5,13,-18,0,0,0,1,64124340
1770789545.07962513,64124340,2,224,80,-528,5,13,-18,0,0,0,1,64124340
1770789545.18041801,64225133,0,224,80,-528,5,13,-18,0,0,0,1,64225133
1770789545.18041801,64225133,1,224,80,-528,5,13,-18,0,0,0,1,64225133
1770789545.18041801,64225133,2,224,80,-528,5,13,-18,0,0,0,1,64225133
1770789545.28037810,64325093,0,224,80,-528,5,13,-18,0,0,0,1,64325093
1770789545.28037810,64325093,1,224,80,-528,5,13,-18,0,0,0,1,64325093
1770789545.28037810,64325093,2,224,80,-528,5,13,-18,0,0,0,1,64325093
1770789545.38033795,64425053,0,224,80,-528,5,13,-18,0,0,0,1,64425053
1770789545.38033795,64425053,1,224,80,-528,5,13,-18,0,0,0,1,64425053
1770789545.38033795,64425053,2,224,80,-528,5,13,-18,0,0,0,1,64425053
1770789545.48029804,64525013,0,224,80,-528,5,13,-18,0,0,0,1,64525013
1770789545.48029804,64525013,1,224,80,-528,5,13,-18,0,0,0,1,64525013
1770789545.48029804,64525013,2,224,80,-528,5,13,-18,0,0,0,1,64525013
1770789545.58025813,64624973,0,224,80,-528,5,13,-18,0,0,0,1,64624973
1770789545.58025813,64624973,1,224,80,-528,5,13,-18,0,0,0,1,64624973
1770789545.58025813,64624973,2,224,80,-528,5,13,-18,0,0,0,1,64624973
1770789545.68021798,64724933,0,224,80,-528,5,13,-18,0,0,0,1,64724933
1770789545.68021798,64724933,1,224,80,-528,5,13,-18,0,0,0,1,64724933
1770789545.68021798,64724933,2,224,80,-528,5,13,-18,0,0,0,1,64724933
1770789545.78017807,64824893,0,224,80,-528,5,13,-18,0,0,0,1,64824893
1770789545.78017807,64824893,1,224,80,-528,5,13,-18,0,0,0,1,64824893
1770789545.78017807,64824893,2,224,80,-528,5,13,-18,0,0,0,1,64824893
1770789545.88013816,64924853,0,224,80,-528,5,13,-18,0,0,0,1,64924853
1770789545.88013816,64924853,1,224,80,-528,5,13,-18,0,0,0,1,64924853
1770789545.88013816,64924853,2,224,80,-528,5,13,-18,0,0,0,1,64924853
1770789545.98009801,65024813,0,224,80,-528,5,13,-18,0,0,0,1,65024813
1770789545.98009801,65024813,1,224,80,-528,5,13,-18,0,0,0,1,65024813
1770789545.98009801,65024813,2,224,80,-528,5,13,-18,0,0,0,1,65024813
1770789546.08005810,65124773,0,224,80,-528,5,13,-18,0,0,0,1,65124773
1770789546.08005810,65124773,1,224,80,-528,5,13,-18,0,0,0,1,65124773
1770789546.08005810,65124773,2,224,80,-528,5,13,-18,0,0,0,1,65124773
1770789546.18001819,65224733,0,224,80,-528,5,13,-18,0,0,0,1,65224733
1770789546.18001819,65224733,1,224,80,-528,5,13,-18,0,0,0,1,65224733
1770789546.18001819,65224733,2,224,80,-528,5,13,-18,0,0,0,1,65224733
1770789546.27997804,65324693,0,224,80,-528,5,13,-18,0,0,0,1,65324693
1770789546.27997804,65324693,1,224,80,-528,5,13,-18,0,0,0,1,65324693
1770789546.27997804,65324693,2,224,80,-528,5,13,-18,0,0,0,1,65324693
1770789546.37993813,65424653,0,224,80,-528,5,13,-18,0,0,0,1,65424653
1770789546.37993813,65424653,1,224,80,-528,5,13,-18,0,0,0,1,65424653
1770789546.37993813,65424653,2,224,80,-528,5,13,-18,0,0,0,1,65424653
1770789546.47989798,65524613,0,224,80,-528,5,13,-18,0,0,0,1,65524613
1770789546.47989798,65524613,1,224,80,-528,5,13,-18,0,0,0,1,65524613
1770789546.47989798,65524613,2,224,80,-528,5,13,-18,0,0,0,1,65524613
1770789546.57985806,65624573,0,224,80,-528,5,13,-18,0,0,0,1,65624573
1770789546.57985806,65624573,1,224,80,-528,5,13,-18,0,0,0,1,65624573
1770789546.57985806,65624573,2,224,80,-528,5,13,-18,0,0,0,1,65624573
1770789546.67981815,65724533,0,224,80,-528,5,13,-18,0,0,0,1,65724533
1770789546.67981815,65724533,1,224,80,-528,5,13,-18,0,0,0,1,65724533
1770789546.67981815,65724533,2,224,80,-528,5,13,-18,0,0,0,1,65724533
1770789546.77977800,65824493,0,224,80,-528,5,13,-18,0,0,0,1,65824493
1770789546.77977800,65824493,1,224,80,-528,5,13,-18,0,0,0,1,65824493
1770789546.77977800,65824493,2,224,80,-528,5,13,-18,0,0,0,1,65824493
1770789546.87973809,65924453,0,224,80,-528,5,13,-18,0,0,0,1,65924453
1770789546.87973809,65924453,1,224,80,-528,5,13,-18,0,0,0,1,65924453
1770789546.87973809,65924453,2,224,80,-528,5,13,-18,0,0,0,1,65924453
1770789546.97969818,66024413,0,224,80,-528,5,13,-18,0,0,0,1,66024413
1770789546.97969818,66024413,1,224,80,-528,5,13,-18,0,0,0,1,66024413
1770789546.97969818,66024413,2,224,80,-528,5,13,-18,0,0,0,1,66024413
1770789547.07965803,66124373,0,224,80,-528,5,13,-18,0,0,0,1,66124373
1770789547.07965803,66124373,1,224,80,-528,5,13,-18,0,0,0,1,66124373
1770789547.07965803,66124373,2,224,80,-528,5,13,-18,0,0,0,1,66124373
1770789547.17961812,66224333,0,224,80,-528,5,13,-18,0,0,0,1,66224333
1770789547.17961812,66224333,1,224,80,-528,5,13,-18,0,0,0,1,66224333
1770789547.17961812,66224333,2,224,80,-528,5,13,-18,0,0,0,1,66224333
1770789547.28041101,66325126,0,224,80,-528,5,13,-18,0,0,0,1,66325126
1770789547.28041101,66325126,1,224,80,-528,5,13,-18,0,0,0,1,66325126
1770789547.28041101,66325126,2,224,80,-528,5,13,-18,0,0,0,1,66325126
1770789547.38037109,66425086,0,224,80,-528,5,13,-18,0,0,0,1,66425086
1770789547.38037109,66425086,1,224,80,-528,5,13,-18,0,0,0,1,66425086
1770789547.38037109,66425086,2,224,80,-528,5,13,-18,0,0,0,1,66425086
1770789547.48033118,66525046,0,224,80,-528,5,13,-18,0,0,0,1,66525046
1770789547.48033118,66525046,1,224,80,-528,5,13,-18,0,0,0,1,66525046
1770789547.48033118,66525046,2,224,80,-528,5,13,-18,0,0,0,1,66525046
1770789547.58029103,66625006,0,224,80,-528,5,13,-18,0,0,0,1,66625006
1770789547.58029103,66625006,1,224,80,-528,5,13,-18,0,0,0,1,66625006
1770789547.58029103,66625006,2,224,80,-528,5,13,-18,0,0,0,1,66625006
1770789547.68025112,66724966,0,224,80,-528,5,13,-18,0,0,0,1,66724966
1770789547.68025112,66724966,1,224,80,-528,5,13,-18,0,0,0,1,66724966
1770789547.68025112,66724966,2,224,80,-528,5,13,-18,0,0,0,1,66724966
1770789547.78021097,66824926,0,224,80,-528,5,13,-18,0,0,0,1,66824926
1770789547.78021097,66824926,1,224,80,-528,5,13,-18,0,0,0,1,66824926
1770789547.78021097,66824926,2,224,80,-528,5,13,-18,0,0,0,1,66824926
1770789547.88017106,66924886,0,224,80,-528,5,13,-18,0,0,0,1,66924886
1770789547.88017106,66924886,1,224,80,-528,5,13,-18,0,0,0,1,66924886
1770789547.88017106,66924886,2,224,80,-528,5,13,-18,0,0,0,1,66924886
1770789547.98013115,67024846,0,224,80,-528,5,13,-18,0,0,0,1,67024846
1770789547.98013115,67024846,1,224,80,-528,5,13,-18,0,0,0,1,67024846
1770789547.98013115,67024846,2,224,80,-528,5,13,-18,0,0,0,1,67024846
1770789548.08009100,67124806,0,224,80,-528,5,13,-18,0,0,0,1,67124806
1770789548.08009100,67124806,1,224,80,-528,5,13,-18,0,0,0,1,67124806
1770789548.08009100,67124806,2,224,80,-528,5,13,-18,0,0,0,1,67124806
1770789548.18005109,67224766,0,224,80,-528,5,13,-18,0,0,0,1,67224766
1770789548.18005109,67224766,1,224,80,-528,5,13,-18,0,0,0,1,67224766
1770789548.18005109,67224766,2,224,80,-528,5,13,-18,0,0,0,1,67224766
1770789548.28001118,67324726,0,224,80,-528,5,13,-18,0,0,0,1,67324726
1770789548.28001118,67324726,1,224,80,-528,5,13,-18,0,0,0,1,67324726
1770789548.28001118,67324726,2,224,80,-528,5,13,-18,0,0,0,1,67324726
1770789548.37997103,67424686,0,224,80,-528,5,13,-18,0,0,0,1,67424686
1770789548.37997103,67424686,1,224,80,-528,5,13,-18,0,0,0,1,67424686
1770789548.37997103,67424686,2,224,80,-528,5,13,-18,0,0,0,1,67424686
1770789548.47993112,67524646,0,224,80,-528,5,13,-18,0,0,0,1,67524646
1770789548.47993112,67524646,1,224,80,-528,5,13,-18,0,0,0,1,67524646
1770789548.47993112,67524646,2,224,80,-528,5,13,-18,0,0,0,1,67524646
1770789548.57989097,67624606,0,224,80,-528,5,13,-18,0,0,0,1,67624606
1770789548.57989097,67624606,1,224,80,-528,5,13,-18,0,0,0,1,67624606
1770789548.57989097,67624606,2,224,80,-528,5,13,-18,0,0,0,1,67624606
1770789548.67985106,67724566,0,224,80,-528,5,13,-18,0,0,0,1,67724566
1770789548.67985106,67724566,1,224,80,-528,5,13,-18,0,0,0,1,67724566
1770789548.67985106,67724566,2,224,80,-528,5,13,-18,0,0,0,1,67724566
1770789548.77981114,67824526,0,224,80,-528,5,13,-18,0,0,0,1,67824526
1770789548.77981114,67824526,1,224,80,-528,5,13,-18,0,0,0,1,67824526
1770789548.77981114,67824526,2,224,80,-528,5,13,-18,0,0,0,1,67824526
1770789548.87977099,67924486,0,224,80,-528,5,13,-18,0,0,0,1,67924486
1770789548.87977099,67924486,1,224,80,-528,5,13,-18,0,0,0,1,67924486
1770789548.87977099,67924486,2,224,80,-528,5,13,-18,0,0,0,1,67924486
1770789548.97973108,68024446,0,224,80,-528,5,13,-18,0,0,0,1,68024446
1770789548.97973108,68024446,1,224,80,-528,5,13,-18,0,0,0,1,68024446
1770789548.97973108,68024446,2,224,80,-528,5,13,-18,0,0,0,1,68024446
1770789549.07969117,68124406,0,224,80,-528,5,13,-18,0,0,0,1,68124406
1770789549.07969117,68124406,1,224,80,-528,5,13,-18,0,0,0,1,68124406
1770789549.07969117,68124406,2,224,80,-528,5,13,-18,0,0,0,1,68124406
1770789549.17965102,68224366,0,224,80,-528,5,13,-18,0,0,0,1,68224366
1770789549.17965102,68224366,1,224,80,-528,5,13,-18,0,0,0,1,68224366
1770789549.17965102,68224366,2,224,80,-528,5,13,-18,0,0,0,1,68224366
1770789549.27961111,68324326,0,224,80,-528,5,13,-18,0,0,0,1,68324326
1770789549.27961111,68324326,1,224,80,-528,5,13,-18,0,0,0,1,68324326
1770789549.27961111,68324326,2,224,80,-528,5,13,-18,0,0,0,1,68324326
1770789549.38040400,68425119,0,224,80,-528,5,13,-18,0,0,0,1,68425119
1770789549.38040400,68425119,1,224,80,-528,5,13,-18,0,0,0,1,68425119
1770789549.38040400,68425119,2,224,80,-528,5,13,-18,0,0,0,1,68425119
1770789549.48036408,68525079,0,224,80,-528,5,13,-18,0,0,0,1,68525079
1770789549.48036408,68525079,1,224,80,-528,5,13,-18,0,0,0,1,68525079
1770789549.48036408,68525079,2,224,80,-528,5,13,-18,0,0,0,1,68525079
1770789549.58032417,68625039,0,224,80,-528,5,13,-18,0,0,0,1,68625039
1770789549.58032417,68625039,1,224,80,-528,5,13,-18,0,0,0,1,68625039
1770789549.58032417,68625039,2,224,80,-528,5,13,-18,0,0,0,1,68625039
1770789549.68028402,68724999,0,224,80,-528,5,13,-18,0,0,0,1,68724999
1770789549.68028402,68724999,1,224,80,-528,5,13,-18,0,0,0,1,68724999
1770789549.68028402,68724999,2,224,80,-528,5,13,-18,0,0,0,1,68724999
1770789549.78024411,68824959,0,224,80,-528,5,13,-18,0,0,0,1,68824959
1770789549.78024411,68824959,1,224,80,-528,5,13,-18,0,0,0,1,68824959
1770789549.78024411,68824959,2,224,80,-528,5,13,-18,0,0,0,1,68824959
1770789549.88020396,68924919,0,224,80,-528,5,13,-18,0,0,0,1,68924919
1770789549.88020396,68924919,1,224,80,-528,5,13,-18,0,0,0,1,68924919
1770789549.88020396,68924919,2,224,80,-528,5,13,-18,0,0,0,1,68924919
1770789549.98016405,69024879,0,224,80,-528,5,13,-18,0,0,0,1,69024879
1770789549.98016405,69024879,1,224,80,-528,5,13,-18,0,0,0,1,69024879
1770789549.98016405,69024879,2,224,80,-528,5,13,-18,0,0,0,1,69024879
1770789550.08012414,69124839,0,224,80,-528,5,13,-18,0,0,0,1,69124839
1770789550.08012414,69124839,1,224,80,-528,5,13,-18,0,0,0,1,69124839
1770789550.08012414,69124839,2,224,80,-528,5,13,-18,0,0,0,1,69124839
1770789550.18008399,69224799,0,224,80,-528,5,13,-18,0,0,0,1,69224799
1770789550.18008399,69224799,1,224,80,-528,5,13,-18,0,0,0,1,69224799
1770789550.18008399,69224799,2,224,80,-528,5,13,-18,0,0,0,1,69224799
1770789550.28004408,69324759,0,224,80,-528,5,13,-18,0,0,0,1,69324759
1770789550.28004408,69324759,1,224,80,-528,5,13,-18,0,0,0,1,69324759
1770789550.28004408,69324759,2,224,80,-528,5,13,-18,0,0,0,1,69324759
1770789550.38000417,69424719,0,224,80,-528,5,13,-18,0,0,0,1,69424719
1770789550.38000417,69424719,1,224,80,-528,5,13,-18,0,0,0,1,69424719
1770789550.38000417,69424719,2,224,80,-528,5,13,-18,0,0,0,1,69424719
1770789550.47996402,69524679,0,225,80,-528,5,13,-18,0,0,0,1,69524679
1770789550.47996402,69524679,1,225,80,-528,5,13,-18,0,0,0,1,69524679
1770789550.47996402,69524679,2,225,80,-528,5,13,-18,0,0,0,1,69524679
1770789550.57992411,69624639,0,225,80,-528,5,13,-18,0,0,0,1,69624639
1770789550.57992411,69624639,1,225,80,-528,5,13,-18,0,0,0,1,69624639
1770789550.57992411,69624639,2,225,80,-528,5,13,-18,0,0,0,1,69624639
1770789550.67988396,69724599,0,225,80,-528,5,13,-18,0,0,0,1,69724599
1770789550.67988396,69724599,1,225,80,-528,5,13,-18,0,0,0,1,69724599
1770789550.67988396,69724599,2,225,80,-528,5,13,-18,0,0,0,1,69724599
1770789550.77984405,69824559,0,225,80,-528,5,13,-18,0,0,0,1,69824559
1770789550.77984405,69824559,1,225,80,-528,5,13,-18,0,0,0,1,69824559
1770789550.77984405,69824559,2,225,80,-528,5,13,-18,0,0,0,1,69824559
1770789550.87980413,69924519,0,226,80,-527,5,13,-18,0,0,0,1,69924519
1770789550.87980413,69924519,1,226,80,-527,5,13,-18,0,0,0,1,69924519
1770789550.87980413,69924519,2,226,80,-527,5,13,-18,0,0,0,1,69924519
1770789550.97976398,70024479,0,226,80,-527,5,13,-18,0,0,0,1,70024479
1770789550.97976398,70024479,1,226,80,-527,5,13,-18,0,0,0,1,70024479
1770789550.97976398,70024479,2,226,80,-527,5,13,-18,0,0,0,1,70024479
1770789551.07972407,70124439,0,227,80,-527,5,13,-18,0,0,0,1,70124439
1770789551.07972407,70124439,1,227,80,-527,5,13,-18,0,0,0,1,70124439
1770789551.07972407,70124439,2,227,80,-527,5,13,-18,0,0,0,1,70124439
1770789551.17968416,70224399,0,234,80,-524,5,13,-18,0,0,0,1,70224399
1770789551.17968416,70224399,1,234,80,-524,5,13,-18,0,0,0,1,70224399
1770789551.17968416,70224399,2,234,80,-524,5,13,-18,0,0,0,1,70224399
1770789551.27964401,70324359,0,278,81,-501,5,13,-18,0,0,0,1,70324359
1770789551.27964401,70324359,1,278,81,-501,5,13,-18,0,0,0,1,70324359
1770789551.27964401,70324359,2,278,81,-501,5,13,-18,0,0,0,1,70324359
1770789551.37960410,70424319,0,340,81,-461,5,13,-18,0,0,0,1,70424319
1770789551.37960410,70424319,1,340,81,-461,5,13,-18,0,0,0,1,70424319
1770789551.37960410,70424319,2,340,81,-461,5,13,-18,0,0,0,1,70424319
1770789551.48039699,70525112,0,386,81,-424,5,13,-18,0,0,0,1,70525112
1770789551.48039699,70525112,1,386,81,-424,5,13,-18,0,0,0,1,70525112
1770789551.48039699,70525112,2,386,81,-424,5,13,-18,0,0,0,1,70525112
1770789551.58035707,70625072,0,407,81,-404,5,13,-18,0,0,0,1,70625072
1770789551.58035707,70625072,1,407,81,-404,5,13,-18,0,0,0,1,70625072
1770789551.58035707,70625072,2,407,81,-404,5,13,-18,0,0,0,1,70625072
1770789551.68031716,70725032,0,406,80,-405,5,13,-18,0,0,0,1,70725032
1770789551.68031716,70725032,1,406,80,-405,5,13,-18,0,0,0,1,70725032
1770789551.68031716,70725032,2,406,80,-405,5,13,-18,0,0,0,1,70725032
1770789551.78027701,70824992,0,388,81,-423,5,13,-18,0,0,0,1,70824992
1770789551.78027701,70824992,1,388,81,-423,5,13,-18,0,0,0,1,70824992
1770789551.78027701,70824992,2,388,81,-423,5,13,-18,0,0,0,1,70824992
1770789551.88023710,70924952,0,363,81,-444,5,13,-18,0,0,0,1,70924952
1770789551.88023710,70924952,1,363,81,-444,5,13,-18,0,0,0,1,70924952
1770789551.88023710,70924952,2,363,81,-444,5,13,-18,0,0,0,1,70924952
1770789551.98019719,71024912,0,340,80,-462,5,13,-18,0,0,0,1,71024912
1770789551.98019719,71024912,1,340,80,-462,5,13,-18,0,0,0,1,71024912
1770789551.98019719,71024912,2,340,80,-462,5,13,-18,0,0,0,1,71024912
1770789552.08015704,71124872,0,326,80,-472,5,13,-18,0,0,0,1,71124872
1770789552.08015704,71124872,1,326,80,-472,5,13,-18,0,0,0,1,71124872
1770789552.08015704,71124872,2,326,80,-472,5,13,-18,0,0,0,1,71124872
1770789552.18011713,71224832,0,322,80,-475,5,13,-18,0,0,0,1,71224832
1770789552.18011713,71224832,1,322,80,-475,5,13,-18,0,0,0,1,71224832
1770789552.18011713,71224832,2,322,80,-475,5,13,-18,0,0,0,1,71224832
1770789552.28007698,71324792,0,328,79,-471,5,13,-18,0,0,0,1,71324792
1770789552.28007698,71324792,1,328,79,-471,5,13,-18,0,0,0,1,71324792
1770789552.28007698,71324792,2,328,79,-471,5,13,-18,0,0,0,1,71324792
1770789552.38003707,71424752,0,339,79,-463,5,13,-18,0,0,0,1,71424752
1770789552.38003707,71424752,1,339,79,-463,5,13,-18,0,0,0,1,71424752
1770789552.38003707,71424752,2,339,79,-463,5,13,-18,0,0,0,1,71424752
1770789552.47999716,71524712,0,350,79,-455,5,13,-18,0,0,0,1,71524712
1770789552.47999716,71524712,1,350,79,-455,5,13,-18,0,0,0,1,71524712
1770789552.47999716,71524712,2,350,79,-455,5,13,-18,0,0,0,1,71524712
1770789552.57995701,71624672,0,360,78,-447,5,13,-18,0,0,0,1,71624672
1770789552.57995701,71624672,1,360,78,-447,5,13,-18,0,0,0,1,71624672
1770789552.57995701,71624672,2,360,78,-447,5,13,-18,0,0,0,1,71624672
1770789552.67991710,71724632,0,365,77,-443,5,13,-18,0,0,0,1,71724632
1770789552.67991710,71724632,1,365,77,-443,5,13,-18,0,0,0,1,71724632
1770789552.67991710,71724632,2,365,77,-443,5,13,-18,0,0,0,1,71724632
1770789552.77987719,71824592,0,367,77,-441,5,13,-18,0,0,0,1,71824592
1770789552.77987719,71824592,1,367,77,-441,5,13,-18,0,0,0,1,71824592
1770789552.77987719,71824592,2,367,77,-441,5,13,-18,0,0,0,1,71824592
1770789552.87983704,71924552,0,367,77,-442,5,13,-18,0,0,0,1,71924552
1770789552.87983704,71924552,1,367,77,-442,5,13,-18,0,0,0,1,71924552
1770789552.87983704,71924552,2,367,77,-442,5,13,-18,0,0,0,1,71924552
1770789552.97979712,72024512,0,364,78,-444,5,13,-18,0,0,0,1,72024512
1770789552.97979712,72024512,1,364,78,-444,5,13,-18,0,0,0,1,72024512
1770789552.97979712,72024512,2,364,78,-444,5,13,-18,0,0,0,1,72024512
1770789553.07975698,72124472,0,359,80,-447,5,13,-18,0,0,0,1,72124472
1770789553.07975698,72124472,1,359,80,-447,5,13,-18,0,0,0,1,72124472
1770789553.07975698,72124472,2,359,80,-447,5,13,-18,0,0,0,1,72124472
1770789553.17971706,72224432,0,356,80,-450,5,13,-18,0,0,0,1,72224432
1770789553.17971706,72224432,1,356,80,-450,5,13,-18,0,0,0,1,72224432
1770789553.17971706,72224432,2,356,80,-450,5,13,-18,0,0,0,1,72224432
1770789553.27967715,72324392,0,354,80,-451,5,13,-18,0,0,0,1,72324392
1770789553.27967715,72324392,1,354,80,-451,5,13,-18,0,0,0,1,72324392
1770789553.27967715,72324392,2,354,80,-451,5,13,-18,0,0,0,1,72324392
1770789553.37963700,72424352,0,353,80,-452,5,13,-18,0,0,0,1,72424352
1770789553.37963700,72424352,1,353,80,-452,5,13,-18,0,0,0,1,72424352
1770789553.37963700,72424352,2,353,80,-452,5,13,-18,0,0,0,1,72424352
1770789553.47959709,72524312,0,354,81,-451,5,13,-18,0,0,0,1,72524312
1770789553.47959709,72524312,1,354,81,-451,5,13,-18,0,0,0,1,72524312
1770789553.47959709,72524312,2,354,81,-451,5,13,-18,0,0,0,1,72524312
1770789553.58038998,72625105,0,356,82,-450,5,13,-18,0,0,0,1,72625105
1770789553.58038998,72625105,1,356,82,-450,5,13,-18,0,0,0,1,72625105
1770789553.58038998,72625105,2,356,82,-450,5,13,-18,0,0,0,1,72625105
1770789553.68035007,72725065,0,358,81,-448,5,13,-18,0,0,0,1,72725065
1770789553.68035007,72725065,1,358,81,-448,5,13,-18,0,0,0,1,72725065
1770789553.68035007,72725065,2,358,81,-448,5,13,-18,0,0,0,1,72725065
1770789553.78031015,72825025,0,360,80,-447,5,13,-18,0,0,0,1,72825025
1770789553.78031015,72825025,1,360,80,-447,5,13,-18,0,0,0,1,72825025
1770789553.78031015,72825025,2,360,80,-447,5,13,-18,0,0,0,1,72825025
1770789553.88027000,72924985,0,361,79,-446,5,13,-18,0,0,0,1,72924985
1770789553.88027000,72924985,1,361,79,-446,5,13,-18,0,0,0,1,72924985
1770789553.88027000,72924985,2,361,79,-446,5,13,-18,0,0,0,1,72924985
1770789553.98023009,73024945,0,362,79,-446,5,13,-18,0,0,0,1,73024945
1770789553.98023009,73024945,1,362,79,-446,5,13,-18,0,0,0,1,73024945
1770789553.98023009,73024945,2,362,79,-446,5,13,-18,0,0,0,1,73024945
1770789554.08019018,73124905,0,361,78,-446,5,13,-18,0,0,0,1,73124905
1770789554.08019018,73124905,1,361,78,-446,5,13,-18,0,0,0,1,73124905
1770789554.08019018,73124905,2,361,78,-446,5,13,-18,0,0,0,1,73124905
1770789554.18015003,73224865,0,360,77,-447,5,13,-18,0,0,0,1,73224865
1770789554.18015003,73224865,1,360,77,-447,5,13,-18,0,0,0,1,73224865
1770789554.18015003,73224865,2,360,77,-447,5,13,-18,0,0,0,1,73224865
1770789554.28011012,73324825,0,360,77,-447,5,13,-18,0,0,0,1,73324825
1770789554.28011012,73324825,1,360,77,-447,5,13,-18,0,0,0,1,73324825
1770789554.28011012,73324825,2,360,77,-447,5,13,-18,0,0,0,1,73324825
1770789554.38006997,73424785,0,360,78,-447,5,13,-18,0,0,0,1,73424785
1770789554.38006997,73424785,1,360,78,-447,5,13,-18,0,0,0,1,73424785
1770789554.38006997,73424785,2,360,78,-447,5,13,-18,0,0,0,1,73424785
1770789554.48003006,73524745,0,361,80,-446,5,13,-18,0,0,0,1,73524745
1770789554.48003006,73524745,1,361,80,-446,5,13,-18,0,0,0,1,73524745
1770789554.48003006,73524745,2,361,80,-446,5,13,-18,0,0,0,1,73524745
1770789554.57999015,73624705,0,362,81,-445,5,13,-18,0,0,0,1,73624705
1770789554.57999015,73624705,1,362,81,-445,5,13,-18,0,0,0,1,73624705
1770789554.57999015,73624705,2,362,81,-445,5,13,-18,0,0,0,1,73624705
1770789554.67995000,73724665,0,362,81,-445,5,13,-18,0,0,0,1,73724665
1770789554.67995000,73724665,1,362,81,-445,5,13,-18,0,0,0,1,73724665
1770789554.67995000,73724665,2,362,81,-445,5,13,-18,0,0,0,1,73724665
1770789554.77991009,73824625,0,362,81,-445,5,13,-18,0,0,0,1,73824625
1770789554.77991009,73824625,1,362,81,-445,5,13,-18,0,0,0,1,73824625
1770789554.77991009,73824625,2,362,81,-445,5,13,-18,0,0,0,1,73824625
1770789554.87987018,73924585,0,362,81,-445,5,13,-18,0,0,0,1,73924585
1770789554.87987018,73924585,1,362,81,-445,5,13,-18,0,0,0,1,73924585
1770789554.87987018,73924585,2,362,81,-445,5,13,-18,0,0,0,1,73924585
1770789554.97983003,74024545,0,361,80,-446,5,13,-18,0,0,0,1,74024545
1770789554.97983003,74024545,1,361,80,-446,5,13,-18,0,0,0,1,74024545
1770789554.97983003,74024545,2,361,80,-446,5,13,-18,0,0,0,1,74024545
1770789555.07979012,74124505,0,361,80,-446,5,13,-18,0,0,0,1,74124505
1770789555.07979012,74124505,1,361,80,-446,5,13,-18,0,0,0,1,74124505
1770789555.07979012,74124505,2,361,80,-446,5,13,-18,0,0,0,1,74124505
1770789555.17974997,74224465,0,361,80,-446,5,13,-18,0,0,0,1,74224465
1770789555.17974997,74224465,1,361,80,-446,5,13,-18,0,0,0,1,74224465
1770789555.17974997,74224465,2,361,80,-446,5,13,-18,0,0,0,1,74224465
1770789555.27971005,74324425,0,361,78,-446,5,13,-18,0,0,0,1,74324425
1770789555.27971005,74324425,1,361,78,-446,5,13,-18,0,0,0,1,74324425
1770789555.27971005,74324425,2,361,78,-446,5,13,-18,0,0,0,1,74324425
1770789555.37967014,74424385,0,361,78,-447,5,13,-18,0,0,0,1,74424385
1770789555.37967014,74424385,1,361,78,-447,5,13,-18,0,0,0,1,74424385
1770789555.37967014,74424385,2,361,78,-447,5,13,-18,0,0,0,1,74424385
1770789555.47962999,74524345,0,361,79,-446,5,13,-18,0,0,0,1,74524345
1770789555.47962999,74524345,1,361,79,-446,5,13,-18,0,0,0,1,74524345
1770789555.47962999,74524345,2,361,79,-446,5,13,-18,0,0,0,1,74524345
1770789555.58042312,74625138,0,361,80,-446,5,13,-18,0,0,0,1,74625138
1770789555.58042312,74625138,1,361,80,-446,5,13,-18,0,0,0,1,74625138
1770789555.58042312,74625138,2,361,80,-446,5,13,-18,0,0,0,1,74625138
1770789555.68038297,74725098,0,360,80,-446,5,13,-18,0,0,0,1,74725098
1770789555.68038297,74725098,1,360,80,-446,5,13,-18,0,0,0,1,74725098
1770789555.68038297,74725098,2,360,80,-446,5,13,-18,0,0,0,1,74725098
1770789555.78034306,74825058,0,360,79,-447,5,13,-18,0,0,0,1,74825058
1770789555.78034306,74825058,1,360,79,-447,5,13,-18,0,0,0,1,74825058
1770789555.78034306,74825058,2,360,79,-447,5,13,-18,0,0,0,1,74825058
1770789555.88030314,74925018,0,359,79,-447,5,13,-18,0,0,0,1,74925018
1770789555.88030314,74925018,1,359,79,-447,5,13,-18,0,0,0,1,74925018
1770789555.88030314,74925018,2,359,79,-447,5,13,-18,0,0,0,1,74925018
1770789555.98026299,75024978,0,360,78,-447,5,13,-18,0,0,0,1,75024978
1770789555.98026299,75024978,1,360,78,-447,5,13,-18,0,0,0,1,75024978
1770789555.98026299,75024978,2,360,78,-447,5,13,-18,0,0,0,1,75024978
1770789556.08022308,75124938,0,362,79,-446,5,13,-18,0,0,0,1,75124938
1770789556.08022308,75124938,1,362,79,-446,5,13,-18,0,0,0,1,75124938
1770789556.08022308,75124938,2,362,79,-446,5,13,-18,0,0,0,1,75124938
1770789556.18018317,75224898,0,362,80,-445,5,13,-18,0,0,0,1,75224898
1770789556.18018317,75224898,1,362,80,-445,5,13,-18,0,0,0,1,75224898
1770789556.18018317,75224898,2,362,80,-445,5,13,-18,0,0,0,1,75224898
1770789556.28014302,75324858,0,362,80,-445,5,13,-18,0,0,0,1,75324858
1770789556.28014302,75324858,1,362,80,-445,5,13,-18,0,0,0,1,75324858
1770789556.28014302,75324858,2,362,80,-445,5,13,-18,0,0,0,1,75324858
1770789556.38010311,75424818,0,360,80,-447,5,13,-18,0,0,0,1,75424818
1770789556.38010311,75424818,1,360,80,-447,5,13,-18,0,0,0,1,75424818
1770789556.38010311,75424818,2,360,80,-447,5,13,-18,0,0,0,1,75424818
1770789556.48006296,75524778,0,357,81,-449,5,13,-18,0,0,0,1,75524778
1770789556.48006296,75524778,1,357,81,-449,5,13,-18,0,0,0,1,75524778
1770789556.48006296,75524778,2,357,81,-449,5,13,-18,0,0,0,1,75524778
1770789556.58002305,75624738,0,353,83,-452,5,13,-18,0,0,0,1,75624738
1770789556.58002305,75624738,1,353,83,-452,5,13,-18,0,0,0,1,75624738
1770789556.58002305,75624738,2,353,83,-452,5,13,-18,0,0,0,1,75624738
1770789556.67998314,75724698,0,349,84,-455,5,13,-18,0,0,0,1,75724698
1770789556.67998314,75724698,1,349,84,-455,5,13,-18,0,0,0,1,75724698
1770789556.67998314,75724698,2,349,84,-455,5,13,-18,0,0,0,1,75724698
1770789556.77994299,75824658,0,345,84,-458,5,13,-18,0,0,0,1,75824658
1770789556.77994299,75824658,1,345,84,-458,5,13,-18,0,0,0,1,75824658
1770789556.77994299,75824658,2,345,84,-458,5,13,-18,0,0,0,1,75824658
1770789556.87990308,75924618,0,342,84,-460,5,13,-18,0,0,0,1,75924618
1770789556.87990308,75924618,1,342,84,-460,5,13,-18,0,0,0,1,75924618
1770789556.87990308,75924618,2,342,84,-460,5,13,-18,0,0,0,1,75924618
1770789556.97986317,76024578,0,338,83,-463,5,13,-18,0,0,0,1,76024578
1770789556.97986317,76024578,1,338,83,-463,5,13,-18,0,0,0,1,76024578
1770789556.97986317,76024578,2,338,83,-463,5,13,-18,0,0,0,1,76024578
1770789557.07982302,76124538,0,334,81,-466,5,13,-18,0,0,0,1,76124538
1770789557.07982302,76124538,1,334,81,-466,5,13,-18,0,0,0,1,76124538
1770789557.07982302,76124538,2,334,81,-466,5,13,-18,0,0,0,1,76124538
1770789557.17978311,76224498,0,329,67,-472,5,13,-18,0,0,0,1,76224498
1770789557.17978311,76224498,1,329,67,-472,5,13,-18,0,0,0,1,76224498
1770789557.17978311,76224498,2,329,67,-472,5,13,-18,0,0,0,1,76224498
1770789557.27974296,76324458,0,321,27,-481,5,13,-18,0,0,0,1,76324458
1770789557.27974296,76324458,1,321,27,-481,5,13,-18,0,0,0,1,76324458
1770789557.27974296,76324458,2,321,27,-481,5,13,-18,0,0,0,1,76324458
1770789557.37970304,76424418,0,311,-22,-488,5,13,-18,0,0,0,1,76424418
1770789557.37970304,76424418,1,311,-22,-488,5,13,-18,0,0,0,1,76424418
1770789557.37970304,76424418,2,311,-22,-488,5,13,-18,0,0,0,1,76424418
1770789557.47966313,76524378,0,298,-65,-492,5,13,-18,0,0,0,1,76524378
1770789557.47966313,76524378,1,298,-65,-492,5,13,-18,0,0,0,1,76524378
1770789557.47966313,76524378,2,298,-65,-492,5,13,-18,0,0,0,1,76524378
1770789557.57962298,76624338,0,285,-94,-495,5,13,-18,0,0,0,1,76624338
1770789557.57962298,76624338,1,285,-94,-495,5,13,-18,0,0,0,1,76624338
1770789557.57962298,76624338,2,285,-94,-495,5,13,-18,0,0,0,1,76624338
1770789557.68041611,76725131,0,277,-105,-498,5,13,-18,0,0,0,1,76725131
1770789557.68041611,76725131,1,277,-105,-498,5,13,-18,0,0,0,1,76725131
1770789557.68041611,76725131,2,277,-105,-498,5,13,-18,0,0,0,1,76725131
1770789557.78037596,76825091,0,274,-103,-500,5,13,-18,0,0,0,1,76825091
1770789557.78037596,76825091,1,274,-103,-500,5,13,-18,0,0,0,1,76825091
1770789557.78037596,76825091,2,274,-103,-500,5,13,-18,0,0,0,1,76825091
1770789557.88033605,76925051,0,275,-94,-501,5,13,-18,0,0,0,1,76925051
1770789557.88033605,76925051,1,275,-94,-501,5,13,-18,0,0,0,1,76925051
1770789557.88033605,76925051,2,275,-94,-501,5,13,-18,0,0,0,1,76925051
1770789557.98029613,77025011,0,279,-82,-501,5,13,-18,0,0,0,1,77025011
1770789557.98029613,77025011,1,279,-82,-501,5,13,-18,0,0,0,1,77025011
1770789557.98029613,77025011,2,279,-82,-501,5,13,-18,0,0,0,1,77025011
1770789558.08025599,77124971,0,281,-71,-502,5,13,-18,0,0,0,1,77124971
1770789558.08025599,77124971,1,281,-71,-502,5,13,-18,0,0,0,1,77124971
1770789558.08025599,77124971,2,281,-71,-502,5,13,-18,0,0,0,1,77124971
1770789558.18021607,77224931,0,279,-61,-504,5,13,-18,0,0,0,1,77224931
1770789558.18021607,77224931,1,279,-61,-504,5,13,-18,0,0,0,1,77224931
1770789558.18021607,77224931,2,279,-61,-504,5,13,-18,0,0,0,1,77224931
1770789558.28017616,77324891,0,271,-53,-509,5,13,-18,0,0,0,1,77324891
1770789558.28017616,77324891,1,271,-53,-509,5,13,-18,0,0,0,1,77324891
1770789558.28017616,77324891,2,271,-53,-509,5,13,-18,0,0,0,1,77324891
1770789558.38013601,77424851,0,258,-47,-517,5,13,-18,0,0,0,1,77424851
1770789558.38013601,77424851,1,258,-47,-517,5,13,-18,0,0,0,1,77424851
1770789558.38013601,77424851,2,258,-47,-517,5,13,-18,0,0,0,1,77424851
1770789558.48009610,77524811,0,242,-44,-524,5,13,-18,0,0,0,1,77524811
1770789558.48009610,77524811,1,242,-44,-524,5,13,-18,0,0,0,1,77524811
1770789558.48009610,77524811,2,242,-44,-524,5,13,-18,0,0,0,1,77524811
1770789558.58005619,77624771,0,229,-42,-531,5,13,-18,0,0,0,1,77624771
1770789558.58005619,77624771,1,229,-42,-531,5,13,-18,0,0,0,1,77624771
1770789558.58005619,77624771,2,229,-42,-531,5,13,-18,0,0,0,1,77624771
1770789558.68001604,77724731,0,220,-43,-534,5,13,-18,0,0,0,1,77724731
1770789558.68001604,77724731,1,220,-43,-534,5,13,-18,0,0,0,1,77724731
1770789558.68001604,77724731,2,220,-43,-534,5,13,-18,0,0,0,1,77724731
1770789558.77997613,77824691,0,216,-46,-536,5,13,-18,0,0,0,1,77824691
1770789558.77997613,77824691,1,216,-46,-536,5,13,-18,0,0,0,1,77824691
1770789558.77997613,77824691,2,216,-46,-536,5,13,-18,0,0,0,1,77824691
1770789558.87993598,77924651,0,215,-49,-536,5,13,-18,0,0,0,1,77924651
1770789558.87993598,77924651,1,215,-49,-536,5,13,-18,0,0,0,1,77924651
1770789558.87993598,77924651,2,215,-49,-536,5,13,-18,0,0,0,1,77924651
1770789558.97989607,78024611,0,216,-51,-535,5,13,-18,0,0,0,1,78024611
1770789558.97989607,78024611,1,216,-51,-535,5,13,-18,0,0,0,1,78024611
1770789558.97989607,78024611,2,216,-51,-535,5,13,-18,0,0,0,1,78024611
1770789559.07985616,78124571,0,216,-52,-535,5,13,-18,0,0,0,1,78124571
1770789559.07985616,78124571,1,216,-52,-535,5,13,-18,0,0,0,1,78124571
1770789559.07985616,78124571,2,216,-52,-535,5,13,-18,0,0,0,1,78124571
1770789559.17981601,78224531,0,213,-51,-536,5,13,-18,0,0,0,1,78224531
1770789559.17981601,78224531,1,213,-51,-536,5,13,-18,0,0,0,1,78224531
1770789559.17981601,78224531,2,213,-51,-536,5,13,-18,0,0,0,1,78224531
1770789559.27977610,78324491,0,206,-47,-539,5,13,-18,0,0,0,1,78324491
1770789559.27977610,78324491,1,206,-47,-539,5,13,-18,0,0,0,1,78324491
1770789559.27977610,78324491,2,206,-47,-539,5,13,-18,0,0,0,1,78324491
1770789559.37973619,78424451,0,196,-43,-544,5,13,-18,0,0,0,1,78424451
1770789559.37973619,78424451,1,196,-43,-544,5,13,-18,0,0,0,1,78424451
1770789559.37973619,78424451,2,196,-43,-544,5,13,-18,0,0,0,1,78424451
1770789559.47969604,78524411,0,184,-39,-548,5,13,-18,0,0,0,1,78524411
1770789559.47969604,78524411,1,184,-39,-548,5,13,-18,0,0,0,1,78524411
1770789559.47969604,78524411,2,184,-39,-548,5,13,-18,0,0,0,1,78524411
1770789559.57965612,78624371,0,174,-34,-551,5,13,-18,0,0,0,1,78624371
1770789559.57965612,78624371,1,174,-34,-551,5,13,-18,0,0,0,1,78624371
1770789559.57965612,78624371,2,174,-34,-551,5,13,-18,0,0,0,1,78624371
1770789559.67961597,78724331,0,167,-32,-554,5,13,-18,0,0,0,1,78724331
1770789559.67961597,78724331,1,167,-32,-554,5,13,-18,0,0,0,1,78724331
1770789559.67961597,78724331,2,167,-32,-554,5,13,-18,0,0,0,1,78724331
1770789559.78040910,78825124,0,164,-30,-555,5,13,-18,0,0,0,1,78825124
1770789559.78040910,78825124,1,164,-30,-555,5,13,-18,0,0,0,1,78825124
1770789559.78040910,78825124,2,164,-30,-555,5,13,-18,0,0,0,1,78825124
1770789559.88036919,78925084,0,162,-29,-555,5,13,-18,0,0,0,1,78925084
1770789559.88036919,78925084,1,162,-29,-555,5,13,-18,0,0,0,1,78925084
1770789559.88036919,78925084,2,162,-29,-555,5,13,-18,0,0,0,1,78925084
1770789559.98032904,79025044,0,162,-29,-555,5,13,-18,0,0,0,1,79025044
1770789559.98032904,79025044,1,162,-29,-555,5,13,-18,0,0,0,1,79025044
1770789559.98032904,79025044,2,162,-29,-555,5,13,-18,0,0,0,1,79025044
1770789560.08028913,79125004,0,160,-28,-556,5,13,-18,0,0,0,1,79125004
1770789560.08028913,79125004,1,160,-28,-556,5,13,-18,0,0,0,1,79125004
1770789560.08028913,79125004,2,160,-28,-556,5,13,-18,0,0,0,1,79125004
1770789560.18024898,79224964,0,156,-27,-557,5,13,-18,0,0,0,1,79224964
1770789560.18024898,79224964,1,156,-27,-557,5,13,-18,0,0,0,1,79224964
1770789560.18024898,79224964,2,156,-27,-557,5,13,-18,0,0,0,1,79224964
1770789560.28020906,79324924,0,150,-24,-559,5,13,-18,0,0,0,1,79324924
1770789560.28020906,79324924,1,150,-24,-559,5,13,-18,0,0,0,1,79324924
1770789560.28020906,79324924,2,150,-24,-559,5,13,-18,0,0,0,1,79324924
1770789560.38016915,79424884,0,142,-21,-561,5,13,-18,0,0,0,1,79424884
1770789560.38016915,79424884,1,142,-21,-561,5,13,-18,0,0,0,1,79424884
1770789560.38016915,79424884,2,142,-21,-561,5,13,-18,0,0,0,1,79424884
1770789560.48012900,79524844,0,134,-18,-564,5,13,-18,0,0,0,1,79524844
1770789560.48012900,79524844,1,134,-18,-564,5,13,-18,0,0,0,1,79524844
1770789560.48012900,79524844,2,134,-18,-564,5,13,-18,0,0,0,1,79524844
1770789560.58008909,79624804,0,127,-14,-565,5,13,-18,0,0,0,1,79624804
1770789560.58008909,79624804,1,127,-14,-565,5,13,-18,0,0,0,1,79624804
1770789560.58008909,79624804,2,127,-14,-565,5,13,-18,0,0,0,1,79624804
1770789560.68004918,79724764,0,122,-12,-566,5,13,-18,0,0,0,1,79724764
1770789560.68004918,79724764,1,122,-12,-566,5,13,-18,0,0,0,1,79724764
1770789560.68004918,79724764,2,122,-12,-566,5,13,-18,0,0,0,1,79724764
1770789560.78000903,79824724,0,119,-10,-567,5,13,-18,0,0,0,1,79824724
1770789560.78000903,79824724,1,119,-10,-567,5,13,-18,0,0,0,1,79824724
1770789560.78000903,79824724,2,119,-10,-567,5,13,-18,0,0,0,1,79824724
1770789560.87996912,79924684,0,117,-8,-567,5,13,-18,0,0,0,1,79924684
1770789560.87996912,79924684,1,117,-8,-567,5,13,-18,0,0,0,1,79924684
1770789560.87996912,79924684,2,117,-8,-567,5,13,-18,0,0,0,1,79924684
1770789560.97992897,80024644,0,116,-7,-568,5,13,-18,0,0,0,1,80024644
1770789560.97992897,80024644,1,116,-7,-568,5,13,-18,0,0,0,1,80024644
1770789560.97992897,80024644,2,116,-7,-568,5,13,-18,0,0,0,1,80024644
1770789561.07988906,80124604,0,116,-6,-568,5,13,-18,0,0,0,1,80124604
1770789561.07988906,80124604,1,116,-6,-568,5,13,-18,0,0,0,1,80124604
1770789561.07988906,80124604,2,116,-6,-568,5,13,-18,0,0,0,1,80124604
1770789561.17984915,80224564,0,117,-5,-568,5,13,-18,0,0,0,1,80224564
1770789561.17984915,80224564,1,117,-5,-568,5,13,-18,0,0,0,1,80224564
1770789561.17984915,80224564,2,117,-5,-568,5,13,-18,0,0,0,1,80224564
1770789561.27980900,80324524,0,118,-3,-567,5,13,-18,0,0,0,1,80324524
1770789561.27980900,80324524,1,118,-3,-567,5,13,-18,0,0,0,1,80324524
1770789561.27980900,80324524,2,118,-3,-567,5,13,-18,0,0,0,1,80324524
1770789561.37976909,80424484,0,120,-2,-567,5,13,-18,0,0,0,1,80424484
1770789561.37976909,80424484,1,120,-2,-567,5,13,-18,0,0,0,1,80424484
1770789561.37976909,80424484,2,120,-2,-567,5,13,-18,0,0,0,1,80424484
1770789561.47972918,80524444,0,122,0,-566,5,13,-18,0,0,0,1,80524444
1770789561.47972918,80524444,1,122,0,-566,5,13,-18,0,0,0,1,80524444
1770789561.47972918,80524444,2,122,0,-566,5,13,-18,0,0,0,1,80524444
1770789561.57968903,80624404,0,124,2,-566,5,13,-18,0,0,0,1,80624404
1770789561.57968903,80624404,1,124,2,-566,5,13,-18,0,0,0,1,80624404
1770789561.57968903,80624404,2,124,2,-566,5,13,-18,0,0,0,1,80624404
1770789561.67964911,80724364,0,127,4,-565,5,13,-18,0,0,0,1,80724364
1770789561.67964911,80724364,1,127,4,-565,5,13,-18,0,0,0,1,80724364
1770789561.67964911,80724364,2,127,4,-565,5,13,-18,0,0,0,1,80724364
1770789561.77960896,80824324,0,130,7,-565,5,13,-18,0,0,0,1,80824324
1770789561.77960896,80824324,1,130,7,-565,5,13,-18,0,0,0,1,80824324
1770789561.77960896,80824324,2,130,7,-565,5,13,-18,0,0,0,1,80824324
1770789561.88040209,80925117,0,133,9,-564,5,13,-18,0,0,0,1,80925117
1770789561.88040209,80925117,1,133,9,-564,5,13,-18,0,0,0,1,80925117
1770789561.88040209,80925117,2,133,9,-564,5,13,-18,0,0,0,1,80925117
1770789561.98036218,81025077,0,136,11,-563,5,13,-18,0,0,0,1,81025077
1770789561.98036218,81025077,1,136,11,-563,5,13,-18,0,0,0,1,81025077
1770789561.98036218,81025077,2,136,11,-563,5,13,-18,0,0,0,1,81025077
1770789562.08032203,81125037,0,138,12,-563,5,13,-18,0,0,0,1,81125037
1770789562.08032203,81125037,1,138,12,-563,5,13,-18,0,0,0,1,81125037
1770789562.08032203,81125037,2,138,12,-563,5,13,-18,0,0,0,1,81125037
1770789562.18028212,81224997,0,141,14,-562,5,13,-18,0,0,0,1,81224997
1770789562.18028212,81224997,1,141,14,-562,5,13,-18,0,0,0,1,81224997
1770789562.18028212,81224997,2,141,14,-562,5,13,-18,0,0,0,1,81224997
1770789562.28024197,81324957,0,145,16,-561,5,13,-18,0,0,0,1,81324957
1770789562.28024197,81324957,1,145,16,-561,5,13,-18,0,0,0,1,81324957
1770789562.28024197,81324957,2,145,16,-561,5,13,-18,0,0,0,1,81324957
1770789562.38020205,81424917,0,148,17,-560,5,13,-18,0,0,0,1,81424917
1770789562.38020205,81424917,1,148,17,-560,5,13,-18,0,0,0,1,81424917
1770789562.38020205,81424917,2,148,17,-560,5,13,-18,0,0,0,1,81424917
1770789562.48016214,81524877,0,151,18,-559,5,13,-18,0,0,0,1,81524877
1770789562.48016214,81524877,1,151,18,-559,5,13,-18,0,0,0,1,81524877
1770789562.48016214,81524877,2,151,18,-559,5,13,-18,0,0,0,1,81524877
1770789562.58012199,81624837,0,154,19,-558,5,13,-18,0,0,0,1,81624837
1770789562.58012199,81624837,1,154,19,-558,5,13,-18,0,0,0,1,81624837
1770789562.58012199,81624837,2,154,19,-558,5,13,-18,0,0,0,1,81624837
1770789562.68008208,81724797,0,158,20,-557,5,13,-18,0,0,0,1,81724797
1770789562.68008208,81724797,1,158,20,-557,5,13,-18,0,0,0,1,81724797
1770789562.68008208,81724797,2,158,20,-557,5,13,-18,0,0,0,1,81724797
1770789562.78004217,81824757,0,162,21,-556,5,13,-18,0,0,0,1,81824757
1770789562.78004217,81824757,1,162,21,-556,5,13,-18,0,0,0,1,81824757
1770789562.78004217,81824757,2,162,21,-556,5,13,-18,0,0,0,1,81824757
1770789562.88000202,81924717,0,166,21,-555,5,13,-18,0,0,0,1,81924717
1770789562.88000202,81924717,1,166,21,-555,5,13,-18,0,0,0,1,81924717
1770789562.88000202,81924717,2,166,21,-555,5,13,-18,0,0,0,1,81924717
1770789562.97996211,82024677,0,169,22,-554,5,13,-18,0,0,0,1,82024677
1770789562.97996211,82024677,1,169,22,-554,5,13,-18,0,0,0,1,82024677
1770789562.97996211,82024677,2,169,22,-554,5,13,-18,0,0,0,1,82024677
1770789563.07992196,82124637,0,173,23,-553,5,13,-18,0,0,0,1,82124637
1770789563.07992196,82124637,1,173,23,-553,5,13,-18,0,0,0,1,82124637
1770789563.07992196,82124637,2,173,23,-553,5,13,-18,0,0,0,1,82124637
1770789563.17988205,82224597,0,175,24,-552,5,13,-18,0,0,0,1,82224597
1770789563.17988205,82224597,1,175,24,-552,5,13,-18,0,0,0,1,82224597
1770789563.17988205,82224597,2,175,24,-552,5,13,-18,0,0,0,1,82224597
1770789563.27984214,82324557,0,177,25,-551,5,13,-18,0,0,0,1,82324557
1770789563.27984214,82324557,1,177,25,-551,5,13,-18,0,0,0,1,82324557
1770789563.27984214,82324557,2,177,25,-551,5,13,-18,0,0,0,1,82324557
1770789563.37980199,82424517,0,178,26,-551,5,13,-18,0,0,0,1,82424517
1770789563.37980199,82424517,1,178,26,-551,5,13,-18,0,0,0,1,82424517
1770789563.37980199,82424517,2,178,26,-551,5,13,-18,0,0,0,1,82424517
1770789563.47976208,82524477,0,179,26,-550,5,13,-18,0,0,0,1,82524477
1770789563.47976208,82524477,1,179,26,-550,5,13,-18,0,0,0,1,82524477
1770789563.47976208,82524477,2,179,26,-550,5,13,-18,0,0,0,1,82524477
1770789563.57972217,82624437,0,180,26,-550,5,13,-18,0,0,0,1,82624437
1770789563.57972217,82624437,1,180,26,-550,5,13,-18,0,0,0,1,82624437
1770789563.57972217,82624437,2,180,26,-550,5,13,-18,0,0,0,1,82624437
1770789563.67968202,82724397,0,181,27,-550,5,13,-18,0,0,0,1,82724397
1770789563.67968202,82724397,1,181,27,-550,5,13,-18,0,0,0,1,82724397
1770789563.67968202,82724397,2,181,27,-550,5,13,-18,0,0,0,1,82724397
1770789563.77964211,82824357,0,183,28,-549,5,13,-18,0,0,0,1,82824357
1770789563.77964211,82824357,1,183,28,-549,5,13,-18,0,0,0,1,82824357
1770789563.77964211,82824357,2,183,28,-549,5,13,-18,0,0,0,1,82824357
1770789563.87960196,82924317,0,186,29,-548,5,13,-18,0,0,0,1,82924317
1770789563.87960196,82924317,1,186,29,-548,5,13,-18,0,0,0,1,82924317
1770789563.87960196,82924317,2,186,29,-548,5,13,-18,0,0,0,1,82924317
1770789563.98039508,83025110,0,187,30,-547,5,13,-18,0,0,0,1,83025110
1770789563.98039508,83025110,1,187,30,-547,5,13,-18,0,0,0,1,83025110
1770789563.98039508,83025110,2,187,30,-547,5,13,-18,0,0,0,1,83025110
1770789564.08035517,83125070,0,188,31,-547,5,13,-18,0,0,0,1,83125070
1770789564.08035517,83125070,1,188,31,-547,5,13,-18,0,0,0,1,83125070
1770789564.08035517,83125070,2,188,31,-547,5,13,-18,0,0,0,1,83125070
1770789564.18031502,83225030,0,189,32,-547,5,13,-18,0,0,0,1,83225030
1770789564.18031502,83225030,1,189,32,-547,5,13,-18,0,0,0,1,83225030
1770789564.18031502,83225030,2,189,32,-547,5,13,-18,0,0,0,1,83225030
1770789564.28027511,83324990,0,190,32,-546,5,13,-18,0,0,0,1,83324990
1770789564.28027511,83324990,1,190,32,-546,5,13,-18,0,0,0,1,83324990
1770789564.28027511,83324990,2,190,32,-546,5,13,-18,0,0,0,1,83324990
1770789564.38023496,83424950,0,191,32,-546,5,13,-18,0,0,0,1,83424950
1770789564.38023496,83424950,1,191,32,-546,5,13,-18,0,0,0,1,83424950
1770789564.38023496,83424950,2,191,32,-546,5,13,-18,0,0,0,1,83424950
1770789564.48019505,83524910,0,192,32,-546,5,13,-18,0,0,0,1,83524910
1770789564.48019505,83524910,1,192,32,-546,5,13,-18,0,0,0,1,83524910
1770789564.48019505,83524910,2,192,32,-546,5,13,-18,0,0,0,1,83524910
1770789564.58015513,83624870,0,193,32,-545,5,13,-18,0,0,0,1,83624870
1770789564.58015513,83624870,1,193,32,-545,5,13,-18,0,0,0,1,83624870
1770789564.58015513,83624870,2,193,32,-545,5,13,-18,0,0,0,1,83624870
1770789564.68011498,83724830,0,195,32,-545,5,13,-18,0,0,0,1,83724830
1770789564.68011498,83724830,1,195,32,-545,5,13,-18,0,0,0,1,83724830
1770789564.68011498,83724830,2,195,32,-545,5,13,-18,0,0,0,1,83724830
1770789564.78007507,83824790,0,196,32,-544,5,13,-18,0,0,0,1,83824790
1770789564.78007507,83824790,1,196,32,-544,5,13,-18,0,0,0,1,83824790
1770789564.78007507,83824790,2,196,32,-544,5,13,-18,0,0,0,1,83824790
1770789564.88003516,83924750,0,196,32,-544,5,13,-18,0,0,0,1,83924750
1770789564.88003516,83924750,1,196,32,-544,5,13,-18,0,0,0,1,83924750
1770789564.88003516,83924750,2,196,32,-544,5,13,-18,0,0,0,1,83924750
1770789564.97999501,84024710,0,196,32,-544,5,13,-18,0,0,0,1,84024710
1770789564.97999501,84024710,1,196,32,-544,5,13,-18,0,0,0,1,84024710
1770789564.97999501,84024710,2,196,32,-544,5,13,-18,0,0,0,1,84024710
1770789565.07995510,84124670,0,196,33,-544,5,13,-18,0,0,0,1,84124670
1770789565.07995510,84124670,1,196,33,-544,5,13,-18,0,0,0,1,84124670
1770789565.07995510,84124670,2,196,33,-544,5,13,-18,0,0,0,1,84124670
1770789565.17991519,84224630,0,197,33,-544,5,13,-18,0,0,0,1,84224630
1770789565.17991519,84224630,1,197,33,-544,5,13,-18,0,0,0,1,84224630
1770789565.17991519,84224630,2,197,33,-544,5,13,-18,0,0,0,1,84224630
1770789565.27987504,84324590,0,197,33,-544,5,13,-18,0,0,0,1,84324590
1770789565.27987504,84324590,1,197,33,-544,5,13,-18,0,0,0,1,84324590
1770789565.27987504,84324590,2,197,33,-544,5,13,-18,0,0,0,1,84324590
1770789565.37983513,84424550,0,197,33,-544,5,13,-18,0,0,0,1,84424550
1770789565.37983513,84424550,1,197,33,-544,5,13,-18,0,0,0,1,84424550
1770789565.37983513,84424550,2,197,33,-544,5,13,-18,0,0,0,1,84424550
1770789565.47979498,84524510,0,197,33,-544,5,13,-18,0,0,0,1,84524510
1770789565.47979498,84524510,1,197,33,-544,5,13,-18,0,0,0,1,84524510
1770789565.47979498,84524510,2,197,33,-544,5,13,-18,0,0,0,1,84524510
1770789565.57975507,84624470,0,198,33,-544,5,13,-18,0,0,0,1,84624470
1770789565.57975507,84624470,1,198,33,-544,5,13,-18,0,0,0,1,84624470
1770789565.57975507,84624470,2,198,33,-544,5,13,-18,0,0,0,1,84624470
1770789565.67971516,84724430,0,198,33,-544,5,13,-18,0,0,0,1,84724430
1770789565.67971516,84724430,1,198,33,-544,5,13,-18,0,0,0,1,84724430
1770789565.67971516,84724430,2,198,33,-544,5,13,-18,0,0,0,1,84724430
1770789565.77967501,84824390,0,198,34,-543,5,13,-18,0,0,0,1,84824390
1770789565.77967501,84824390,1,198,34,-543,5,13,-18,0,0,0,1,84824390
1770789565.77967501,84824390,2,198,34,-543,5,13,-18,0,0,0,1,84824390
1770789565.87963510,84924350,0,199,34,-543,5,13,-18,0,0,0,1,84924350
1770789565.87963510,84924350,1,199,34,-543,5,13,-18,0,0,0,1,84924350
1770789565.87963510,84924350,2,199,34,-543,5,13,-18,0,0,0,1,84924350
1770789565.97959518,85024310,0,200,35,-543,5,13,-18,0,0,0,1,85024310
1770789565.97959518,85024310,1,200,35,-543,5,13,-18,0,0,0,1,85024310
1770789565.97959518,85024310,2,200,35,-543,5,13,-18,0,0,0,1,85024310
1770789566.08038807,85125103,0,200,35,-543,5,13,-18,0,0,0,1,85125103
1770789566.08038807,85125103,1,200,35,-543,5,13,-18,0,0,0,1,85125103
1770789566.08038807,85125103,2,200,35,-543,5,13,-18,0,0,0,1,85125103
1770789566.18034816,85225063,0,200,35,-543,5,13,-18,0,0,0,1,85225063
1770789566.18034816,85225063,1,200,35,-543,5,13,-18,0,0,0,1,85225063
1770789566.18034816,85225063,2,200,35,-543,5,13,-18,0,0,0,1,85225063
1770789566.28030801,85325023,0,200,35,-543,5,13,-18,0,0,0,1,85325023
1770789566.28030801,85325023,1,200,35,-543,5,13,-18,0,0,0,1,85325023
1770789566.28030801,85325023,2,200,35,-543,5,13,-18,0,0,0,1,85325023
1770789566.38026810,85424983,0,199,35,-543,5,13,-18,0,0,0,1,85424983
1770789566.38026810,85424983,1,199,35,-543,5,13,-18,0,0,0,1,85424983
1770789566.38026810,85424983,2,199,35,-543,5,13,-18,0,0,0,1,85424983
1770789566.48022819,85524943,0,198,35,-543,5,13,-18,0,0,0,1,85524943
1770789566.48022819,85524943,1,198,35,-543,5,13,-18,0,0,0,1,85524943
1770789566.48022819,85524943,2,198,35,-543,5,13,-18,0,0,0,1,85524943
1770789566.58018804,85624903,0,197,35,-544,5,13,-18,0,0,0,1,85624903
1770789566.58018804,85624903,1,197,35,-544,5,13,-18,0,0,0,1,85624903
1770789566.58018804,85624903,2,197,35,-544,5,13,-18,0,0,0,1,85624903
1770789566.68014812,85724863,0,198,35,-543,5,13,-18,0,0,0,1,85724863
1770789566.68014812,85724863,1,198,35,-543,5,13,-18,0,0,0,1,85724863
1770789566.68014812,85724863,2,198,35,-543,5,13,-18,0,0,0,1,85724863
1770789566.78010798,85824823,0,200,35,-543,5,13,-18,0,0,0,1,85824823
1770789566.78010798,85824823,1,200,35,-543,5,13,-18,0,0,0,1,85824823
1770789566.78010798,85824823,2,200,35,-543,5,13,-18,0,0,0,1,85824823
1770789566.88006806,85924783,0,201,35,-542,5,13,-18,0,0,0,1,85924783
1770789566.88006806,85924783,1,201,35,-542,5,13,-18,0,0,0,1,85924783
1770789566.88006806,85924783,2,201,35,-542,5,13,-18,0,0,0,1,85924783
1770789566.98002815,86024743,0,202,35,-542,5,13,-18,0,0,0,1,86024743
1770789566.98002815,86024743,1,202,35,-542,5,13,-18,0,0,0,1,86024743
1770789566.98002815,86024743,2,202,35,-542,5,13,-18,0,0,0,1,86024743
1770789567.07998800,86124703,0,202,34,-542,5,13,-18,0,0,0,1,86124703
1770789567.07998800,86124703,1,202,34,-542,5,13,-18,0,0,0,1,86124703
1770789567.07998800,86124703,2,202,34,-542,5,13,-18,0,0,0,1,86124703
1770789567.17994809,86224663,0,205,34,-541,5,13,-18,0,0,0,1,86224663
1770789567.17994809,86224663,1,205,34,-541,5,13,-18,0,0,0,1,86224663
1770789567.17994809,86224663,2,205,34,-541,5,13,-18,0,0,0,1,86224663
1770789567.27990818,86324623,0,218,37,-535,5,13,-18,0,0,0,1,86324623
1770789567.27990818,86324623,1,218,37,-535,5,13,-18,0,0,0,1,86324623
1770789567.27990818,86324623,2,218,37,-535,5,13,-18,0,0,0,1,86324623
1770789567.37986803,86424583,0,239,44,-526,5,13,-18,0,0,0,1,86424583
1770789567.37986803,86424583,1,239,44,-526,5,13,-18,0,0,0,1,86424583
1770789567.37986803,86424583,2,239,44,-526,5,13,-18,0,0,0,1,86424583
1770789567.47982812,86524543,0,260,56,-515,5,13,-18,0,0,0,1,86524543
1770789567.47982812,86524543,1,260,56,-515,5,13,-18,0,0,0,1,86524543
1770789567.47982812,86524543,2,260,56,-515,5,13,-18,0,0,0,1,86524543
1770789567.57978797,86624503,0,276,68,-504,5,13,-18,0,0,0,1,86624503
1770789567.57978797,86624503,1,276,68,-504,5,13,-18,0,0,0,1,86624503
1770789567.57978797,86624503,2,276,68,-504,5,13,-18,0,0,0,1,86624503
1770789567.67974806,86724463,0,285,80,-498,5,13,-18,0,0,0,1,86724463
1770789567.67974806,86724463,1,285,80,-498,5,13,-18,0,0,0,1,86724463
1770789567.67974806,86724463,2,285,80,-498,5,13,-18,0,0,0,1,86724463
1770789567.77970815,86824423,0,286,89,-496,5,13,-18,0,0,0,1,86824423
1770789567.77970815,86824423,1,286,89,-496,5,13,-18,0,0,0,1,86824423
1770789567.77970815,86824423,2,286,89,-496,5,13,-18,0,0,0,1,86824423
1770789567.87966800,86924383,0,281,98,-497,5,13,-18,0,0,0,1,86924383
1770789567.87966800,86924383,1,281,98,-497,5,13,-18,0,0,0,1,86924383
1770789567.87966800,86924383,2,281,98,-497,5,13,-18,0,0,0,1,86924383
1770789567.97962809,87024343,0,273,103,-500,5,13,-18,0,0,0,1,87024343
1770789567.97962809,87024343,1,273,103,-500,5,13,-18,0,0,0,1,87024343
1770789567.97962809,87024343,2,273,103,-500,5,13,-18,0,0,0,1,87024343
1770789568.08042097,87125136,0,264,107,-504,5,13,-18,0,0,0,1,87125136
1770789568.08042097,87125136,1,264,107,-504,5,13,-18,0,0,0,1,87125136
1770789568.08042097,87125136,2,264,107,-504,5,13,-18,0,0,0,1,87125136
1770789568.18038106,87225096,0,257,109,-508,5,13,-18,0,0,0,1,87225096
1770789568.18038106,87225096,1,257,109,-508,5,13,-18,0,0,0,1,87225096
1770789568.18038106,87225096,2,257,109,-508,5,13,-18,0,0,0,1,87225096
1770789568.28034115,87325056,0,252,111,-510,5,13,-18,0,0,0,1,87325056
1770789568.28034115,87325056,1,252,111,-510,5,13,-18,0,0,0,1,87325056
1770789568.28034115,87325056,2,252,111,-510,5,13,-18,0,0,0,1,87325056
1770789568.38030100,87425016,0,248,113,-511,5,13,-18,0,0,0,1,87425016
1770789568.38030100,87425016,1,248,113,-511,5,13,-18,0,0,0,1,87425016
1770789568.38030100,87425016,2,248,113,-511,5,13,-18,0,0,0,1,87425016
1770789568.48026109,87524976,0,248,115,-511,5,13,-18,0,0,0,1,87524976
1770789568.48026109,87524976,1,248,115,-511,5,13,-18,0,0,0,1,87524976
1770789568.48026109,87524976,2,248,115,-511,5,13,-18,0,0,0,1,87524976
1770789568.58022118,87624936,0,248,118,-510,5,13,-18,0,0,0,1,87624936
1770789568.58022118,87624936,1,248,118,-510,5,13,-18,0,0,0,1,87624936
1770789568.58022118,87624936,2,248,118,-510,5,13,-18,0,0,0,1,87624936
1770789568.68018103,87724896,0,250,120,-509,5,13,-18,0,0,0,1,87724896
1770789568.68018103,87724896,1,250,120,-509,5,13,-18,0,0,0,1,87724896
1770789568.68018103,87724896,2,250,120,-509,5,13,-18,0,0,0,1,87724896
1770789568.78014112,87824856,0,251,122,-507,5,13,-18,0,0,0,1,87824856
1770789568.78014112,87824856,1,251,122,-507,5,13,-18,0,0,0,1,87824856
1770789568.78014112,87824856,2,251,122,-507,5,13,-18,0,0,0,1,87824856
1770789568.88010097,87924816,0,252,124,-506,5,13,-18,0,0,0,1,87924816
1770789568.88010097,87924816,1,252,124,-506,5,13,-18,0,0,0,1,87924816
1770789568.88010097,87924816,2,252,124,-506,5,13,-18,0,0,0,1,87924816
1770789568.98006105,88024776,0,252,125,-506,5,13,-18,0,0,0,1,88024776
1770789568.98006105,88024776,1,252,125,-506,5,13,-18,0,0,0,1,88024776
1770789568.98006105,88024776,2,252,125,-506,5,13,-18,0,0,0,1,88024776
1770789569.08002114,88124736,0,251,127,-506,5,13,-18,0,0,0,1,88124736
1770789569.08002114,88124736,1,251,127,-506,5,13,-18,0,0,0,1,88124736
1770789569.08002114,88124736,2,251,127,-506,5,13,-18,0,0,0,1,88124736
1770789569.17998099,88224696,0,250,129,-507,5,13,-18,0,0,0,1,88224696
1770789569.17998099,88224696,1,250,129,-507,5,13,-18,0,0,0,1,88224696
1770789569.17998099,88224696,2,250,129,-507,5,13,-18,0,0,0,1,88224696
1770789569.27994108,88324656,0,248,130,-507,5,13,-18,0,0,0,1,88324656
1770789569.27994108,88324656,1,248,130,-507,5,13,-18,0,0,0,1,88324656
1770789569.27994108,88324656,2,248,130,-507,5,13,-18,0,0,0,1,88324656
1770789569.37990117,88424616,0,247,131,-507,5,13,-18,0,0,0,1,88424616
1770789569.37990117,88424616,1,247,131,-507,5,13,-18,0,0,0,1,88424616
1770789569.37990117,88424616,2,247,131,-507,5,13,-18,0,0,0,1,88424616
1770789569.47986102,88524576,0,246,132,-507,5,13,-18,0,0,0,1,88524576
1770789569.47986102,88524576,1,246,132,-507,5,13,-18,0,0,0,1,88524576
1770789569.47986102,88524576,2,246,132,-507,5,13,-18,0,0,0,1,88524576
1770789569.57982111,88624536,0,246,132,-508,5,13,-18,0,0,0,1,88624536
1770789569.57982111,88624536,1,246,132,-508,5,13,-18,0,0,0,1,88624536
1770789569.57982111,88624536,2,246,132,-508,5,13,-18,0,0,0,1,88624536
1770789569.67978096,88724496,0,245,132,-508,5,13,-18,0,0,0,1,88724496
1770789569.67978096,88724496,1,245,132,-508,5,13,-18,0,0,0,1,88724496
1770789569.67978096,88724496,2,245,132,-508,5,13,-18,0,0,0,1,88724496
1770789569.77974105,88824456,0,245,132,-508,5,13,-18,0,0,0,1,88824456
1770789569.77974105,88824456,1,245,132,-508,5,13,-18,0,0,0,1,88824456
1770789569.77974105,88824456,2,245,132,-508,5,13,-18,0,0,0,1,88824456
1770789569.87970114,88924416,0,244,133,-508,5,13,-18,0,0,0,1,88924416
1770789569.87970114,88924416,1,244,133,-508,5,13,-18,0,0,0,1,88924416
1770789569.87970114,88924416,2,244,133,-508,5,13,-18,0,0,0,1,88924416
1770789569.97966099,89024376,0,244,134,-508,5,13,-18,0,0,0,1,89024376
1770789569.97966099,89024376,1,244,134,-508,5,13,-18,0,0,0,1,89024376
1770789569.97966099,89024376,2,244,134,-508,5,13,-18,0,0,0,1,89024376
1770789570.07962108,89124336,0,243,134,-508,5,13,-18,0,0,0,1,89124336
1770789570.07962108,89124336,1,243,134,-508,5,13,-18,0,0,0,1,89124336
1770789570.07962108,89124336,2,243,134,-508,5,13,-18,0,0,0,1,89124336
1770789570.18041396,89225129,0,243,134,-508,5,13,-18,0,0,0,1,89225129
1770789570.18041396,89225129,1,243,134,-508,5,13,-18,0,0,0,1,89225129
1770789570.18041396,89225129,2,243,134,-508,5,13,-18,0,0,0,1,89225129
1770789570.28037405,89325089,0,243,134,-509,5,13,-18,0,0,0,1,89325089
1770789570.28037405,89325089,1,243,134,-509,5,13,-18,0,0,0,1,89325089
1770789570.28037405,89325089,2,243,134,-509,5,13,-18,0,0,0,1,89325089
1770789570.38033414,89425049,0,243,135,-508,5,13,-18,0,0,0,1,89425049
1770789570.38033414,89425049,1,243,135,-508,5,13,-18,0,0,0,1,89425049
1770789570.38033414,89425049,2,243,135,-508,5,13,-18,0,0,0,1,89425049
1770789570.48029399,89525009,0,242,135,-508,5,13,-18,0,0,0,1,89525009
1770789570.48029399,89525009,1,242,135,-508,5,13,-18,0,0,0,1,89525009
1770789570.48029399,89525009,2,242,135,-508,5,13,-18,0,0,0,1,89525009
1770789570.58025408,89624969,0,242,136,-508,5,13,-18,0,0,0,1,89624969
1770789570.58025408,89624969,1,242,136,-508,5,13,-18,0,0,0,1,89624969
1770789570.58025408,89624969,2,242,136,-508,5,13,-18,0,0,0,1,89624969
1770789570.68021417,89724929,0,242,135,-509,5,13,-18,0,0,0,1,89724929
1770789570.68021417,89724929,1,242,135,-509,5,13,-18,0,0,0,1,89724929
1770789570.68021417,89724929,2,242,135,-509,5,13,-18,0,0,0,1,89724929
1770789570.78017402,89824889,0,241,135,-509,5,13,-18,0,0,0,1,89824889
1770789570.78017402,89824889,1,241,135,-509,5,13,-18,0,0,0,1,89824889
1770789570.78017402,89824889,2,241,135,-509,5,13,-18,0,0,0,1,89824889
1770789570.88013411,89924849,0,240,134,-510,5,13,-18,0,0,0,1,89924849
1770789570.88013411,89924849,1,240,134,-510,5,13,-18,0,0,0,1,89924849
1770789570.88013411,89924849,2,240,134,-510,5,13,-18,0,0,0,1,89924849
1770789570.98009396,90024809,0,240,135,-509,5,13,-18,0,0,0,1,90024809
1770789570.98009396,90024809,1,240,135,-509,5,13,-18,0,0,0,1,90024809
1770789570.98009396,90024809,2,240,135,-509,5,13,-18,0,0,0,1,90024809
1770789571.08005404,90124769,0,241,136,-509,5,13,-18,0,0,0,1,90124769
1770789571.08005404,90124769,1,241,136,-509,5,13,-18,0,0,0,1,90124769
1770789571.08005404,90124769,2,241,136,-509,5,13,-18,0,0,0,1,90124769
1770789571.18001413,90224729,0,241,136,-509,5,13,-18,0,0,0,1,90224729
1770789571.18001413,90224729,1,241,136,-509,5,13,-18,0,0,0,1,90224729
1770789571.18001413,90224729,2,241,136,-509,5,13,-18,0,0,0,1,90224729
1770789571.27997398,90324689,0,242,137,-508,5,13,-18,0,0,0,1,90324689
1770789571.27997398,90324689,1,242,137,-508,5,13,-18,0,0,0,1,90324689
1770789571.27997398,90324689,2,242,137,-508,5,13,-18,0,0,0,1,90324689
1770789571.37993407,90424649,0,243,137,-508,5,13,-18,0,0,0,1,90424649
1770789571.37993407,90424649,1,243,137,-508,5,13,-18,0,0,0,1,90424649
1770789571.37993407,90424649,2,243,137,-508,5,13,-18,0,0,0,1,90424649
1770789571.47989416,90524609,0,243,136,-508,5,13,-18,0,0,0,1,90524609
1770789571.47989416,90524609,1,243,136,-508,5,13,-18,0,0,0,1,90524609
1770789571.47989416,90524609,2,243,136,-508,5,13,-18,0,0,0,1,90524609
1770789571.57985401,90624569,0,243,136,-508,5,13,-18,0,0,0,1,90624569
1770789571.57985401,90624569,1,243,136,-508,5,13,-18,0,0,0,1,90624569
1770789571.57985401,90624569,2,243,136,-508,5,13,-18,0,0,0,1,90624569
1770789571.67981410,90724529,0,242,136,-508,5,13,-18,0,0,0,1,90724529
1770789571.67981410,90724529,1,242,136,-508,5,13,-18,0,0,0,1,90724529
1770789571.67981410,90724529,2,242,136,-508,5,13,-18,0,0,0,1,90724529
1770789571.77977419,90824489,0,241,137,-509,5,13,-18,0,0,0,1,90824489
1770789571.77977419,90824489,1,241,137,-509,5,13,-18,0,0,0,1,90824489
1770789571.77977419,90824489,2,241,137,-509,5,13,-18,0,0,0,1,90824489
1770789571.87973404,90924449,0,240,137,-509,5,13,-18,0,0,0,1,90924449
1770789571.87973404,90924449,1,240,137,-509,5,13,-18,0,0,0,1,90924449
1770789571.87973404,90924449,2,240,137,-509,5,13,-18,0,0,0,1,90924449
1770789571.97969413,91024409,0,240,137,-509,5,13,-18,0,0,0,1,91024409
1770789571.97969413,91024409,1,240,137,-509,5,13,-18,0,0,0,1,91024409
1770789571.97969413,91024409,2,240,137,-509,5,13,-18,0,0,0,1,91024409
1770789572.07965398,91124369,0,239,136,-510,5,13,-18,0,0,0,1,91124369
1770789572.07965398,91124369,1,239,136,-510,5,13,-18,0,0,0,1,91124369
1770789572.07965398,91124369,2,239,136,-510,5,13,-18,0,0,0,1,91124369
1770789572.17961407,91224329,0,239,136,-510,5,13,-18,0,0,0,1,91224329
1770789572.17961407,91224329,1,239,136,-510,5,13,-18,0,0,0,1,91224329
1770789572.17961407,91224329,2,239,136,-510,5,13,-18,0,0,0,1,91224329
1770789572.28040719,91325122,0,239,136,-510,5,13,-18,0,0,0,1,91325122
1770789572.28040719,91325122,1,239,136,-510,5,13,-18,0,0,0,1,91325122
1770789572.28040719,91325122,2,239,136,-510,5,13,-18,0,0,0,1,91325122
1770789572.38036704,91425082,0,239,136,-510,5,13,-18,0,0,0,1,91425082
1770789572.38036704,91425082,1,239,136,-510,5,13,-18,0,0,0,1,91425082
1770789572.38036704,91425082,2,239,136,-510,5,13,-18,0,0,0,1,91425082
1770789572.48032713,91525042,0,240,136,-509,5,13,-18,0,0,0,1,91525042
1770789572.48032713,91525042,1,240,136,-509,5,13,-18,0,0,0,1,91525042
1770789572.48032713,91525042,2,240,136,-509,5,13,-18,0,0,0,1,91525042
1770789572.58028698,91625002,0,241,136,-509,5,13,-18,0,0,0,1,91625002
1770789572.58028698,91625002,1,241,136,-509,5,13,-18,0,0,0,1,91625002
1770789572.58028698,91625002,2,241,136,-509,5,13,-18,0,0,0,1,91625002
1770789572.68024707,91724962,0,241,135,-509,5,13,-18,0,0,0,1,91724962
1770789572.68024707,91724962,1,241,135,-509,5,13,-18,0,0,0,1,91724962
1770789572.68024707,91724962,2,241,135,-509,5,13,-18,0,0,0,1,91724962
1770789572.78020716,91824922,0,242,135,-509,5,13,-18,0,0,0,1,91824922
1770789572.78020716,91824922,1,242,135,-509,5,13,-18,0,0,0,1,91824922
1770789572.78020716,91824922,2,242,135,-509,5,13,-18,0,0,0,1,91824922
1770789572.88016701,91924882,0,242,136,-508,5,13,-18,0,0,0,1,91924882
1770789572.88016701,91924882,1,242,136,-508,5,13,-18,0,0,0,1,91924882
1770789572.88016701,91924882,2,242,136,-508,5,13,-18,0,0,0,1,91924882
1770789572.98012710,92024842,0,242,137,-508,5,13,-18,0,0,0,1,92024842
1770789572.98012710,92024842,1,242,137,-508,5,13,-18,0,0,0,1,92024842
1770789572.98012710,92024842,2,242,137,-508,5,13,-18,0,0,0,1,92024842
1770789573.08008718,92124802,0,241,137,-508,5,13,-18,0,0,0,1,92124802
1770789573.08008718,92124802,1,241,137,-508,5,13,-18,0,0,0,1,92124802
1770789573.08008718,92124802,2,241,137,-508,5,13,-18,0,0,0,1,92124802
1770789573.18004704,92224762,0,241,137,-509,5,13,-18,0,0,0,1,92224762
1770789573.18004704,92224762,1,241,137,-509,5,13,-18,0,0,0,1,92224762
1770789573.18004704,92224762,2,241,137,-509,5,13,-18,0,0,0,1,92224762
1770789573.28000712,92324722,0,240,137,-509,5,13,-18,0,0,0,1,92324722
1770789573.28000712,92324722,1,240,137,-509,5,13,-18,0,0,0,1,92324722
1770789573.28000712,92324722,2,240,137,-509,5,13,-18,0,0,0,1,92324722
1770789573.37996697,92424682,0,240,137,-509,5,13,-18,0,0,0,1,92424682
1770789573.37996697,92424682,1,240,137,-509,5,13,-18,0,0,0,1,92424682
1770789573.37996697,92424682,2,240,137,-509,5,13,-18,0,0,0,1,92424682
1770789573.47992706,92524642,0,240,136,-509,5,13,-18,0,0,0,1,92524642
1770789573.47992706,92524642,1,240,136,-509,5,13,-18,0,0,0,1,92524642
1770789573.47992706,92524642,2,240,136,-509,5,13,-18,0,0,0,1,92524642
1770789573.57988715,92624602,0,241,135,-509,5,13,-18,0,0,0,1,92624602
1770789573.57988715,92624602,1,241,135,-509,5,13,-18,0,0,0,1,92624602
1770789573.57988715,92624602,2,241,135,-509,5,13,-18,0,0,0,1,92624602
1770789573.67984700,92724562,0,241,135,-509,5,13,-18,0,0,0,1,92724562
1770789573.67984700,92724562,1,241,135,-509,5,13,-18,0,0,0,1,92724562
1770789573.67984700,92724562,2,241,135,-509,5,13,-18,0,0,0,1,92724562
1770789573.77980709,92824522,0,242,135,-509,5,13,-18,0,0,0,1,92824522
1770789573.77980709,92824522,1,242,135,-509,5,13,-18,0,0,0,1,92824522
1770789573.77980709,92824522,2,242,135,-509,5,13,-18,0,0,0,1,92824522
1770789573.87976718,92924482,0,241,136,-509,5,13,-18,0,0,0,1,92924482
1770789573.87976718,92924482,1,241,136,-509,5,13,-18,0,0,0,1,92924482
1770789573.87976718,92924482,2,241,136,-509,5,13,-18,0,0,0,1,92924482
1770789573.97972703,93024442,0,240,136,-509,5,13,-18,0,0,0,1,93024442
1770789573.97972703,93024442,1,240,136,-509,5,13,-18,0,0,0,1,93024442
1770789573.97972703,93024442,2,240,136,-509,5,13,-18,0,0,0,1,93024442
1770789574.07968712,93124402,0,240,136,-509,5,13,-18,0,0,0,1,93124402
1770789574.07968712,93124402,1,240,136,-509,5,13,-18,0,0,0,1,93124402
1770789574.07968712,93124402,2,240,136,-509,5,13,-18,0,0,0,1,93124402
1770789574.17964697,93224362,0,239,137,-510,5,13,-18,0,0,0,1,93224362
1770789574.17964697,93224362,1,239,137,-510,5,13,-18,0,0,0,1,93224362
1770789574.17964697,93224362,2,239,137,-510,5,13,-18,0,0,0,1,93224362
1770789574.27960706,93324322,0,238,137,-510,5,13,-18,0,0,0,1,93324322
1770789574.27960706,93324322,1,238,137,-510,5,13,-18,0,0,0,1,93324322
1770789574.27960706,93324322,2,238,137,-510,5,13,-18,0,0,0,1,93324322
1770789574.38040018,93425115,0,238,136,-510,5,13,-18,0,0,0,1,93425115
1770789574.38040018,93425115,1,238,136,-510,5,13,-18,0,0,0,1,93425115
1770789574.38040018,93425115,2,238,136,-510,5,13,-18,0,0,0,1,93425115
1770789574.48036003,93525075,0,238,135,-510,5,13,-18,0,0,0,1,93525075
1770789574.48036003,93525075,1,238,135,-510,5,13,-18,0,0,0,1,93525075
1770789574.48036003,93525075,2,238,135,-510,5,13,-18,0,0,0,1,93525075
1770789574.58032012,93625035,0,239,135,-510,5,13,-18,0,0,0,1,93625035
1770789574.58032012,93625035,1,239,135,-510,5,13,-18,0,0,0,1,93625035
1770789574.58032012,93625035,2,239,135,-510,5,13,-18,0,0,0,1,93625035
1770789574.68027997,93724995,0,240,135,-510,5,13,-18,0,0,0,1,93724995
1770789574.68027997,93724995,1,240,135,-510,5,13,-18,0,0,0,1,93724995
1770789574.68027997,93724995,2,240,135,-510,5,13,-18,0,0,0,1,93724995
1770789574.78024006,93824955,0,240,136,-510,5,13,-18,0,0,0,1,93824955
1770789574.78024006,93824955,1,240,136,-510,5,13,-18,0,0,0,1,93824955
1770789574.78024006,93824955,2,240,136,-510,5,13,-18,0,0,0,1,93824955
1770789574.88020015,93924915,0,240,136,-509,5,13,-18,0,0,0,1,93924915
1770789574.88020015,93924915,1,240,136,-509,5,13,-18,0,0,0,1,93924915
1770789574.88020015,93924915,2,240,136,-509,5,13,-18,0,0,0,1,93924915
1770789574.98016000,94024875,0,239,136,-510,5,13,-18,0,0,0,1,94024875
1770789574.98016000,94024875,1,239,136,-510,5,13,-18,0,0,0,1,94024875
1770789574.98016000,94024875,2,239,136,-510,5,13,-18,0,0,0,1,94024875
1770789575.08012009,94124835,0,239,137,-509,5,13,-18,0,0,0,1,94124835
1770789575.08012009,94124835,1,239,137,-509,5,13,-18,0,0,0,1,94124835
1770789575.08012009,94124835,2,239,137,-509,5,13,-18,0,0,0,1,94124835
1770789575.18008018,94224795,0,240,138,-509,5,13,-18,0,0,0,1,94224795
1770789575.18008018,94224795,1,240,138,-509,5,13,-18,0,0,0,1,94224795
1770789575.18008018,94224795,2,240,138,-509,5,13,-18,0,0,0,1,94224795
1770789575.28004003,94324755,0,240,138,-509,5,13,-18,0,0,0,1,94324755
1770789575.28004003,94324755,1,240,138,-509,5,13,-18,0,0,0,1,94324755
1770789575.28004003,94324755,2,240,138,-509,5,13,-18,0,0,0,1,94324755
1770789575.38000011,94424715,0,240,138,-509,5,13,-18,0,0,0,1,94424715
1770789575.38000011,94424715,1,240,138,-509,5,13,-18,0,0,0,1,94424715
1770789575.38000011,94424715,2,240,138,-509,5,13,-18,0,0,0,1,94424715
1770789575.47995996,94524675,0,240,137,-509,5,13,-18,0,0,0,1,94524675
1770789575.47995996,94524675,1,240,137,-509,5,13,-18,0,0,0,1,94524675
1770789575.47995996,94524675,2,240,137,-509,5,13,-18,0,0,0,1,94524675
1770789575.57992005,94624635,0,240,136,-509,5,13,-18,0,0,0,1,94624635
1770789575.57992005,94624635,1,240,136,-509,5,13,-18,0,0,0,1,94624635
1770789575.57992005,94624635,2,240,136,-509,5,13,-18,0,0,0,1,94624635
1770789575.67988014,94724595,0,240,136,-509,5,13,-18,0,0,0,1,94724595
1770789575.67988014,94724595,1,240,136,-509,5,13,-18,0,0,0,1,94724595
1770789575.67988014,94724595,2,240,136,-509,5,13,-18,0,0,0,1,94724595
1770789575.77983999,94824555,0,240,135,-509,5,13,-18,0,0,0,1,94824555
1770789575.77983999,94824555,1,240,135,-509,5,13,-18,0,0,0,1,94824555
1770789575.77983999,94824555,2,240,135,-509,5,13,-18,0,0,0,1,94824555
1770789575.87980008,94924515,0,240,135,-509,5,13,-18,0,0,0,1,94924515
1770789575.87980008,94924515,1,240,135,-509,5,13,-18,0,0,0,1,94924515
1770789575.87980008,94924515,2,240,135,-509,5,13,-18,0,0,0,1,94924515
1770789575.97976017,95024475,0,240,136,-509,5,13,-18,0,0,0,1,95024475
1770789575.97976017,95024475,1,240,136,-509,5,13,-18,0,0,0,1,95024475
1770789575.97976017,95024475,2,240,136,-509,5,13,-18,0,0,0,1,95024475
1770789576.07972002,95124435,0,240,136,-509,5,13,-18,0,0,0,1,95124435
1770789576.07972002,95124435,1,240,136,-509,5,13,-18,0,0,0,1,95124435
1770789576.07972002,95124435,2,240,136,-509,5,13,-18,0,0,0,1,95124435
1770789576.17968011,95224395,0,240,136,-509,5,13,-18,0,0,0,1,95224395
1770789576.17968011,95224395,1,240,136,-509,5,13,-18,0,0,0,1,95224395
1770789576.17968011,95224395,2,240,136,-509,5,13,-18,0,0,0,1,95224395
1770789576.27963996,95324355,0,240,136,-509,5,13,-18,0,0,0,1,95324355
1770789576.27963996,95324355,1,240,136,-509,5,13,-18,0,0,0,1,95324355
1770789576.27963996,95324355,2,240,136,-509,5,13,-18,0,0,0,1,95324355
1770789576.37960005,95424315,0,239,137,-509,5,13,-18,0,0,0,1,95424315
1770789576.37960005,95424315,1,239,137,-509,5,13,-18,0,0,0,1,95424315
1770789576.37960005,95424315,2,239,137,-509,5,13,-18,0,0,0,1,95424315
1770789576.48039317,95525108,0,239,137,-510,5,13,-18,0,0,0,1,95525108
1770789576.48039317,95525108,1,239,137,-510,5,13,-18,0,0,0,1,95525108
1770789576.48039317,95525108,2,239,137,-510,5,13,-18,0,0,0,1,95525108
1770789576.58035302,95625068,0,238,137,-510,5,13,-18,0,0,0,1,95625068
1770789576.58035302,95625068,1,238,137,-510,5,13,-18,0,0,0,1,95625068
1770789576.58035302,95625068,2,238,137,-510,5,13,-18,0,0,0,1,95625068
1770789576.68031311,95725028,0,238,136,-510,5,13,-18,0,0,0,1,95725028
1770789576.68031311,95725028,1,238,136,-510,5,13,-18,0,0,0,1,95725028
1770789576.68031311,95725028,2,238,136,-510,5,13,-18,0,0,0,1,95725028
1770789576.78027296,95824988,0,238,136,-510,5,13,-18,0,0,0,1,95824988
1770789576.78027296,95824988,1,238,136,-510,5,13,-18,0,0,0,1,95824988
1770789576.78027296,95824988,2,238,136,-510,5,13,-18,0,0,0,1,95824988
1770789576.88023305,95924948,0,238,136,-510,5,13,-18,0,0,0,1,95924948
1770789576.88023305,95924948,1,238,136,-510,5,13,-18,0,0,0,1,95924948
1770789576.88023305,95924948,2,238,136,-510,5,13,-18,0,0,0,1,95924948
1770789576.98019314,96024908,0,238,136,-510,5,13,-18,0,0,0,1,96024908
1770789576.98019314,96024908,1,238,136,-510,5,13,-18,0,0,0,1,96024908
1770789576.98019314,96024908,2,238,136,-510,5,13,-18,0,0,0,1,96024908
1770789577.08015299,96124868,0,239,137,-510,5,13,-18,0,0,0,1,96124868
1770789577.08015299,96124868,1,239,137,-510,5,13,-18,0,0,0,1,96124868
1770789577.08015299,96124868,2,239,137,-510,5,13,-18,0,0,0,1,96124868
1770789577.18011308,96224828,0,240,137,-509,5,13,-18,0,0,0,1,96224828
1770789577.18011308,96224828,1,240,137,-509,5,13,-18,0,0,0,1,96224828
1770789577.18011308,96224828,2,240,137,-509,5,13,-18,0,0,0,1,96224828
1770789577.28007317,96324788,0,245,134,-507,5,13,-18,0,0,0,1,96324788
1770789577.28007317,96324788,1,245,134,-507,5,13,-18,0,0,0,1,96324788
1770789577.28007317,96324788,2,245,134,-507,5,13,-18,0,0,0,1,96324788
1770789577.38003302,96424748,0,251,128,-506,5,13,-18,0,0,0,1,96424748
1770789577.38003302,96424748,1,251,128,-506,5,13,-18,0,0,0,1,96424748
1770789577.38003302,96424748,2,251,128,-506,5,13,-18,0,0,0,1,96424748
1770789577.47999310,96524708,0,256,117,-506,5,13,-18,0,0,0,1,96524708
1770789577.47999310,96524708,1,256,117,-506,5,13,-18,0,0,0,1,96524708
1770789577.47999310,96524708,2,256,117,-506,5,13,-18,0,0,0,1,96524708
1770789577.57995296,96624668,0,260,106,-507,5,13,-18,0,0,0,1,96624668
1770789577.57995296,96624668,1,260,106,-507,5,13,-18,0,0,0,1,96624668
1770789577.57995296,96624668,2,260,106,-507,5,13,-18,0,0,0,1,96624668
1770789577.67991304,96724628,0,261,95,-508,5,13,-18,0,0,0,1,96724628
1770789577.67991304,96724628,1,261,95,-508,5,13,-18,0,0,0,1,96724628
1770789577.67991304,96724628,2,261,95,-508,5,13,-18,0,0,0,1,96724628
1770789577.77987313,96824588,0,263,86,-509,5,13,-18,0,0,0,1,96824588
1770789577.77987313,96824588,1,263,86,-509,5,13,-18,0,0,0,1,96824588
1770789577.77987313,96824588,2,263,86,-509,5,13,-18,0,0,0,1,96824588
1770789577.87983298,96924548,0,264,78,-510,5,13,-18,0,0,0,1,96924548
1770789577.87983298,96924548,1,264,78,-510,5,13,-18,0,0,0,1,96924548
1770789577.87983298,96924548,2,264,78,-510,5,13,-18,0,0,0,1,96924548
1770789577.97979307,97024508,0,265,72,-510,5,13,-18,0,0,0,1,97024508
1770789577.97979307,97024508,1,265,72,-510,5,13,-18,0,0,0,1,97024508
1770789577.97979307,97024508,2,265,72,-510,5,13,-18,0,0,0,1,97024508
1770789578.07975316,97124468,0,267,67,-510,5,13,-18,0,0,0,1,97124468
1770789578.07975316,97124468,1,267,67,-510,5,13,-18,0,0,0,1,97124468
1770789578.07975316,97124468,2,267,67,-510,5,13,-18,0,0,0,1,97124468
1770789578.17971301,97224428,0,269,62,-509,5,13,-18,0,0,0,1,97224428
1770789578.17971301,97224428,1,269,62,-509,5,13,-18,0,0,0,1,97224428
1770789578.17971301,97224428,2,269,62,-509,5,13,-18,0,0,0,1,97224428
1770789578.27967310,97324388,0,271,58,-509,5,13,-18,0,0,0,1,97324388
1770789578.27967310,97324388,1,271,58,-509,5,13,-18,0,0,0,1,97324388
1770789578.27967310,97324388,2,271,58,-509,5,13,-18,0,0,0,1,97324388
1770789578.37963319,97424348,0,273,55,-508,5,13,-18,0,0,0,1,97424348
1770789578.37963319,97424348,1,273,55,-508,5,13,-18,0,0,0,1,97424348
1770789578.37963319,97424348,2,273,55,-508,5,13,-18,0,0,0,1,97424348
1770789578.48042607,97525141,0,274,52,-507,5,13,-18,0,0,0,1,97525141
1770789578.48042607,97525141,1,274,52,-507,5,13,-18,0,0,0,1,97525141
1770789578.48042607,97525141,2,274,52,-507,5,13,-18,0,0,0,1,97525141
1770789578.58038616,97625101,0,276,49,-507,5,13,-18,0,0,0,1,97625101
1770789578.58038616,97625101,1,276,49,-507,5,13,-18,0,0,0,1,97625101
1770789578.58038616,97625101,2,276,49,-507,5,13,-18,0,0,0,1,97625101
1770789578.68034601,97725061,0,276,46,-507,5,13,-18,0,0,0,1,97725061
1770789578.68034601,97725061,1,276,46,-507,5,13,-18,0,0,0,1,97725061
1770789578.68034601,97725061,2,276,46,-507,5,13,-18,0,0,0,1,97725061
1770789578.78030610,97825021,0,276,44,-508,5,13,-18,0,0,0,1,97825021
1770789578.78030610,97825021,1,276,44,-508,5,13,-18,0,0,0,1,97825021
1770789578.78030610,97825021,2,276,44,-508,5,13,-18,0,0,0,1,97825021
1770789578.88026619,97924981,0,275,42,-508,5,13,-18,0,0,0,1,97924981
1770789578.88026619,97924981,1,275,42,-508,5,13,-18,0,0,0,1,97924981
1770789578.88026619,97924981,2,275,42,-508,5,13,-18,0,0,0,1,97924981
1770789578.98022604,98024941,0,275,41,-508,5,13,-18,0,0,0,1,98024941
1770789578.98022604,98024941,1,275,41,-508,5,13,-18,0,0,0,1,98024941
1770789578.98022604,98024941,2,275,41,-508,5,13,-18,0,0,0,1,98024941
1770789579.08018613,98124901,0,277,40,-507,5,13,-18,0,0,0,1,98124901
1770789579.08018613,98124901,1,277,40,-507,5,13,-18,0,0,0,1,98124901
1770789579.08018613,98124901,2,277,40,-507,5,13,-18,0,0,0,1,98124901
1770789579.18014598,98224861,0,277,38,-507,5,13,-18,0,0,0,1,98224861
1770789579.18014598,98224861,1,277,38,-507,5,13,-18,0,0,0,1,98224861
1770789579.18014598,98224861,2,277,38,-507,5,13,-18,0,0,0,1,98224861
1770789579.28010607,98324821,0,278,37,-507,5,13,-18,0,0,0,1,98324821
1770789579.28010607,98324821,1,278,37,-507,5,13,-18,0,0,0,1,98324821
1770789579.28010607,98324821,2,278,37,-507,5,13,-18,0,0,0,1,98324821
1770789579.38006616,98424781,0,279,36,-507,5,13,-18,0,0,0,1,98424781
1770789579.38006616,98424781,1,279,36,-507,5,13,-18,0,0,0,1,98424781
1770789579.38006616,98424781,2,279,36,-507,5,13,-18,0,0,0,1,98424781
1770789579.48002601,98524741,0,279,35,-506,5,13,-18,0,0,0,1,98524741
1770789579.48002601,98524741,1,279,35,-506,5,13,-18,0,0,0,1,98524741
1770789579.48002601,98524741,2,279,35,-506,5,13,-18,0,0,0,1,98524741
1770789579.57998610,98624701,0,279,34,-506,5,13,-18,0,0,0,1,98624701
1770789579.57998610,98624701,1,279,34,-506,5,13,-18,0,0,0,1,98624701
1770789579.57998610,98624701,2,279,34,-506,5,13,-18,0,0,0,1,98624701
1770789579.67994618,98724661,0,280,33,-506,5,13,-18,0,0,0,1,98724661
1770789579.67994618,98724661,1,280,33,-506,5,13,-18,0,0,0,1,98724661
1770789579.67994618,98724661,2,280,33,-506,5,13,-18,0,0,0,1,98724661
1770789579.77990603,98824621,0,281,32,-506,5,13,-18,0,0,0,1,98824621
1770789579.77990603,98824621,1,281,32,-506,5,13,-18,0,0,0,1,98824621
1770789579.77990603,98824621,2,281,32,-506,5,13,-18,0,0,0,1,98824621
1770789579.87986612,98924581,0,280,32,-506,5,13,-18,0,0,0,1,98924581
1770789579.87986612,98924581,1,280,32,-506,5,13,-18,0,0,0,1,98924581
1770789579.87986612,98924581,2,280,32,-506,5,13,-18,0,0,0,1,98924581
1770789579.97982597,99024541,0,279,32,-506,5,13,-18,0,0,0,1,99024541
1770789579.97982597,99024541,1,279,32,-506,5,13,-18,0,0,0,1,99024541
1770789579.97982597,99024541,2,279,32,-506,5,13,-18,0,0,0,1,99024541
1770789580.07978606,99124501,0,278,31,-507,5,13,-18,0,0,0,1,99124501
1770789580.07978606,99124501,1,278,31,-507,5,13,-18,0,0,0,1,99124501
1770789580.07978606,99124501,2,278,31,-507,5,13,-18,0,0,0,1,99124501
1770789580.17974615,99224461,0,278,31,-507,5,13,-18,0,0,0,1,99224461
1770789580.17974615,99224461,1,278,31,-507,5,13,-18,0,0,0,1,99224461
1770789580.17974615,99224461,2,278,31,-507,5,13,-18,0,0,0,1,99224461
1770789580.27970600,99324421,0,278,31,-507,5,13,-18,0,0,0,1,99324421
1770789580.27970600,99324421,1,278,31,-507,5,13,-18,0,0,0,1,99324421
1770789580.27970600,99324421,2,278,31,-507,5,13,-18,0,0,0,1,99324421
1770789580.37966609,99424381,0,279,30,-507,5,13,-18,0,0,0,1,99424381
1770789580.37966609,99424381,1,279,30,-507,5,13,-18,0,0,0,1,99424381
1770789580.37966609,99424381,2,279,30,-507,5,13,-18,0,0,0,1,99424381
1770789580.47962618,99524341,0,279,29,-507,5,13,-18,0,0,0,1,99524341
1770789580.47962618,99524341,1,279,29,-507,5,13,-18,0,0,0,1,99524341
1770789580.47962618,99524341,2,279,29,-507,5,13,-18,0,0,0,1,99524341
1770789580.58041906,99625134,0,279,29,-507,5,13,-18,0,0,0,1,99625134
1770789580.58041906,99625134,1,279,29,-507,5,13,-18,0,0,0,1,99625134
1770789580.58041906,99625134,2,279,29,-507,5,13,-18,0,0,0,1,99625134
1770789580.68037915,99725094,0,279,30,-507,5,13,-18,0,0,0,1,99725094
1770789580.68037915,99725094,1,279,30,-507,5,13,-18,0,0,0,1,99725094
1770789580.68037915,99725094,2,279,30,-507,5,13,-18,0,0,0,1,99725094
1770789580.78033900,99825054,0,280,30,-506,5,13,-18,0,0,0,1,99825054
1770789580.78033900,99825054,1,280,30,-506,5,13,-18,0,0,0,1,99825054
1770789580.78033900,99825054,2,280,30,-506,5,13,-18,0,0,0,1,99825054
1770789580.88029909,99925014,0,281,30,-506,5,13,-18,0,0,0,1,99925014
1770789580.88029909,99925014,1,281,30,-506,5,13,-18,0,0,0,1,99925014
1770789580.88029909,99925014,2,281,30,-506,5,13,-18,0,0,0,1,99925014
1770789580.98025918,100024974,0,281,30,-506,5,13,-18,0,0,0,1,100024974
1770789580.98025918,100024974,1,281,30,-506,5,13,-18,0,0,0,1,100024974
1770789580.98025918,100024974,2,281,30,-506,5,13,-18,0,0,0,1,100024974
1770789581.08021903,100124934,0,280,30,-506,5,13,-18,0,0,0,1,100124934
1770789581.08021903,100124934,1,280,30,-506,5,13,-18,0,0,0,1,100124934
1770789581.08021903,100124934,2,280,30,-506,5,13,-18,0,0,0,1,100124934
1770789581.18017912,100224894,0,280,30,-506,5,13,-18,0,0,0,1,100224894
1770789581.18017912,100224894,1,280,30,-506,5,13,-18,0,0,0,1,100224894
1770789581.18017912,100224894,2,280,30,-506,5,13,-18,0,0,0,1,100224894
1770789581.28013897,100324854,0,280,30,-506,5,13,-18,0,0,0,1,100324854
1770789581.28013897,100324854,1,280,30,-506,5,13,-18,0,0,0,1,100324854
1770789581.28013897,100324854,2,280,30,-506,5,13,-18,0,0,0,1,100324854
1770789581.38009906,100424814,0,280,30,-506,5,13,-18,0,0,0,1,100424814
1770789581.38009906,100424814,1,280,30,-506,5,13,-18,0,0,0,1,100424814
1770789581.38009906,100424814,2,280,30,-506,5,13,-18,0,0,0,1,100424814
1770789581.48005915,100524774,0,281,29,-506,5,13,-18,0,0,0,1,100524774
1770789581.48005915,100524774,1,281,29,-506,5,13,-18,0,0,0,1,100524774
1770789581.48005915,100524774,2,281,29,-506,5,13,-18,0,0,0,1,100524774
1770789581.58001900,100624734,0,281,29,-506,5,13,-18,0,0,0,1,100624734
1770789581.58001900,100624734,1,281,29,-506,5,13,-18,0,0,0,1,100624734
1770789581.58001900,100624734,2,281,29,-506,5,13,-18,0,0,0,1,100624734
1770789581.67997909,100724694,0,281,30,-506,5,13,-18,0,0,0,1,100724694
1770789581.67997909,100724694,1,281,30,-506,5,13,-18,0,0,0,1,100724694
1770789581.67997909,100724694,2,281,30,-506,5,13,-18,0,0,0,1,100724694
1770789581.77993917,100824654,0,281,30,-506,5,13,-18,0,0,0,1,100824654
1770789581.77993917,100824654,1,281,30,-506,5,13,-18,0,0,0,1,100824654
1770789581.77993917,100824654,2,281,30,-506,5,13,-18,0,0,0,1,100824654
1770789581.87989902,100924614,0,281,30,-506,5,13,-18,0,0,0,1,100924614
1770789581.87989902,100924614,1,281,30,-506,5,13,-18,0,0,0,1,100924614
1770789581.87989902,100924614,2,281,30,-506,5,13,-18,0,0,0,1,100924614
1770789581.97985911,101024574,0,281,30,-506,5,13,-18,0,0,0,1,101024574
1770789581.97985911,101024574,1,281,30,-506,5,13,-18,0,0,0,1,101024574
1770789581.97985911,101024574,2,281,30,-506,5,13,-18,0,0,0,1,101024574
1770789582.07981896,101124534,0,281,29,-506,5,13,-18,0,0,0,1,101124534
1770789582.07981896,101124534,1,281,29,-506,5,13,-18,0,0,0,1,101124534
1770789582.07981896,101124534,2,281,29,-506,5,13,-18,0,0,0,1,101124534
1770789582.17977905,101224494,0,281,29,-506,5,13,-18,0,0,0,1,101224494
1770789582.17977905,101224494,1,281,29,-506,5,13,-18,0,0,0,1,101224494
1770789582.17977905,101224494,2,281,29,-506,5,13,-18,0,0,0,1,101224494
1770789582.27973914,101324454,0,281,30,-506,5,13,-18,0,0,0,1,101324454
1770789582.27973914,101324454,1,281,30,-506,5,13,-18,0,0,0,1,101324454
1770789582.27973914,101324454,2,281,30,-506,5,13,-18,0,0,0,1,101324454
1770789582.37969899,101424414,0,280,30,-506,5,13,-18,0,0,0,1,101424414
1770789582.37969899,101424414,1,280,30,-506,5,13,-18,0,0,0,1,101424414
1770789582.37969899,101424414,2,280,30,-506,5,13,-18,0,0,0,1,101424414
1770789582.47965908,101524374,0,280,30,-506,5,13,-18,0,0,0,1,101524374
1770789582.47965908,101524374,1,280,30,-506,5,13,-18,0,0,0,1,101524374
1770789582.47965908,101524374,2,280,30,-506,5,13,-18,0,0,0,1,101524374
1770789582.57961917,101624334,0,280,30,-506,5,13,-18,0,0,0,1,101624334
1770789582.57961917,101624334,1,280,30,-506,5,13,-18,0,0,0,1,101624334
1770789582.57961917,101624334,2,280,30,-506,5,13,-18,0,0,0,1,101624334
1770789582.68041205,101725127,0,279,30,-507,5,13,-18,0,0,0,1,101725127
1770789582.68041205,101725127,1,279,30,-507,5,13,-18,0,0,0,1,101725127
1770789582.68041205,101725127,2,279,30,-507,5,13,-18,0,0,0,1,101725127
1770789582.78037214,101825087,0,280,30,-506,5,13,-18,0,0,0,1,101825087
1770789582.78037214,101825087,1,280,30,-506,5,13,-18,0,0,0,1,101825087
1770789582.78037214,101825087,2,280,30,-506,5,13,-18,0,0,0,1,101825087
1770789582.88033199,101925047,0,281,30,-506,5,13,-18,0,0,0,1,101925047
1770789582.88033199,101925047,1,281,30,-506,5,13,-18,0,0,0,1,101925047
1770789582.88033199,101925047,2,281,30,-506,5,13,-18,0,0,0,1,101925047
1770789582.98029208,102025007,0,280,30,-506,5,13,-18,0,0,0,1,102025007
1770789582.98029208,102025007,1,280,30,-506,5,13,-18,0,0,0,1,102025007
1770789582.98029208,102025007,2,280,30,-506,5,13,-18,0,0,0,1,102025007
1770789583.08025217,102124967,0,281,29,-506,5,13,-18,0,0,0,1,102124967
1770789583.08025217,102124967,1,281,29,-506,5,13,-18,0,0,0,1,102124967
1770789583.08025217,102124967,2,281,29,-506,5,13,-18,0,0,0,1,102124967
1770789583.18021202,102224927,0,281,29,-506,5,13,-18,0,0,0,1,102224927
1770789583.18021202,102224927,1,281,29,-506,5,13,-18,0,0,0,1,102224927
1770789583.18021202,102224927,2,281,29,-506,5,13,-18,0,0,0,1,102224927
1770789583.28017211,102324887,0,280,29,-506,5,13,-18,0,0,0,1,102324887
1770789583.28017211,102324887,1,280,29,-506,5,13,-18,0,0,0,1,102324887
1770789583.28017211,102324887,2,280,29,-506,5,13,-18,0,0,0,1,102324887
1770789583.38013196,102424847,0,279,30,-507,5,13,-18,0,0,0,1,102424847
1770789583.38013196,102424847,1,279,30,-507,5,13,-18,0,0,0,1,102424847
1770789583.38013196,102424847,2,279,30,-507,5,13,-18,0,0,0,1,102424847
1770789583.48009205,102524807,0,279,30,-507,5,13,-18,0,0,0,1,102524807
1770789583.48009205,102524807,1,279,30,-507,5,13,-18,0,0,0,1,102524807
1770789583.48009205,102524807,2,279,30,-507,5,13,-18,0,0,0,1,102524807
1770789583.58005214,102624767,0,279,30,-506,5,13,-18,0,0,0,1,102624767
1770789583.58005214,102624767,1,279,30,-506,5,13,-18,0,0,0,1,102624767
1770789583.58005214,102624767,2,279,30,-506,5,13,-18,0,0,0,1,102624767
1770789583.68001199,102724727,0,280,30,-506,5,13,-18,0,0,0,1,102724727
1770789583.68001199,102724727,1,280,30,-506,5,13,-18,0,0,0,1,102724727
1770789583.68001199,102724727,2,280,30,-506,5,13,-18,0,0,0,1,102724727
1770789583.77997208,102824687,0,279,30,-507,5,13,-18,0,0,0,1,102824687
1770789583.77997208,102824687,1,279,30,-507,5,13,-18,0,0,0,1,102824687
1770789583.77997208,102824687,2,279,30,-507,5,13,-18,0,0,0,1,102824687
1770789583.87993217,102924647,0,280,30,-506,5,13,-18,0,0,0,1,102924647
1770789583.87993217,102924647,1,280,30,-506,5,13,-18,0,0,0,1,102924647
1770789583.87993217,102924647,2,280,30,-506,5,13,-18,0,0,0,1,102924647
1770789583.97989202,103024607,0,280,29,-506,5,13,-18,0,0,0,1,103024607
1770789583.97989202,103024607,1,280,29,-506,5,13,-18,0,0,0,1,103024607
1770789583.97989202,103024607,2,280,29,-506,5,13,-18,0,0,0,1,103024607
1770789584.07985210,103124567,0,280,30,-506,5,13,-18,0,0,0,1,103124567
1770789584.07985210,103124567,1,280,30,-506,5,13,-18,0,0,0,1,103124567
1770789584.07985210,103124567,2,280,30,-506,5,13,-18,0,0,0,1,103124567
1770789584.17981195,103224527,0,280,31,-506,5,13,-18,0,0,0,1,103224527
1770789584.17981195,103224527,1,280,31,-506,5,13,-18,0,0,0,1,103224527
1770789584.17981195,103224527,2,280,31,-506,5,13,-18,0,0,0,1,103224527
1770789584.27977204,103324487,0,281,31,-506,5,13,-18,0,0,0,1,103324487
1770789584.27977204,103324487,1,281,31,-506,5,13,-18,0,0,0,1,103324487
1770789584.27977204,103324487,2,281,31,-506,5,13,-18,0,0,0,1,103324487
1770789584.37973213,103424447,0,281,31,-506,5,13,-18,0,0,0,1,103424447
1770789584.37973213,103424447,1,281,31,-506,5,13,-18,0,0,0,1,103424447
1770789584.37973213,103424447,2,281,31,-506,5,13,-18,0,0,0,1,103424447
1770789584.47969198,103524407,0,281,31,-506,5,13,-18,0,0,0,1,103524407
1770789584.47969198,103524407,1,281,31,-506,5,13,-18,0,0,0,1,103524407
1770789584.47969198,103524407,2,281,31,-506,5,13,-18,0,0,0,1,103524407
1770789584.57965207,103624367,0,281,31,-505,5,13,-18,0,0,0,1,103624367
1770789584.57965207,103624367,1,281,31,-505,5,13,-18,0,0,0,1,103624367
1770789584.57965207,103624367,2,281,31,-505,5,13,-18,0,0,0,1,103624367
1770789584.67961216,103724327,0,281,31,-505,5,13,-18,0,0,0,1,103724327
1770789584.67961216,103724327,1,281,31,-505,5,13,-18,0,0,0,1,103724327
1770789584.67961216,103724327,2,281,31,-505,5,13,-18,0,0,0,1,103724327
1770789584.78040504,103825120,0,281,31,-506,5,13,-18,0,0,0,1,103825120
1770789584.78040504,103825120,1,281,31,-506,5,13,-18,0,0,0,1,103825120
1770789584.78040504,103825120,2,281,31,-506,5,13,-18,0,0,0,1,103825120
1770789584.88036513,103925080,0,281,30,-506,5,13,-18,0,0,0,1,103925080
1770789584.88036513,103925080,1,281,30,-506,5,13,-18,0,0,0,1,103925080
1770789584.88036513,103925080,2,281,30,-506,5,13,-18,0,0,0,1,103925080
1770789584.98032498,104025040,0,280,30,-506,5,13,-18,0,0,0,1,104025040
1770789584.98032498,104025040,1,280,30,-506,5,13,-18,0,0,0,1,104025040
1770789584.98032498,104025040,2,280,30,-506,5,13,-18,0,0,0,1,104025040
1770789585.08028507,104125000,0,280,29,-506,5,13,-18,0,0,0,1,104125000
1770789585.08028507,104125000,1,280,29,-506,5,13,-18,0,0,0,1,104125000
1770789585.08028507,104125000,2,280,29,-506,5,13,-18,0,0,0,1,104125000
1770789585.18024516,104224960,0,280,29,-506,5,13,-18,0,0,0,1,104224960
1770789585.18024516,104224960,1,280,29,-506,5,13,-18,0,0,0,1,104224960
1770789585.18024516,104224960,2,280,29,-506,5,13,-18,0,0,0,1,104224960
1770789585.28020501,104324920,0,280,29,-506,5,13,-18,0,0,0,1,104324920
1770789585.28020501,104324920,1,280,29,-506,5,13,-18,0,0,0,1,104324920
1770789585.28020501,104324920,2,280,29,-506,5,13,-18,0,0,0,1,104324920
1770789585.38016510,104424880,0,279,29,-507,5,13,-18,0,0,0,1,104424880
1770789585.38016510,104424880,1,279,29,-507,5,13,-18,0,0,0,1,104424880
1770789585.38016510,104424880,2,279,29,-507,5,13,-18,0,0,0,1,104424880
1770789585.48012519,104524840,0,279,30,-507,5,13,-18,0,0,0,1,104524840
1770789585.48012519,104524840,1,279,30,-507,5,13,-18,0,0,0,1,104524840
1770789585.48012519,104524840,2,279,30,-507,5,13,-18,0,0,0,1,104524840
1770789585.58008504,104624800,0,280,31,-506,5,13,-18,0,0,0,1,104624800
1770789585.58008504,104624800,1,280,31,-506,5,13,-18,0,0,0,1,104624800
1770789585.58008504,104624800,2,280,31,-506,5,13,-18,0,0,0,1,104624800
1770789585.68004513,104724760,0,281,31,-506,5,13,-18,0,0,0,1,104724760
1770789585.68004513,104724760,1,281,31,-506,5,13,-18,0,0,0,1,104724760
1770789585.68004513,104724760,2,281,31,-506,5,13,-18,0,0,0,1,104724760
1770789585.78000498,104824720,0,282,31,-505,5,13,-18,0,0,0,1,104824720
1770789585.78000498,104824720,1,282,31,-505,5,13,-18,0,0,0,1,104824720
1770789585.78000498,104824720,2,282,31,-505,5,13,-18,0,0,0,1,104824720
1770789585.87996507,104924680,0,282,32,-505,5,13,-18,0,0,0,1,104924680
1770789585.87996507,104924680,1,282,32,-505,5,13,-18,0,0,0,1,104924680
1770789585.87996507,104924680,2,282,32,-505,5,13,-18,0,0,0,1,104924680
1770789585.97992516,105024640,0,282,32,-505,5,13,-18,0,0,0,1,105024640
1770789585.97992516,105024640,1,282,32,-505,5,13,-18,0,0,0,1,105024640
1770789585.97992516,105024640,2,282,32,-505,5,13,-18,0,0,0,1,105024640
1770789586.07988501,105124600,0,282,32,-505,5,13,-18,0,0,0,1,105124600
1770789586.07988501,105124600,1,282,32,-505,5,13,-18,0,0,0,1,105124600
1770789586.07988501,105124600,2,282,32,-505,5,13,-18,0,0,0,1,105124600
1770789586.17984509,105224560,0,282,32,-505,5,13,-18,0,0,0,1,105224560
1770789586.17984509,105224560,1,282,32,-505,5,13,-18,0,0,0,1,105224560
1770789586.17984509,105224560,2,282,32,-505,5,13,-18,0,0,0,1,105224560
1770789586.27980518,105324520,0,281,32,-505,5,13,-18,0,0,0,1,105324520
1770789586.27980518,105324520,1,281,32,-505,5,13,-18,0,0,0,1,105324520
1770789586.27980518,105324520,2,281,32,-505,5,13,-18,0,0,0,1,105324520
1770789586.37976503,105424480,0,280,32,-506,5,13,-18,0,0,0,1,105424480
1770789586.37976503,105424480,1,280,32,-506,5,13,-18,0,0,0,1,105424480
1770789586.37976503,105424480,2,280,32,-506,5,13,-18,0,0,0,1,105424480
1770789586.47972512,105524440,0,279,32,-506,5,13,-18,0,0,0,1,105524440
1770789586.47972512,105524440,1,279,32,-506,5,13,-18,0,0,0,1,105524440
1770789586.47972512,105524440,2,279,32,-506,5,13,-18,0,0,0,1,105524440
1770789586.57968497,105624400,0,279,31,-506,5,13,-18,0,0,0,1,105624400
1770789586.57968497,105624400,1,279,31,-506,5,13,-18,0,0,0,1,105624400
1770789586.57968497,105624400,2,279,31,-506,5,13,-18,0,0,0,1,105624400
1770789586.67964506,105724360,0,280,31,-506,5,13,-18,0,0,0,1,105724360
1770789586.67964506,105724360,1,280,31,-506,5,13,-18,0,0,0,1,105724360
1770789586.67964506,105724360,2,280,31,-506,5,13,-18,0,0,0,1,105724360
1770789586.77960515,105824320,0,279,31,-507,5,13,-18,0,0,0,1,105824320
1770789586.77960515,105824320,1,279,31,-507,5,13,-18,0,0,0,1,105824320
1770789586.77960515,105824320,2,279,31,-507,5,13,-18,0,0,0,1,105824320
1770789586.88039804,105925113,0,280,30,-506,5,13,-18,0,0,0,1,105925113
1770789586.88039804,105925113,1,280,30,-506,5,13,-18,0,0,0,1,105925113
1770789586.88039804,105925113,2,280,30,-506,5,13,-18,0,0,0,1,105925113
1770789586.98035812,106025073,0,281,30,-506,5,13,-18,0,0,0,1,106025073
1770789586.98035812,106025073,1,281,30,-506,5,13,-18,0,0,0,1,106025073
1770789586.98035812,106025073,2,281,30,-506,5,13,-18,0,0,0,1,106025073
1770789587.08031797,106125033,0,281,30,-505,5,13,-18,0,0,0,1,106125033
1770789587.08031797,106125033,1,281,30,-505,5,13,-18,0,0,0,1,106125033
1770789587.08031797,106125033,2,281,30,-505,5,13,-18,0,0,0,1,106125033
1770789587.18027806,106224993,0,281,31,-505,5,13,-18,0,0,0,1,106224993
1770789587.18027806,106224993,1,281,31,-505,5,13,-18,0,0,0,1,106224993
1770789587.18027806,106224993,2,281,31,-505,5,13,-18,0,0,0,1,106224993
1770789587.28023815,106324953,0,280,35,-506,5,13,-18,0,0,0,1,106324953
1770789587.28023815,106324953,1,280,35,-506,5,13,-18,0,0,0,1,106324953
1770789587.28023815,106324953,2,280,35,-506,5,13,-18,0,0,0,1,106324953
1770789587.38019800,106424913,0,277,43,-507,5,13,-18,0,0,0,1,106424913
1770789587.38019800,106424913,1,277,43,-507,5,13,-18,0,0,0,1,106424913
1770789587.38019800,106424913,2,277,43,-507,5,13,-18,0,0,0,1,106424913
1770789587.48015809,106524873,0,275,54,-507,5,13,-18,0,0,0,1,106524873
1770789587.48015809,106524873,1,275,54,-507,5,13,-18,0,0,0,1,106524873
1770789587.48015809,106524873,2,275,54,-507,5,13,-18,0,0,0,1,106524873
1770789587.58011818,106624833,0,272,65,-507,5,13,-18,0,0,0,1,106624833
1770789587.58011818,106624833,1,272,65,-507,5,13,-18,0,0,0,1,106624833
1770789587.58011818,106624833,2,272,65,-507,5,13,-18,0,0,0,1,106624833
1770789587.68007803,106724793,0,269,77,-507,5,13,-18,0,0,0,1,106724793
1770789587.68007803,106724793,1,269,77,-507,5,13,-18,0,0,0,1,106724793
1770789587.68007803,106724793,2,269,77,-507,5,13,-18,0,0,0,1,106724793
1770789587.78003812,106824753,0,266,86,-507,5,13,-18,0,0,0,1,106824753
1770789587.78003812,106824753,1,266,86,-507,5,13,-18,0,0,0,1,106824753
1770789587.78003812,106824753,2,266,86,-507,5,13,-18,0,0,0,1,106824753
1770789587.87999797,106924713,0,264,93,-507,5,13,-18,0,0,0,1,106924713
1770789587.87999797,106924713,1,264,93,-507,5,13,-18,0,0,0,1,106924713
1770789587.87999797,106924713,2,264,93,-507,5,13,-18,0,0,0,1,106924713
1770789587.97995806,107024673,0,263,99,-507,5,13,-18,0,0,0,1,107024673
1770789587.97995806,107024673,1,263,99,-507,5,13,-18,0,0,0,1,107024673
1770789587.97995806,107024673,2,263,99,-507,5,13,-18,0,0,0,1,107024673
1770789588.07991815,107124633,0,261,104,-506,5,13,-18,0,0,0,1,107124633
1770789588.07991815,107124633,1,261,104,-506,5,13,-18,0,0,0,1,107124633
1770789588.07991815,107124633,2,261,104,-506,5,13,-18,0,0,0,1,107124633
1770789588.17987800,107224593,0,260,108,-506,5,13,-18,0,0,0,1,107224593
1770789588.17987800,107224593,1,260,108,-506,5,13,-18,0,0,0,1,107224593
1770789588.17987800,107224593,2,260,108,-506,5,13,-18,0,0,0,1,107224593
1770789588.27983809,107324553,0,260,111,-506,5,13,-18,0,0,0,1,107324553
1770789588.27983809,107324553,1,260,111,-506,5,13,-18,0,0,0,1,107324553
1770789588.27983809,107324553,2,260,111,-506,5,13,-18,0,0,0,1,107324553
1770789588.37979817,107424513,0,258,114,-506,5,13,-18,0,0,0,1,107424513
1770789588.37979817,107424513,1,258,114,-506,5,13,-18,0,0,0,1,107424513
1770789588.37979817,107424513,2,258,114,-506,5,13,-18,0,0,0,1,107424513
1770789588.47975802,107524473,0,256,116,-506,5,13,-18,0,0,0,1,107524473
1770789588.47975802,107524473,1,256,116,-506,5,13,-18,0,0,0,1,107524473
1770789588.47975802,107524473,2,256,116,-506,5,13,-18,0,0,0,1,107524473
1770789588.57971811,107624433,0,255,117,-507,5,13,-18,0,0,0,1,107624433
1770789588.57971811,107624433,1,255,117,-507,5,13,-18,0,0,0,1,107624433
1770789588.57971811,107624433,2,255,117,-507,5,13,-18,0,0,0,1,107624433
1770789588.67967796,107724393,0,253,119,-507,5,13,-18,0,0,0,1,107724393
1770789588.67967796,107724393,1,253,119,-507,5,13,-18,0,0,0,1,107724393
1770789588.67967796,107724393,2,253,119,-507,5,13,-18,0,0,0,1,107724393
1770789588.77963805,107824353,0,252,121,-507,5,13,-18,0,0,0,1,107824353
1770789588.77963805,107824353,1,252,121,-507,5,13,-18,0,0,0,1,107824353
1770789588.77963805,107824353,2,252,121,-507,5,13,-18,0,0,0,1,107824353
1770789588.87959814,107924313,0,251,123,-507,5,13,-18,0,0,0,1,107924313
1770789588.87959814,107924313,1,251,123,-507,5,13,-18,0,0,0,1,107924313
1770789588.87959814,107924313,2,251,123,-507,5,13,-18,0,0,0,1,107924313
1770789588.98039103,108025106,0,249,125,-508,5,13,-18,0,0,0,1,108025106
1770789588.98039103,108025106,1,249,125,-508,5,13,-18,0,0,0,1,108025106
1770789588.98039103,108025106,2,249,125,-508,5,13,-18,0,0,0,1,108025106
1770789589.08035111,108125066,0,249,126,-508,5,13,-18,0,0,0,1,108125066
1770789589.08035111,108125066,1,249,126,-508,5,13,-18,0,0,0,1,108125066
1770789589.08035111,108125066,2,249,126,-508,5,13,-18,0,0,0,1,108125066
1770789589.18031096,108225026,0,248,127,-508,5,13,-18,0,0,0,1,108225026
1770789589.18031096,108225026,1,248,127,-508,5,13,-18,0,0,0,1,108225026
1770789589.18031096,108225026,2,248,127,-508,5,13,-18,0,0,0,1,108225026
1770789589.28027105,108324986,0,247,129,-508,5,13,-18,0,0,0,1,108324986
1770789589.28027105,108324986,1,247,129,-508,5,13,-18,0,0,0,1,108324986
1770789589.28027105,108324986,2,247,129,-508,5,13,-18,0,0,0,1,108324986
1770789589.38023114,108424946,0,247,130,-507,5,13,-18,0,0,0,1,108424946
1770789589.38023114,108424946,1,247,130,-507,5,13,-18,0,0,0,1,108424946
1770789589.38023114,108424946,2,247,130,-507,5,13,-18,0,0,0,1,108424946
1770789589.48019099,108524906,0,247,130,-507,5,13,-18,0,0,0,1,108524906
1770789589.48019099,108524906,1,247,130,-507,5,13,-18,0,0,0,1,108524906
1770789589.48019099,108524906,2,247,130,-507,5,13,-18,0,0,0,1,108524906
1770789589.58015108,108624866,0,247,130,-507,5,13,-18,0,0,0,1,108624866
1770789589.58015108,108624866,1,247,130,-507,5,13,-18,0,0,0,1,108624866
1770789589.58015108,108624866,2,247,130,-507,5,13,-18,0,0,0,1,108624866
1770789589.68011117,108724826,0,247,131,-507,5,13,-18,0,0,0,1,108724826
1770789589.68011117,108724826,1,247,131,-507,5,13,-18,0,0,0,1,108724826
1770789589.68011117,108724826,2,247,131,-507,5,13,-18,0,0,0,1,108724826
1770789589.78007102,108824786,0,246,131,-507,5,13,-18,0,0,0,1,108824786
1770789589.78007102,108824786,1,246,131,-507,5,13,-18,0,0,0,1,108824786
1770789589.78007102,108824786,2,246,131,-507,5,13,-18,0,0,0,1,108824786
1770789589.88003111,108924746,0,246,132,-507,5,13,-18,0,0,0,1,108924746
1770789589.88003111,108924746,1,246,132,-507,5,13,-18,0,0,0,1,108924746
1770789589.88003111,108924746,2,246,132,-507,5,13,-18,0,0,0,1,108924746
1770789589.97999096,109024706,0,246,133,-508,5,13,-18,0,0,0,1,109024706
1770789589.97999096,109024706,1,246,133,-508,5,13,-18,0,0,0,1,109024706
1770789589.97999096,109024706,2,246,133,-508,5,13,-18,0,0,0,1,109024706
1770789590.07995105,109124666,0,245,133,-508,5,13,-18,0,0,0,1,109124666
1770789590.07995105,109124666,1,245,133,-508,5,13,-18,0,0,0,1,109124666
1770789590.07995105,109124666,2,245,133,-508,5,13,-18,0,0,0,1,109124666
1770789590.17991114,109224626,0,246,132,-508,5,13,-18,0,0,0,1,109224626
1770789590.17991114,109224626,1,246,132,-508,5,13,-18,0,0,0,1,109224626
1770789590.17991114,109224626,2,246,132,-508,5,13,-18,0,0,0,1,109224626
1770789590.27987099,109324586,0,246,132,-508,5,13,-18,0,0,0,1,109324586
1770789590.27987099,109324586,1,246,132,-508,5,13,-18,0,0,0,1,109324586
1770789590.27987099,109324586,2,246,132,-508,5,13,-18,0,0,0,1,109324586
1770789590.37983108,109424546,0,246,132,-507,5,13,-18,0,0,0,1,109424546
1770789590.37983108,109424546,1,246,132,-507,5,13,-18,0,0,0,1,109424546
1770789590.37983108,109424546,2,246,132,-507,5,13,-18,0,0,0,1,109424546
1770789590.47979116,109524506,0,246,133,-507,5,13,-18,0,0,0,1,109524506
1770789590.47979116,109524506,1,246,133,-507,5,13,-18,0,0,0,1,109524506
1770789590.47979116,109524506,2,246,133,-507,5,13,-18,0,0,0,1,109524506
1770789590.57975101,109624466,0,245,133,-508,5,13,-18,0,0,0,1,109624466
1770789590.57975101,109624466,1,245,133,-508,5,13,-18,0,0,0,1,109624466
1770789590.57975101,109624466,2,245,133,-508,5,13,-18,0,0,0,1,109624466
1770789590.67971110,109724426,0,244,133,-508,5,13,-18,0,0,0,1,109724426
1770789590.67971110,109724426,1,244,133,-508,5,13,-18,0,0,0,1,109724426
1770789590.67971110,109724426,2,244,133,-508,5,13,-18,0,0,0,1,109724426
1770789590.77967095,109824386,0,244,133,-508,5,13,-18,0,0,0,1,109824386
1770789590.77967095,109824386,1,244,133,-508,5,13,-18,0,0,0,1,109824386
1770789590.77967095,109824386,2,244,133,-508,5,13,-18,0,0,0,1,109824386
1770789590.87963104,109924346,0,243,133,-509,5,13,-18,0,0,0,1,109924346
1770789590.87963104,109924346,1,243,133,-509,5,13,-18,0,0,0,1,109924346
1770789590.87963104,109924346,2,243,133,-509,5,13,-18,0,0,0,1,109924346
1770789590.98042417,110025139,0,243,132,-509,5,13,-18,0,0,0,1,110025139
1770789590.98042417,110025139,1,243,132,-509,5,13,-18,0,0,0,1,110025139
1770789590.98042417,110025139,2,243,132,-509,5,13,-18,0,0,0,1,110025139
1770789591.08038402,110125099,0,242,132,-509,5,13,-18,0,0,0,1,110125099
1770789591.08038402,110125099,1,242,132,-509,5,13,-18,0,0,0,1,110125099
1770789591.08038402,110125099,2,242,132,-509,5,13,-18,0,0,0,1,110125099
1770789591.18034410,110225059,0,242,132,-509,5,13,-18,0,0,0,1,110225059
1770789591.18034410,110225059,1,242,132,-509,5,13,-18,0,0,0,1,110225059
1770789591.18034410,110225059,2,242,132,-509,5,13,-18,0,0,0,1,110225059
1770789591.28030396,110325019,0,242,132,-509,5,13,-18,0,0,0,1,110325019
1770789591.28030396,110325019,1,242,132,-509,5,13,-18,0,0,0,1,110325019
1770789591.28030396,110325019,2,242,132,-509,5,13,-18,0,0,0,1,110325019
1770789591.38026404,110424979,0,243,132,-509,5,13,-18,0,0,0,1,110424979
1770789591.38026404,110424979,1,243,132,-509,5,13,-18,0,0,0,1,110424979
1770789591.38026404,110424979,2,243,132,-509,5,13,-18,0,0,0,1,110424979
1770789591.48022413,110524939,0,244,132,-508,5,13,-18,0,0,0,1,110524939
1770789591.48022413,110524939,1,244,132,-508,5,13,-18,0,0,0,1,110524939
1770789591.48022413,110524939,2,244,132,-508,5,13,-18,0,0,0,1,110524939
1770789591.58018398,110624899,0,244,133,-508,5,13,-18,0,0,0,1,110624899
1770789591.58018398,110624899,1,244,133,-508,5,13,-18,0,0,0,1,110624899
1770789591.58018398,110624899,2,244,133,-508,5,13,-18,0,0,0,1,110624899
1770789591.68014407,110724859,0,243,133,-508,5,13,-18,0,0,0,1,110724859
1770789591.68014407,110724859,1,243,133,-508,5,13,-18,0,0,0,1,110724859
1770789591.68014407,110724859,2,243,133,-508,5,13,-18,0,0,0,1,110724859
1770789591.78010416,110824819,0,244,133,-508,5,13,-18,0,0,0,1,110824819
1770789591.78010416,110824819,1,244,133,-508,5,13,-18,0,0,0,1,110824819
1770789591.78010416,110824819,2,244,133,-508,5,13,-18,0,0,0,1,110824819
1770789591.88006401,110924779,0,243,133,-509,5,13,-18,0,0,0,1,110924779
1770789591.88006401,110924779,1,243,133,-509,5,13,-18,0,0,0,1,110924779
1770789591.88006401,110924779,2,243,133,-509,5,13,-18,0,0,0,1,110924779
1770789591.98002410,111024739,0,243,133,-508,5,13,-18,0,0,0,1,111024739
1770789591.98002410,111024739,1,243,133,-508,5,13,-18,0,0,0,1,111024739
1770789591.98002410,111024739,2,243,133,-508,5,13,-18,0,0,0,1,111024739
1770789592.07998419,111124699,0,244,133,-508,5,13,-18,0,0,0,1,111124699
1770789592.07998419,111124699,1,244,133,-508,5,13,-18,0,0,0,1,111124699
1770789592.07998419,111124699,2,244,133,-508,5,13,-18,0,0,0,1,111124699
1770789592.17994404,111224659,0,244,133,-508,5,13,-18,0,0,0,1,111224659
1770789592.17994404,111224659,1,244,133,-508,5,13,-18,0,0,0,1,111224659
1770789592.17994404,111224659,2,244,133,-508,5,13,-18,0,0,0,1,111224659
1770789592.27990413,111324619,0,244,133,-508,5,13,-18,0,0,0,1,111324619
1770789592.27990413,111324619,1,244,133,-508,5,13,-18,0,0,0,1,111324619
1770789592.27990413,111324619,2,244,133,-508,5,13,-18,0,0,0,1,111324619
1770789592.37986398,111424579,0,244,133,-508,5,13,-18,0,0,0,1,111424579
1770789592.37986398,111424579,1,244,133,-508,5,13,-18,0,0,0,1,111424579
1770789592.37986398,111424579,2,244,133,-508,5,13,-18,0,0,0,1,111424579
1770789592.47982407,111524539,0,244,134,-508,5,13,-18,0,0,0,1,111524539
1770789592.47982407,111524539,1,244,134,-508,5,13,-18,0,0,0,1,111524539
1770789592.47982407,111524539,2,244,134,-508,5,13,-18,0,0,0,1,111524539
1770789592.57978415,111624499,0,244,133,-508,5,13,-18,0,0,0,1,111624499
1770789592.57978415,111624499,1,244,133,-508,5,13,-18,0,0,0,1,111624499
1770789592.57978415,111624499,2,244,133,-508,5,13,-18,0,0,0,1,111624499
1770789592.67974401,111724459,0,244,133,-509,5,13,-18,0,0,0,1,111724459
1770789592.67974401,111724459,1,244,133,-509,5,13,-18,0,0,0,1,111724459
1770789592.67974401,111724459,2,244,133,-509,5,13,-18,0,0,0,1,111724459
1770789592.77970409,111824419,0,243,132,-509,5,13,-18,0,0,0,1,111824419
1770789592.77970409,111824419,1,243,132,-509,5,13,-18,0,0,0,1,111824419
1770789592.77970409,111824419,2,243,132,-509,5,13,-18,0,0,0,1,111824419
1770789592.87966418,111924379,0,242,132,-510,5,13,-18,0,0,0,1,111924379
1770789592.87966418,111924379,1,242,132,-510,5,13,-18,0,0,0,1,111924379
1770789592.87966418,111924379,2,242,132,-510,5,13,-18,0,0,0,1,111924379
1770789592.97962403,112024339,0,242,132,-510,5,13,-18,0,0,0,1,112024339
1770789592.97962403,112024339,1,242,132,-510,5,13,-18,0,0,0,1,112024339
1770789592.97962403,112024339,2,242,132,-510,5,13,-18,0,0,0,1,112024339
1770789593.08041716,112125132,0,242,132,-510,5,13,-18,0,0,0,1,112125132
1770789593.08041716,112125132,1,242,132,-510,5,13,-18,0,0,0,1,112125132
1770789593.08041716,112125132,2,242,132,-510,5,13,-18,0,0,0,1,112125132
1770789593.18037701,112225092,0,242,133,-509,5,13,-18,0,0,0,1,112225092
1770789593.18037701,112225092,1,242,133,-509,5,13,-18,0,0,0,1,112225092
1770789593.18037701,112225092,2,242,133,-509,5,13,-18,0,0,0,1,112225092
1770789593.28033710,112325052,0,242,133,-509,5,13,-18,0,0,0,1,112325052
1770789593.28033710,112325052,1,242,133,-509,5,13,-18,0,0,0,1,112325052
1770789593.28033710,112325052,2,242,133,-509,5,13,-18,0,0,0,1,112325052
1770789593.38029718,112425012,0,242,134,-509,5,13,-18,0,0,0,1,112425012
1770789593.38029718,112425012,1,242,134,-509,5,13,-18,0,0,0,1,112425012
1770789593.38029718,112425012,2,242,134,-509,5,13,-18,0,0,0,1,112425012
1770789593.48025703,112524972,0,242,134,-509,5,13,-18,0,0,0,1,112524972
1770789593.48025703,112524972,1,242,134,-509,5,13,-18,0,0,0,1,112524972
1770789593.48025703,112524972,2,242,134,-509,5,13,-18,0,0,0,1,112524972
1770789593.58021712,112624932,0,242,134,-509,5,13,-18,0,0,0,1,112624932
1770789593.58021712,112624932,1,242,134,-509,5,13,-18,0,0,0,1,112624932
1770789593.58021712,112624932,2,242,134,-509,5,13,-18,0,0,0,1,112624932
1770789593.68017697,112724892,0,242,134,-509,5,13,-18,0,0,0,1,112724892
1770789593.68017697,112724892,1,242,134,-509,5,13,-18,0,0,0,1,112724892
1770789593.68017697,112724892,2,242,134,-509,5,13,-18,0,0,0,1,112724892
1770789593.78013706,112824852,0,242,134,-509,5,13,-18,0,0,0,1,112824852
1770789593.78013706,112824852,1,242,134,-509,5,13,-18,0,0,0,1,112824852
1770789593.78013706,112824852,2,242,134,-509,5,13,-18,0,0,0,1,112824852
1770789593.88009715,112924812,0,243,134,-508,5,13,-18,0,0,0,1,112924812
1770789593.88009715,112924812,1,243,134,-508,5,13,-18,0,0,0,1,112924812
1770789593.88009715,112924812,2,243,134,-508,5,13,-18,0,0,0,1,112924812
1770789593.98005700,113024772,0,243,134,-508,5,13,-18,0,0,0,1,113024772
1770789593.98005700,113024772,1,243,134,-508,5,13,-18,0,0,0,1,113024772
1770789593.98005700,113024772,2,243,134,-508,5,13,-18,0,0,0,1,113024772
1770789594.08001709,113124732,0,243,134,-508,5,13,-18,0,0,0,1,113124732
1770789594.08001709,113124732,1,243,134,-508,5,13,-18,0,0,0,1,113124732
1770789594.08001709,113124732,2,243,134,-508,5,13,-18,0,0,0,1,113124732
1770789594.17997718,113224692,0,243,134,-508,5,13,-18,0,0,0,1,113224692
1770789594.17997718,113224692,1,243,134,-508,5,13,-18,0,0,0,1,113224692
1770789594.17997718,113224692,2,243,134,-508,5,13,-18,0,0,0,1,113224692
1770789594.27993703,113324652,0,243,134,-508,5,13,-18,0,0,0,1,113324652
1770789594.27993703,113324652,1,243,134,-508,5,13,-18,0,0,0,1,113324652
1770789594.27993703,113324652,2,243,134,-508,5,13,-18,0,0,0,1,113324652
1770789594.37989712,113424612,0,243,133,-509,5,13,-18,0,0,0,1,113424612
1770789594.37989712,113424612,1,243,133,-509,5,13,-18,0,0,0,1,113424612
1770789594.37989712,113424612,2,243,133,-509,5,13,-18,0,0,0,1,113424612
1770789594.47985697,113524572,0,243,133,-509,5,13,-18,0,0,0,1,113524572
1770789594.47985697,113524572,1,243,133,-509,5,13,-18,0,0,0,1,113524572
1770789594.47985697,113524572,2,243,133,-509,5,13,-18,0,0,0,1,113524572
1770789594.57981706,113624532,0,243,133,-509,5,13,-18,0,0,0,1,113624532
1770789594.57981706,113624532,1,243,133,-509,5,13,-18,0,0,0,1,113624532
1770789594.57981706,113624532,2,243,133,-509,5,13,-18,0,0,0,1,113624532
1770789594.67977715,113724492,0,243,133,-509,5,13,-18,0,0,0,1,113724492
1770789594.67977715,113724492,1,243,133,-509,5,13,-18,0,0,0,1,113724492
1770789594.67977715,113724492,2,243,133,-509,5,13,-18,0,0,0,1,113724492
1770789594.77973700,113824452,0,243,133,-509,5,13,-18,0,0,0,1,113824452
1770789594.77973700,113824452,1,243,133,-509,5,13,-18,0,0,0,1,113824452
1770789594.77973700,113824452,2,243,133,-509,5,13,-18,0,0,0,1,113824452
1770789594.87969708,113924412,0,243,132,-509,5,13,-18,0,0,0,1,113924412
1770789594.87969708,113924412,1,243,132,-509,5,13,-18,0,0,0,1,113924412
1770789594.87969708,113924412,2,243,132,-509,5,13,-18,0,0,0,1,113924412
1770789594.97965717,114024372,0,243,132,-509,5,13,-18,0,0,0,1,114024372
1770789594.97965717,114024372,1,243,132,-509,5,13,-18,0,0,0,1,114024372
1770789594.97965717,114024372,2,243,132,-509,5,13,-18,0,0,0,1,114024372
1770789595.07961702,114124332,0,243,132,-509,5,13,-18,0,0,0,1,114124332
1770789595.07961702,114124332,1,243,132,-509,5,13,-18,0,0,0,1,114124332
1770789595.07961702,114124332,2,243,132,-509,5,13,-18,0,0,0,1,114124332
1770789595.18041015,114225125,0,242,133,-509,5,13,-18,0,0,0,1,114225125
1770789595.18041015,114225125,1,242,133,-509,5,13,-18,0,0,0,1,114225125
1770789595.18041015,114225125,2,242,133,-509,5,13,-18,0,0,0,1,114225125
1770789595.28037000,114325085,0,242,133,-509,5,13,-18,0,0,0,1,114325085
1770789595.28037000,114325085,1,242,133,-509,5,13,-18,0,0,0,1,114325085
1770789595.28037000,114325085,2,242,133,-509,5,13,-18,0,0,0,1,114325085
1770789595.38033009,114425045,0,242,133,-509,5,13,-18,0,0,0,1,114425045
1770789595.38033009,114425045,1,242,133,-509,5,13,-18,0,0,0,1,114425045
1770789595.38033009,114425045,2,242,133,-509,5,13,-18,0,0,0,1,114425045
1770789595.48029017,114525005,0,242,133,-509,5,13,-18,0,0,0,1,114525005
1770789595.48029017,114525005,1,242,133,-509,5,13,-18,0,0,0,1,114525005
1770789595.48029017,114525005,2,242,133,-509,5,13,-18,0,0,0,1,114525005
1770789595.58025002,114624965,0,242,134,-509,5,13,-18,0,0,0,1,114624965
1770789595.58025002,114624965,1,242,134,-509,5,13,-18,0,0,0,1,114624965
1770789595.58025002,114624965,2,242,134,-509,5,13,-18,0,0,0,1,114624965
1770789595.68021011,114724925,0,242,134,-509,5,13,-18,0,0,0,1,114724925
1770789595.68021011,114724925,1,242,134,-509,5,13,-18,0,0,0,1,114724925
1770789595.68021011,114724925,2,242,134,-509,5,13,-18,0,0,0,1,114724925
1770789595.78016996,114824885,0,242,134,-509,5,13,-18,0,0,0,1,114824885
1770789595.78016996,114824885,1,242,134,-509,5,13,-18,0,0,0,1,114824885
1770789595.78016996,114824885,2,242,134,-509,5,13,-18,0,0,0,1,114824885
1770789595.88013005,114924845,0,242,134,-509,5,13,-18,0,0,0,1,114924845
1770789595.88013005,114924845,1,242,134,-509,5,13,-18,0,0,0,1,114924845
1770789595.88013005,114924845,2,242,134,-509,5,13,-18,0,0,0,1,114924845
1770789595.98009014,115024805,0,242,133,-509,5,13,-18,0,0,0,1,115024805
1770789595.98009014,115024805,1,242,133,-509,5,13,-18,0,0,0,1,115024805
1770789595.98009014,115024805,2,242,133,-509,5,13,-18,0,0,0,1,115024805
1770789596.08004999,115124765,0,243,133,-509,5,13,-18,0,0,0,1,115124765
1770789596.08004999,115124765,1,243,133,-509,5,13,-18,0,0,0,1,115124765
1770789596.08004999,115124765,2,243,133,-509,5,13,-18,0,0,0,1,115124765
1770789596.18001008,115224725,0,243,134,-509,5,13,-18,0,0,0,1,115224725
1770789596.18001008,115224725,1,243,134,-509,5,13,-18,0,0,0,1,115224725
1770789596.18001008,115224725,2,243,134,-509,5,13,-18,0,0,0,1,115224725
1770789596.27997017,115324685,0,243,134,-509,5,13,-18,0,0,0,1,115324685
1770789596.27997017,115324685,1,243,134,-509,5,13,-18,0,0,0,1,115324685
1770789596.27997017,115324685,2,243,134,-509,5,13,-18,0,0,0,1,115324685
1770789596.37993002,115424645,0,242,134,-509,5,13,-18,0,0,0,1,115424645
1770789596.37993002,115424645,1,242,134,-509,5,13,-18,0,0,0,1,115424645
1770789596.37993002,115424645,2,242,134,-509,5,13,-18,0,0,0,1,115424645
1770789596.47989011,115524605,0,242,134,-509,5,13,-18,0,0,0,1,115524605
1770789596.47989011,115524605,1,242,134,-509,5,13,-18,0,0,0,1,115524605
1770789596.47989011,115524605,2,242,134,-509,5,13,-18,0,0,0,1,115524605
1770789596.57984996,115624565,0,243,134,-508,5,13,-18,0,0,0,1,115624565
1770789596.57984996,115624565,1,243,134,-508,5,13,-18,0,0,0,1,115624565
1770789596.57984996,115624565,2,243,134,-508,5,13,-18,0,0,0,1,115624565
1770789596.67981005,115724525,0,243,134,-508,5,13,-18,0,0,0,1,115724525
1770789596.67981005,115724525,1,243,134,-508,5,13,-18,0,0,0,1,115724525
1770789596.67981005,115724525,2,243,134,-508,5,13,-18,0,0,0,1,115724525
1770789596.77977014,115824485,0,243,133,-509,5,13,-18,0,0,0,1,115824485
1770789596.77977014,115824485,1,243,133,-509,5,13,-18,0,0,0,1,115824485
1770789596.77977014,115824485,2,243,133,-509,5,13,-18,0,0,0,1,115824485
1770789596.87972999,115924445,0,243,133,-509,5,13,-18,0,0,0,1,115924445
1770789596.87972999,115924445,1,243,133,-509,5,13,-18,0,0,0,1,115924445
1770789596.87972999,115924445,2,243,133,-509,5,13,-18,0,0,0,1,115924445
1770789596.97969007,116024405,0,243,133,-509,5,13,-18,0,0,0,1,116024405
1770789596.97969007,116024405,1,243,133,-509,5,13,-18,0,0,0,1,116024405
1770789596.97969007,116024405,2,243,133,-509,5,13,-18,0,0,0,1,116024405
1770789597.07965016,116124365,0,243,133,-508,5,13,-18,0,0,0,1,116124365
1770789597.07965016,116124365,1,243,133,-508,5,13,-18,0,0,0,1,116124365
1770789597.07965016,116124365,2,243,133,-508,5,13,-18,0,0,0,1,116124365
1770789597.17961001,116224325,0,244,132,-509,5,13,-18,0,0,0,1,116224325
1770789597.17961001,116224325,1,244,132,-509,5,13,-18,0,0,0,1,116224325
1770789597.17961001,116224325,2,244,132,-509,5,13,-18,0,0,0,1,116224325
1770789597.28040314,116325118,0,247,130,-508,5,13,-18,0,0,0,1,116325118
1770789597.28040314,116325118,1,247,130,-508,5,13,-18,0,0,0,1,116325118
1770789597.28040314,116325118,2,247,130,-508,5,13,-18,0,0,0,1,116325118
1770789597.38036299,116425078,0,252,124,-506,5,13,-18,0,0,0,1,116425078
1770789597.38036299,116425078,1,252,124,-506,5,13,-18,0,0,0,1,116425078
1770789597.38036299,116425078,2,252,124,-506,5,13,-18,0,0,0,1,116425078
1770789597.48032308,116525038,0,256,116,-506,5,13,-18,0,0,0,1,116525038
1770789597.48032308,116525038,1,256,116,-506,5,13,-18,0,0,0,1,116525038
1770789597.48032308,116525038,2,256,116,-506,5,13,-18,0,0,0,1,116525038
1770789597.58028316,116624998,0,260,106,-506,5,13,-18,0,0,0,1,116624998
1770789597.58028316,116624998,1,260,106,-506,5,13,-18,0,0,0,1,116624998
1770789597.58028316,116624998,2,260,106,-506,5,13,-18,0,0,0,1,116624998
1770789597.68024302,116724958,0,263,96,-507,5,13,-18,0,0,0,1,116724958
1770789597.68024302,116724958,1,263,96,-507,5,13,-18,0,0,0,1,116724958
1770789597.68024302,116724958,2,263,96,-507,5,13,-18,0,0,0,1,116724958
1770789597.78020310,116824918,0,265,85,-508,5,13,-18,0,0,0,1,116824918
1770789597.78020310,116824918,1,265,85,-508,5,13,-18,0,0,0,1,116824918
1770789597.78020310,116824918,2,265,85,-508,5,13,-18,0,0,0,1,116824918
1770789597.88016295,116924878,0,267,76,-509,5,13,-18,0,0,0,1,116924878
1770789597.88016295,116924878,1,267,76,-509,5,13,-18,0,0,0,1,116924878
1770789597.88016295,116924878,2,267,76,-509,5,13,-18,0,0,0,1,116924878
1770789597.98012304,117024838,0,268,69,-509,5,13,-18,0,0,0,1,117024838
1770789597.98012304,117024838,1,268,69,-509,5,13,-18,0,0,0,1,117024838
1770789597.98012304,117024838,2,268,69,-509,5,13,-18,0,0,0,1,117024838
1770789598.08008313,117124798,0,269,64,-509,5,13,-18,0,0,0,1,117124798
1770789598.08008313,117124798,1,269,64,-509,5,13,-18,0,0,0,1,117124798
1770789598.08008313,117124798,2,269,64,-509,5,13,-18,0,0,0,1,117124798
1770789598.18004298,117224758,0,270,59,-509,5,13,-18,0,0,0,1,117224758
1770789598.18004298,117224758,1,270,59,-509,5,13,-18,0,0,0,1,117224758
1770789598.18004298,117224758,2,270,59,-509,5,13,-18,0,0,0,1,117224758
1770789598.28000307,117324718,0,271,56,-509,5,13,-18,0,0,0,1,117324718
1770789598.28000307,117324718,1,271,56,-509,5,13,-18,0,0,0,1,117324718
1770789598.28000307,117324718,2,271,56,-509,5,13,-18,0,0,0,1,117324718
1770789598.37996316,117424678,0,273,52,-508,5,13,-18,0,0,0,1,117424678
1770789598.37996316,117424678,1,273,52,-508,5,13,-18,0,0,0,1,117424678
1770789598.37996316,117424678,2,273,52,-508,5,13,-18,0,0,0,1,117424678
1770789598.47992301,117524638,0,273,49,-508,5,13,-18,0,0,0,1,117524638
1770789598.47992301,117524638,1,273,49,-508,5,13,-18,0,0,0,1,117524638
1770789598.47992301,117524638,2,273,49,-508,5,13,-18,0,0,0,1,117524638
1770789598.57988310,117624598,0,275,46,-508,5,13,-18,0,0,0,1,117624598
1770789598.57988310,117624598,1,275,46,-508,5,13,-18,0,0,0,1,117624598
1770789598.57988310,117624598,2,275,46,-508,5,13,-18,0,0,0,1,117624598
1770789598.67984319,117724558,0,277,44,-507,5,13,-18,0,0,0,1,117724558
1770789598.67984319,117724558,1,277,44,-507,5,13,-18,0,0,0,1,117724558
1770789598.67984319,117724558,2,277,44,-507,5,13,-18,0,0,0,1,117724558
1770789598.77980304,117824518,0,278,42,-506,5,13,-18,0,0,0,1,117824518
1770789598.77980304,117824518,1,278,42,-506,5,13,-18,0,0,0,1,117824518
1770789598.77980304,117824518,2,278,42,-506,5,13,-18,0,0,0,1,117824518
1770789598.87976313,117924478,0,278,40,-507,5,13,-18,0,0,0,1,117924478
1770789598.87976313,117924478,1,278,40,-507,5,13,-18,0,0,0,1,117924478
1770789598.87976313,117924478,2,278,40,-507,5,13,-18,0,0,0,1,117924478
1770789598.97972298,118024438,0,278,38,-507,5,13,-18,0,0,0,1,118024438
1770789598.97972298,118024438,1,278,38,-507,5,13,-18,0,0,0,1,118024438
1770789598.97972298,118024438,2,278,38,-507,5,13,-18,0,0,0,1,118024438
1770789599.07968307,118124398,0,278,36,-507,5,13,-18,0,0,0,1,118124398
1770789599.07968307,118124398,1,278,36,-507,5,13,-18,0,0,0,1,118124398
1770789599.07968307,118124398,2,278,36,-507,5,13,-18,0,0,0,1,118124398
1770789599.17964315,118224358,0,277,35,-508,5,13,-18,0,0,0,1,118224358
1770789599.17964315,118224358,1,277,35,-508,5,13,-18,0,0,0,1,118224358
1770789599.17964315,118224358,2,277,35,-508,5,13,-18,0,0,0,1,118224358
1770789599.27960300,118324318,0,277,33,-507,5,13,-18,0,0,0,1,118324318
1770789599.27960300,118324318,1,277,33,-507,5,13,-18,0,0,0,1,118324318
1770789599.27960300,118324318,2,277,33,-507,5,13,-18,0,0,0,1,118324318
1770789599.38039613,118425111,0,278,31,-507,5,13,-18,0,0,0,1,118425111
1770789599.38039613,118425111,1,278,31,-507,5,13,-18,0,0,0,1,118425111
1770789599.38039613,118425111,2,278,31,-507,5,13,-18,0,0,0,1,118425111
1770789599.48035598,118525071,0,279,30,-507,5,13,-18,0,0,0,1,118525071
1770789599.48035598,118525071,1,279,30,-507,5,13,-18,0,0,0,1,118525071
1770789599.48035598,118525071,2,279,30,-507,5,13,-18,0,0,0,1,118525071
1770789599.58031607,118625031,0,280,29,-506,5,13,-18,0,0,0,1,118625031
1770789599.58031607,118625031,1,280,29,-506,5,13,-18,0,0,0,1,118625031
1770789599.58031607,118625031,2,280,29,-506,5,13,-18,0,0,0,1,118625031
1770789599.68027616,118724991,0,281,29,-506,5,13,-18,0,0,0,1,118724991
1770789599.68027616,118724991,1,281,29,-506,5,13,-18,0,0,0,1,118724991
1770789599.68027616,118724991,2,281,29,-506,5,13,-18,0,0,0,1,118724991
1770789599.78023601,118824951,0,281,28,-506,5,13,-18,0,0,0,1,118824951
1770789599.78023601,118824951,1,281,28,-506,5,13,-18,0,0,0,1,118824951
1770789599.78023601,118824951,2,281,28,-506,5,13,-18,0,0,0,1,118824951
1770789599.88019609,118924911,0,281,27,-506,5,13,-18,0,0,0,1,118924911
1770789599.88019609,118924911,1,281,27,-506,5,13,-18,0,0,0,1,118924911
1770789599.88019609,118924911,2,281,27,-506,5,13,-18,0,0,0,1,118924911
1770789599.98015618,119024871,0,281,27,-506,5,13,-18,0,0,0,1,119024871
1770789599.98015618,119024871,1,281,27,-506,5,13,-18,0,0,0,1,119024871
1770789599.98015618,119024871,2,281,27,-506,5,13,-18,0,0,0,1,119024871
1770789600.08011603,119124831,0,280,26,-506,5,13,-18,0,0,0,1,119124831
1770789600.08011603,119124831,1,280,26,-506,5,13,-18,0,0,0,1,119124831
1770789600.08011603,119124831,2,280,26,-506,5,13,-18,0,0,0,1,119124831
1770789600.18007612,119224791,0,280,25,-507,5,13,-18,0,0,0,1,119224791
1770789600.18007612,119224791,1,280,25,-507,5,13,-18,0,0,0,1,119224791
1770789600.18007612,119224791,2,280,25,-507,5,13,-18,0,0,0,1,119224791
1770789600.28003597,119324751,0,280,26,-506,5,13,-18,0,0,0,1,119324751
1770789600.28003597,119324751,1,280,26,-506,5,13,-18,0,0,0,1,119324751
1770789600.28003597,119324751,2,280,26,-506,5,13,-18,0,0,0,1,119324751
1770789600.37999606,119424711,0,281,26,-506,5,13,-18,0,0,0,1,119424711
1770789600.37999606,119424711,1,281,26,-506,5,13,-18,0,0,0,1,119424711
1770789600.37999606,119424711,2,281,26,-506,5,13,-18,0,0,0,1,119424711
1770789600.47995615,119524671,0,281,26,-506,5,13,-18,0,0,0,1,119524671
1770789600.47995615,119524671,1,281,26,-506,5,13,-18,0,0,0,1,119524671
1770789600.47995615,119524671,2,281,26,-506,5,13,-18,0,0,0,1,119524671
1770789600.57991600,119624631,0,282,27,-505,5,13,-18,0,0,0,1,119624631
1770789600.57991600,119624631,1,282,27,-505,5,13,-18,0,0,0,1,119624631
1770789600.57991600,119624631,2,282,27,-505,5,13,-18,0,0,0,1,119624631
1770789600.67987609,119724591,0,282,27,-505,5,13,-18,0,0,0,1,119724591
1770789600.67987609,119724591,1,282,27,-505,5,13,-18,0,0,0,1,119724591
1770789600.67987609,119724591,2,282,27,-505,5,13,-18,0,0,0,1,119724591
1770789600.77983618,119824551,0,282,26,-505,5,13,-18,0,0,0,1,119824551
1770789600.77983618,119824551,1,282,26,-505,5,13,-18,0,0,0,1,119824551
1770789600.77983618,119824551,2,282,26,-505,5,13,-18,0,0,0,1,119824551
1770789600.87979603,119924511,0,282,25,-506,5,13,-18,0,0,0,1,119924511
1770789600.87979603,119924511,1,282,25,-506,5,13,-18,0,0,0,1,119924511
1770789600.87979603,119924511,2,282,25,-506,5,13,-18,0,0,0,1,119924511
1770789600.97975612,120024471,0,281,25,-506,5,13,-18,0,0,0,1,120024471
1770789600.97975612,120024471,1,281,25,-506,5,13,-18,0,0,0,1,120024471
1770789600.97975612,120024471,2,281,25,-506,5,13,-18,0,0,0,1,120024471
1770789601.07971597,120124431,0,281,25,-506,5,13,-18,0,0,0,1,120124431
1770789601.07971597,120124431,1,281,25,-506,5,13,-18,0,0,0,1,120124431
1770789601.07971597,120124431,2,281,25,-506,5,13,-18,0,0,0,1,120124431
1770789601.17967606,120224391,0,281,26,-506,5,13,-18,0,0,0,1,120224391
1770789601.17967606,120224391,1,281,26,-506,5,13,-18,0,0,0,1,120224391
1770789601.17967606,120224391,2,281,26,-506,5,13,-18,0,0,0,1,120224391
1770789601.27963614,120324351,0,281,26,-506,5,13,-18,0,0,0,1,120324351
1770789601.27963614,120324351,1,281,26,-506,5,13,-18,0,0,0,1,120324351
1770789601.27963614,120324351,2,281,26,-506,5,13,-18,0,0,0,1,120324351
1770789601.37959599,120424311,0,281,26,-506,5,13,-18,0,0,0,1,120424311
1770789601.37959599,120424311,1,281,26,-506,5,13,-18,0,0,0,1,120424311
1770789601.37959599,120424311,2,281,26,-506,5,13,-18,0,0,0,1,120424311
1770789601.48038912,120525104,0,280,26,-506,5,13,-18,0,0,0,1,120525104
1770789601.48038912,120525104,1,280,26,-506,5,13,-18,0,0,0,1,120525104
1770789601.48038912,120525104,2,280,26,-506,5,13,-18,0,0,0,1,120525104
1770789601.58034897,120625064,0,280,27,-506,5,13,-18,0,0,0,1,120625064
1770789601.58034897,120625064,1,280,27,-506,5,13,-18,0,0,0,1,120625064
1770789601.58034897,120625064,2,280,27,-506,5,13,-18,0,0,0,1,120625064
1770789601.68030906,120725024,0,280,26,-506,5,13,-18,0,0,0,1,120725024
1770789601.68030906,120725024,1,280,26,-506,5,13,-18,0,0,0,1,120725024
1770789601.68030906,120725024,2,280,26,-506,5,13,-18,0,0,0,1,120725024
1770789601.78026915,120824984,0,281,26,-506,5,13,-18,0,0,0,1,120824984
1770789601.78026915,120824984,1,281,26,-506,5,13,-18,0,0,0,1,120824984
1770789601.78026915,120824984,2,281,26,-506,5,13,-18,0,0,0,1,120824984
1770789601.88022900,120924944,0,281,26,-506,5,13,-18,0,0,0,1,120924944
1770789601.88022900,120924944,1,281,26,-506,5,13,-18,0,0,0,1,120924944
1770789601.88022900,120924944,2,281,26,-506,5,13,-18,0,0,0,1,120924944
1770789601.98018909,121024904,0,281,25,-506,5,13,-18,0,0,0,1,121024904
1770789601.98018909,121024904,1,281,25,-506,5,13,-18,0,0,0,1,121024904
1770789601.98018909,121024904,2,281,25,-506,5,13,-18,0,0,0,1,121024904
1770789602.08014917,121124864,0,282,25,-505,5,13,-18,0,0,0,1,121124864
1770789602.08014917,121124864,1,282,25,-505,5,13,-18,0,0,0,1,121124864
1770789602.08014917,121124864,2,282,25,-505,5,13,-18,0,0,0,1,121124864
1770789602.18010902,121224824,0,282,26,-506,5,13,-18,0,0,0,1,121224824
1770789602.18010902,121224824,1,282,26,-506,5,13,-18,0,0,0,1,121224824
1770789602.18010902,121224824,2,282,26,-506,5,13,-18,0,0,0,1,121224824
1770789602.28006911,121324784,0,281,26,-506,5,13,-18,0,0,0,1,121324784
1770789602.28006911,121324784,1,281,26,-506,5,13,-18,0,0,0,1,121324784
1770789602.28006911,121324784,2,281,26,-506,5,13,-18,0,0,0,1,121324784
1770789602.38002896,121424744,0,281,25,-506,5,13,-18,0,0,0,1,121424744
1770789602.38002896,121424744,1,281,25,-506,5,13,-18,0,0,0,1,121424744
1770789602.38002896,121424744,2,281,25,-506,5,13,-18,0,0,0,1,121424744
1770789602.47998905,121524704,0,281,24,-506,5,13,-18,0,0,0,1,121524704
1770789602.47998905,121524704,1,281,24,-506,5,13,-18,0,0,0,1,121524704
1770789602.47998905,121524704,2,281,24,-506,5,13,-18,0,0,0,1,121524704
1770789602.57994914,121624664,0,281,25,-506,5,13,-18,0,0,0,1,121624664
1770789602.57994914,121624664,1,281,25,-506,5,13,-18,0,0,0,1,121624664
1770789602.57994914,121624664,2,281,25,-506,5,13,-18,0,0,0,1,121624664
1770789602.67990899,121724624,0,281,25,-506,5,13,-18,0,0,0,1,121724624
1770789602.67990899,121724624,1,281,25,-506,5,13,-18,0,0,0,1,121724624
1770789602.67990899,121724624,2,281,25,-506,5,13,-18,0,0,0,1,121724624
1770789602.77986908,121824584,0,282,25,-506,5,13,-18,0,0,0,1,121824584
1770789602.77986908,121824584,1,282,25,-506,5,13,-18,0,0,0,1,121824584
1770789602.77986908,121824584,2,282,25,-506,5,13,-18,0,0,0,1,121824584
1770789602.87982917,121924544,0,282,25,-506,5,13,-18,0,0,0,1,121924544
1770789602.87982917,121924544,1,282,25,-506,5,13,-18,0,0,0,1,121924544
1770789602.87982917,121924544,2,282,25,-506,5,13,-18,0,0,0,1,121924544
1770789602.97978902,122024504,0,282,26,-505,5,13,-18,0,0,0,1,122024504
1770789602.97978902,122024504,1,282,26,-505,5,13,-18,0,0,0,1,122024504
1770789602.97978902,122024504,2,282,26,-505,5,13,-18,0,0,0,1,122024504
1770789603.07974911,122124464,0,282,26,-505,5,13,-18,0,0,0,1,122124464
1770789603.07974911,122124464,1,282,26,-505,5,13,-18,0,0,0,1,122124464
1770789603.07974911,122124464,2,282,26,-505,5,13,-18,0,0,0,1,122124464
1770789603.17970896,122224424,0,282,26,-505,5,13,-18,0,0,0,1,122224424
1770789603.17970896,122224424,1,282,26,-505,5,13,-18,0,0,0,1,122224424
1770789603.17970896,122224424,2,282,26,-505,5,13,-18,0,0,0,1,122224424
1770789603.27966905,122324384,0,281,25,-506,5,13,-18,0,0,0,1,122324384
1770789603.27966905,122324384,1,281,25,-506,5,13,-18,0,0,0,1,122324384
1770789603.27966905,122324384,2,281,25,-506,5,13,-18,0,0,0,1,122324384
1770789603.37962914,122424344,0,280,24,-506,5,13,-18,0,0,0,1,122424344
1770789603.37962914,122424344,1,280,24,-506,5,13,-18,0,0,0,1,122424344
1770789603.37962914,122424344,2,280,24,-506,5,13,-18,0,0,0,1,122424344
1770789603.48042202,122525137,0,281,24,-506,5,13,-18,0,0,0,1,122525137
1770789603.48042202,122525137,1,281,24,-506,5,13,-18,0,0,0,1,122525137
1770789603.48042202,122525137,2,281,24,-506,5,13,-18,0,0,0,1,122525137
1770789603.58038211,122625097,0,281,24,-506,5,13,-18,0,0,0,1,122625097
1770789603.58038211,122625097,1,281,24,-506,5,13,-18,0,0,0,1,122625097
1770789603.58038211,122625097,2,281,24,-506,5,13,-18,0,0,0,1,122625097
1770789603.68034196,122725057,0,282,24,-506,5,13,-18,0,0,0,1,122725057
1770789603.68034196,122725057,1,282,24,-506,5,13,-18,0,0,0,1,122725057
1770789603.68034196,122725057,2,282,24,-506,5,13,-18,0,0,0,1,122725057
1770789603.78030205,122825017,0,282,25,-505,5,13,-18,0,0,0,1,122825017
1770789603.78030205,122825017,1,282,25,-505,5,13,-18,0,0,0,1,122825017
1770789603.78030205,122825017,2,282,25,-505,5,13,-18,0,0,0,1,122825017
1770789603.88026214,122924977,0,282,25,-506,5,13,-18,0,0,0,1,122924977
1770789603.88026214,122924977,1,282,25,-506,5,13,-18,0,0,0,1,122924977
1770789603.88026214,122924977,2,282,25,-506,5,13,-18,0,0,0,1,122924977
1770789603.98022199,123024937,0,281,25,-506,5,13,-18,0,0,0,1,123024937
1770789603.98022199,123024937,1,281,25,-506,5,13,-18,0,0,0,1,123024937
1770789603.98022199,123024937,2,281,25,-506,5,13,-18,0,0,0,1,123024937
1770789604.08018208,123124897,0,281,25,-506,5,13,-18,0,0,0,1,123124897
1770789604.08018208,123124897,1,281,25,-506,5,13,-18,0,0,0,1,123124897
1770789604.08018208,123124897,2,281,25,-506,5,13,-18,0,0,0,1,123124897
1770789604.18014216,123224857,0,281,25,-506,5,13,-18,0,0,0,1,123224857
1770789604.18014216,123224857,1,281,25,-506,5,13,-18,0,0,0,1,123224857
1770789604.18014216,123224857,2,281,25,-506,5,13,-18,0,0,0,1,123224857
1770789604.28010201,123324817,0,281,25,-506,5,13,-18,0,0,0,1,123324817
1770789604.28010201,123324817,1,281,25,-506,5,13,-18,0,0,0,1,123324817
1770789604.28010201,123324817,2,281,25,-506,5,13,-18,0,0,0,1,123324817
1770789604.38006210,123424777,0,281,26,-506,5,13,-18,0,0,0,1,123424777
1770789604.38006210,123424777,1,281,26,-506,5,13,-18,0,0,0,1,123424777
1770789604.38006210,123424777,2,281,26,-506,5,13,-18,0,0,0,1,123424777
1770789604.48002195,123524737,0,281,26,-506,5,13,-18,0,0,0,1,123524737
1770789604.48002195,123524737,1,281,26,-506,5,13,-18,0,0,0,1,123524737
1770789604.48002195,123524737,2,281,26,-506,5,13,-18,0,0,0,1,123524737
1770789604.57998204,123624697,0,282,26,-506,5,13,-18,0,0,0,1,123624697
1770789604.57998204,123624697,1,282,26,-506,5,13,-18,0,0,0,1,123624697
1770789604.57998204,123624697,2,282,26,-506,5,13,-18,0,0,0,1,123624697
1770789604.67994213,123724657,0,282,26,-505,5,13,-18,0,0,0,1,123724657
1770789604.67994213,123724657,1,282,26,-505,5,13,-18,0,0,0,1,123724657
1770789604.67994213,123724657,2,282,26,-505,5,13,-18,0,0,0,1,123724657
1770789604.77990198,123824617,0,282,25,-505,5,13,-18,0,0,0,1,123824617
1770789604.77990198,123824617,1,282,25,-505,5,13,-18,0,0,0,1,123824617
1770789604.77990198,123824617,2,282,25,-505,5,13,-18,0,0,0,1,123824617
1770789604.87986207,123924577,0,282,26,-506,5,13,-18,0,0,0,1,123924577
1770789604.87986207,123924577,1,282,26,-506,5,13,-18,0,0,0,1,123924577
1770789604.87986207,123924577,2,282,26,-506,5,13,-18,0,0,0,1,123924577
1770789604.97982216,124024537,0,282,26,-506,5,13,-18,0,0,0,1,124024537
1770789604.97982216,124024537,1,282,26,-506,5,13,-18,0,0,0,1,124024537
1770789604.97982216,124024537,2,282,26,-506,5,13,-18,0,0,0,1,124024537
1770789605.07978201,124124497,0,282,26,-506,5,13,-18,0,0,0,1,124124497
1770789605.07978201,124124497,1,282,26,-506,5,13,-18,0,0,0,1,124124497
1770789605.07978201,124124497,2,282,26,-506,5,13,-18,0,0,0,1,124124497
1770789605.17974210,124224457,0,281,26,-506,5,13,-18,0,0,0,1,124224457
1770789605.17974210,124224457,1,281,26,-506,5,13,-18,0,0,0,1,124224457
1770789605.17974210,124224457,2,281,26,-506,5,13,-18,0,0,0,1,124224457
1770789605.27970219,124324417,0,280,26,-506,5,13,-18,0,0,0,1,124324417
1770789605.27970219,124324417,1,280,26,-506,5,13,-18,0,0,0,1,124324417
1770789605.27970219,124324417,2,280,26,-506,5,13,-18,0,0,0,1,124324417
1770789605.37966204,124424377,0,280,26,-506,5,13,-18,0,0,0,1,124424377
1770789605.37966204,124424377,1,280,26,-506,5,13,-18,0,0,0,1,124424377
1770789605.37966204,124424377,2,280,26,-506,5,13,-18,0,0,0,1,124424377
1770789605.47962213,124524337,0,280,27,-506,5,13,-18,0,0,0,1,124524337
1770789605.47962213,124524337,1,280,27,-506,5,13,-18,0,0,0,1,124524337
1770789605.47962213,124524337,2,280,27,-506,5,13,-18,0,0,0,1,124524337
1770789605.58041501,124625130,0,280,27,-506,5,13,-18,0,0,0,1,124625130
1770789605.58041501,124625130,1,280,27,-506,5,13,-18,0,0,0,1,124625130
1770789605.58041501,124625130,2,280,27,-506,5,13,-18,0,0,0,1,124625130
1770789605.68037510,124725090,0,281,27,-506,5,13,-18,0,0,0,1,124725090
1770789605.68037510,124725090,1,281,27,-506,5,13,-18,0,0,0,1,124725090
1770789605.68037510,124725090,2,281,27,-506,5,13,-18,0,0,0,1,124725090
1770789605.78033519,124825050,0,281,28,-506,5,13,-18,0,0,0,1,124825050
1770789605.78033519,124825050,1,281,28,-506,5,13,-18,0,0,0,1,124825050
1770789605.78033519,124825050,2,281,28,-506,5,13,-18,0,0,0,1,124825050
1770789605.88029504,124925010,0,281,28,-506,5,13,-18,0,0,0,1,124925010
1770789605.88029504,124925010,1,281,28,-506,5,13,-18,0,0,0,1,124925010
1770789605.88029504,124925010,2,281,28,-506,5,13,-18,0,0,0,1,124925010
1770789605.98025513,125024970,0,281,28,-506,5,13,-18,0,0,0,1,125024970
1770789605.98025513,125024970,1,281,28,-506,5,13,-18,0,0,0,1,125024970
1770789605.98025513,125024970,2,281,28,-506,5,13,-18,0,0,0,1,125024970
1770789606.08021498,125124930,0,281,27,-506,5,13,-18,0,0,0,1,125124930
1770789606.08021498,125124930,1,281,27,-506,5,13,-18,0,0,0,1,125124930
1770789606.08021498,125124930,2,281,27,-506,5,13,-18,0,0,0,1,125124930
1770789606.18017507,125224890,0,281,27,-506,5,13,-18,0,0,0,1,125224890
1770789606.18017507,125224890,1,281,27,-506,5,13,-18,0,0,0,1,125224890
1770789606.18017507,125224890,2,281,27,-506,5,13,-18,0,0,0,1,125224890
1770789606.28013515,125324850,0,282,27,-505,5,13,-18,0,0,0,1,125324850
1770789606.28013515,125324850,1,282,27,-505,5,13,-18,0,0,0,1,125324850
1770789606.28013515,125324850,2,282,27,-505,5,13,-18,0,0,0,1,125324850
1770789606.38009501,125424810,0,282,28,-505,5,13,-18,0,0,0,1,125424810
1770789606.38009501,125424810,1,282,28,-505,5,13,-18,0,0,0,1,125424810
1770789606.38009501,125424810,2,282,28,-505,5,13,-18,0,0,0,1,125424810
1770789606.48005509,125524770,0,282,27,-505,5,13,-18,0,0,0,1,125524770
1770789606.48005509,125524770,1,282,27,-505,5,13,-18,0,0,0,1,125524770
1770789606.48005509,125524770,2,282,27,-505,5,13,-18,0,0,0,1,125524770
1770789606.58001518,125624730,0,282,27,-505,5,13,-18,0,0,0,1,125624730
1770789606.58001518,125624730,1,282,27,-505,5,13,-18,0,0,0,1,125624730
1770789606.58001518,125624730,2,282,27,-505,5,13,-18,0,0,0,1,125624730
1770789606.67997503,125724690,0,282,27,-505,5,13,-18,0,0,0,1,125724690
1770789606.67997503,125724690,1,282,27,-505,5,13,-18,0,0,0,1,125724690
1770789606.67997503,125724690,2,282,27,-505,5,13,-18,0,0,0,1,125724690
1770789606.77993512,125824650,0,282,26,-506,5,13,-18,0,0,0,1,125824650
1770789606.77993512,125824650,1,282,26,-506,5,13,-18,0,0,0,1,125824650
1770789606.77993512,125824650,2,282,26,-506,5,13,-18,0,0,0,1,125824650
1770789606.87989497,125924610,0,281,27,-506,5,13,-18,0,0,0,1,125924610
1770789606.87989497,125924610,1,281,27,-506,5,13,-18,0,0,0,1,125924610
1770789606.87989497,125924610,2,281,27,-506,5,13,-18,0,0,0,1,125924610
1770789606.97985506,126024570,0,281,27,-506,5,13,-18,0,0,0,1,126024570
1770789606.97985506,126024570,1,281,27,-506,5,13,-18,0,0,0,1,126024570
1770789606.97985506,126024570,2,281,27,-506,5,13,-18,0,0,0,1,126024570
1770789607.07981515,126124530,0,281,27,-506,5,13,-18,0,0,0,1,126124530
1770789607.07981515,126124530,1,281,27,-506,5,13,-18,0,0,0,1,126124530
1770789607.07981515,126124530,2,281,27,-506,5,13,-18,0,0,0,1,126124530
1770789607.17977500,126224490,0,280,27,-506,5,13,-18,0,0,0,1,126224490
1770789607.17977500,126224490,1,280,27,-506,5,13,-18,0,0,0,1,126224490
1770789607.17977500,126224490,2,280,27,-506,5,13,-18,0,0,0,1,126224490
1770789607.27973509,126324450,0,280,29,-506,5,13,-18,0,0,0,1,126324450
1770789607.27973509,126324450,1,280,29,-506,5,13,-18,0,0,0,1,126324450
1770789607.27973509,126324450,2,280,29,-506,5,13,-18,0,0,0,1,126324450
1770789607.37969518,126424410,0,279,34,-507,5,13,-18,0,0,0,1,126424410
1770789607.37969518,126424410,1,279,34,-507,5,13,-18,0,0,0,1,126424410
1770789607.37969518,126424410,2,279,34,-507,5,13,-18,0,0,0,1,126424410
1770789607.47965503,126524370,0,278,42,-507,5,13,-18,0,0,0,1,126524370
1770789607.47965503,126524370,1,278,42,-507,5,13,-18,0,0,0,1,126524370
1770789607.47965503,126524370,2,278,42,-507,5,13,-18,0,0,0,1,126524370
1770789607.57961512,126624330,0,276,53,-507,5,13,-18,0,0,0,1,126624330
1770789607.57961512,126624330,1,276,53,-507,5,13,-18,0,0,0,1,126624330
1770789607.57961512,126624330,2,276,53,-507,5,13,-18,0,0,0,1,126624330
1770789607.68040800,126725123,0,273,64,-507,5,13,-18,0,0,0,1,126725123
1770789607.68040800,126725123,1,273,64,-507,5,13,-18,0,0,0,1,126725123
1770789607.68040800,126725123,2,273,64,-507,5,13,-18,0,0,0,1,126725123
1770789607.78036809,126825083,0,270,75,-507,5,13,-18,0,0,0,1,126825083
1770789607.78036809,126825083,1,270,75,-507,5,13,-18,0,0,0,1,126825083
1770789607.78036809,126825083,2,270,75,-507,5,13,-18,0,0,0,1,126825083
1770789607.88032818,126925043,0,267,84,-507,5,13,-18,0,0,0,1,126925043
1770789607.88032818,126925043,1,267,84,-507,5,13,-18,0,0,0,1,126925043
1770789607.88032818,126925043,2,267,84,-507,5,13,-18,0,0,0,1,126925043
1770789607.98028803,127025003,0,265,91,-507,5,13,-18,0,0,0,1,127025003
1770789607.98028803,127025003,1,265,91,-507,5,13,-18,0,0,0,1,127025003
1770789607.98028803,127025003,2,265,91,-507,5,13,-18,0,0,0,1,127025003
1770789608.08024812,127124963,0,263,96,-507,5,13,-18,0,0,0,1,127124963
1770789608.08024812,127124963,1,263,96,-507,5,13,-18,0,0,0,1,127124963
1770789608.08024812,127124963,2,263,96,-507,5,13,-18,0,0,0,1,127124963
1770789608.18020797,127224923,0,261,101,-507,5,13,-18,0,0,0,1,127224923
1770789608.18020797,127224923,1,261,101,-507,5,13,-18,0,0,0,1,127224923
1770789608.18020797,127224923,2,261,101,-507,5,13,-18,0,0,0,1,127224923
1770789608.28016806,127324883,0,259,105,-507,5,13,-18,0,0,0,1,127324883
1770789608.28016806,127324883,1,259,105,-507,5,13,-18,0,0,0,1,127324883
1770789608.28016806,127324883,2,259,105,-507,5,13,-18,0,0,0,1,127324883
1770789608.38012815,127424843,0,257,108,-508,5,13,-18,0,0,0,1,127424843
1770789608.38012815,127424843,1,257,108,-508,5,13,-18,0,0,0,1,127424843
1770789608.38012815,127424843,2,257,108,-508,5,13,-18,0,0,0,1,127424843
1770789608.48008800,127524803,0,256,111,-507,5,13,-18,0,0,0,1,127524803
1770789608.48008800,127524803,1,256,111,-507,5,13,-18,0,0,0,1,127524803
1770789608.48008800,127524803,2,256,111,-507,5,13,-18,0,0,0,1,127524803
1770789608.58004808,127624763,0,256,113,-507,5,13,-18,0,0,0,1,127624763
1770789608.58004808,127624763,1,256,113,-507,5,13,-18,0,0,0,1,127624763
1770789608.58004808,127624763,2,256,113,-507,5,13,-18,0,0,0,1,127624763
1770789608.68000817,127724723,0,256,115,-507,5,13,-18,0,0,0,1,127724723
1770789608.68000817,127724723,1,256,115,-507,5,13,-18,0,0,0,1,127724723
1770789608.68000817,127724723,2,256,115,-507,5,13,-18,0,0,0,1,127724723
1770789608.77996802,127824683,0,255,117,-506,5,13,-18,0,0,0,1,127824683
1770789608.77996802,127824683,1,255,117,-506,5,13,-18,0,0,0,1,127824683
1770789608.77996802,127824683,2,255,117,-506,5,13,-18,0,0,0,1,127824683
1770789608.87992811,127924643,0,255,120,-506,5,13,-18,0,0,0,1,127924643
1770789608.87992811,127924643,1,255,120,-506,5,13,-18,0,0,0,1,127924643
1770789608.87992811,127924643,2,255,120,-506,5,13,-18,0,0,0,1,127924643
1770789608.97988796,128024603,0,254,121,-506,5,13,-18,0,0,0,1,128024603
1770789608.97988796,128024603,1,254,121,-506,5,13,-18,0,0,0,1,128024603
1770789608.97988796,128024603,2,254,121,-506,5,13,-18,0,0,0,1,128024603
1770789609.07984805,128124563,0,253,122,-506,5,13,-18,0,0,0,1,128124563
1770789609.07984805,128124563,1,253,122,-506,5,13,-18,0,0,0,1,128124563
1770789609.07984805,128124563,2,253,122,-506,5,13,-18,0,0,0,1,128124563
1770789609.17980814,128224523,0,253,122,-507,5,13,-18,0,0,0,1,128224523
1770789609.17980814,128224523,1,253,122,-507,5,13,-18,0,0,0,1,128224523
1770789609.17980814,128224523,2,253,122,-507,5,13,-18,0,0,0,1,128224523
1770789609.27976799,128324483,0,252,123,-507,5,13,-18,0,0,0,1,128324483
1770789609.27976799,128324483,1,252,123,-507,5,13,-18,0,0,0,1,128324483
1770789609.27976799,128324483,2,252,123,-507,5,13,-18,0,0,0,1,128324483
1770789609.37972808,128424443,0,251,124,-507,5,13,-18,0,0,0,1,128424443
1770789609.37972808,128424443,1,251,124,-507,5,13,-18,0,0,0,1,128424443
1770789609.37972808,128424443,2,251,124,-507,5,13,-18,0,0,0,1,128424443
1770789609.47968817,128524403,0,249,125,-508,5,13,-18,0,0,0,1,128524403
1770789609.47968817,128524403,1,249,125,-508,5,13,-18,0,0,0,1,128524403
1770789609.47968817,128524403,2,249,125,-508,5,13,-18,0,0,0,1,128524403
1770789609.57964802,128624363,0,248,126,-508,5,13,-18,0,0,0,1,128624363
1770789609.57964802,128624363,1,248,126,-508,5,13,-18,0,0,0,1,128624363
1770789609.57964802,128624363,2,248,126,-508,5,13,-18,0,0,0,1,128624363
1770789609.67960811,128724323,0,248,127,-508,5,13,-18,0,0,0,1,128724323
1770789609.67960811,128724323,1,248,127,-508,5,13,-18,0,0,0,1,128724323
1770789609.67960811,128724323,2,248,127,-508,5,13,-18,0,0,0,1,128724323
1770789609.78040099,128825116,0,248,127,-508,5,13,-18,0,0,0,1,128825116
1770789609.78040099,128825116,1,248,127,-508,5,13,-18,0,0,0,1,128825116
1770789609.78040099,128825116,2,248,127,-508,5,13,-18,0,0,0,1,128825116
1770789609.88036108,128925076,0,247,127,-508,5,13,-18,0,0,0,1,128925076
1770789609.88036108,128925076,1,247,127,-508,5,13,-18,0,0,0,1,128925076
1770789609.88036108,128925076,2,247,127,-508,5,13,-18,0,0,0,1,128925076
1770789609.98032117,129025036,0,248,128,-508,5,13,-18,0,0,0,1,129025036
1770789609.98032117,129025036,1,248,128,-508,5,13,-18,0,0,0,1,129025036
1770789609.98032117,129025036,2,248,128,-508,5,13,-18,0,0,0,1,129025036
1770789610.08028102,129124996,0,249,128,-507,5,13,-18,0,0,0,1,129124996
1770789610.08028102,129124996,1,249,128,-507,5,13,-18,0,0,0,1,129124996
1770789610.08028102,129124996,2,249,128,-507,5,13,-18,0,0,0,1,129124996
1770789610.18024111,129224956,0,250,129,-507,5,13,-18,0,0,0,1,129224956
1770789610.18024111,129224956,1,250,129,-507,5,13,-18,0,0,0,1,129224956
1770789610.18024111,129224956,2,250,129,-507,5,13,-18,0,0,0,1,129224956
1770789610.28020096,129324916,0,250,129,-506,5,13,-18,0,0,0,1,129324916
1770789610.28020096,129324916,1,250,129,-506,5,13,-18,0,0,0,1,129324916
1770789610.28020096,129324916,2,250,129,-506,5,13,-18,0,0,0,1,129324916
1770789610.38016105,129424876,0,250,129,-506,5,13,-18,0,0,0,1,129424876
1770789610.38016105,129424876,1,250,129,-506,5,13,-18,0,0,0,1,129424876
1770789610.38016105,129424876,2,250,129,-506,5,13,-18,0,0,0,1,129424876
1770789610.48012114,129524836,0,249,129,-507,5,13,-18,0,0,0,1,129524836
1770789610.48012114,129524836,1,249,129,-507,5,13,-18,0,0,0,1,129524836
1770789610.48012114,129524836,2,249,129,-507,5,13,-18,0,0,0,1,129524836
1770789610.58008099,129624796,0,248,129,-507,5,13,-18,0,0,0,1,129624796
1770789610.58008099,129624796,1,248,129,-507,5,13,-18,0,0,0,1,129624796
1770789610.58008099,129624796,2,248,129,-507,5,13,-18,0,0,0,1,129624796
1770789610.68004107,129724756,0,247,129,-508,5,13,-18,0,0,0,1,129724756
1770789610.68004107,129724756,1,247,129,-508,5,13,-18,0,0,0,1,129724756
1770789610.68004107,129724756,2,247,129,-508,5,13,-18,0,0,0,1,129724756
1770789610.78000116,129824716,0,246,129,-508,5,13,-18,0,0,0,1,129824716
1770789610.78000116,129824716,1,246,129,-508,5,13,-18,0,0,0,1,129824716
1770789610.78000116,129824716,2,246,129,-508,5,13,-18,0,0,0,1,129824716
1770789610.87996101,129924676,0,246,130,-508,5,13,-18,0,0,0,1,129924676
1770789610.87996101,129924676,1,246,130,-508,5,13,-18,0,0,0,1,129924676
1770789610.87996101,129924676,2,246,130,-508,5,13,-18,0,0,0,1,129924676
1770789610.97992110,130024636,0,246,130,-508,5,13,-18,0,0,0,1,130024636
1770789610.97992110,130024636,1,246,130,-508,5,13,-18,0,0,0,1,130024636
1770789610.97992110,130024636,2,246,130,-508,5,13,-18,0,0,0,1,130024636
1770789611.07988119,130124596,0,247,129,-508,5,13,-18,0,0,0,1,130124596
1770789611.07988119,130124596,1,247,129,-508,5,13,-18,0,0,0,1,130124596
1770789611.07988119,130124596,2,247,129,-508,5,13,-18,0,0,0,1,130124596
1770789611.17984104,130224556,0,247,129,-508,5,13,-18,0,0,0,1,130224556
1770789611.17984104,130224556,1,247,129,-508,5,13,-18,0,0,0,1,130224556
1770789611.17984104,130224556,2,247,129,-508,5,13,-18,0,0,0,1,130224556
1770789611.27980113,130324516,0,246,129,-508,5,13,-18,0,0,0,1,130324516
1770789611.27980113,130324516,1,246,129,-508,5,13,-18,0,0,0,1,130324516
1770789611.27980113,130324516,2,246,129,-508,5,13,-18,0,0,0,1,130324516
1770789611.37976098,130424476,0,246,129,-508,5,13,-18,0,0,0,1,130424476
1770789611.37976098,130424476,1,246,129,-508,5,13,-18,0,0,0,1,130424476
1770789611.37976098,130424476,2,246,129,-508,5,13,-18,0,0,0,1,130424476
1770789611.47972107,130524436,0,246,128,-508,5,13,-18,0,0,0,1,130524436
1770789611.47972107,130524436,1,246,128,-508,5,13,-18,0,0,0,1,130524436
1770789611.47972107,130524436,2,246,128,-508,5,13,-18,0,0,0,1,130524436
1770789611.57968116,130624396,0,246,128,-509,5,13,-18,0,0,0,1,130624396
1770789611.57968116,130624396,1,246,128,-509,5,13,-18,0,0,0,1,130624396
1770789611.57968116,130624396,2,246,128,-509,5,13,-18,0,0,0,1,130624396
1770789611.67964101,130724356,0,245,128,-509,5,13,-18,0,0,0,1,130724356
1770789611.67964101,130724356,1,245,128,-509,5,13,-18,0,0,0,1,130724356
1770789611.67964101,130724356,2,245,128,-509,5,13,-18,0,0,0,1,130724356
1770789611.77960110,130824316,0,245,128,-509,5,13,-18,0,0,0,1,130824316
1770789611.77960110,130824316,1,245,128,-509,5,13,-18,0,0,0,1,130824316
1770789611.77960110,130824316,2,245,128,-509,5,13,-18,0,0,0,1,130824316
1770789611.88039398,130925109,0,245,129,-509,5,13,-18,0,0,0,1,130925109
1770789611.88039398,130925109,1,245,129,-509,5,13,-18,0,0,0,1,130925109
1770789611.88039398,130925109,2,245,129,-509,5,13,-18,0,0,0,1,130925109
1770789611.98035407,131025069,0,245,129,-509,5,13,-18,0,0,0,1,131025069
1770789611.98035407,131025069,1,245,129,-509,5,13,-18,0,0,0,1,131025069
1770789611.98035407,131025069,2,245,129,-509,5,13,-18,0,0,0,1,131025069
1770789612.08031416,131125029,0,245,129,-509,5,13,-18,0,0,0,1,131125029
1770789612.08031416,131125029,1,245,129,-509,5,13,-18,0,0,0,1,131125029
1770789612.08031416,131125029,2,245,129,-509,5,13,-18,0,0,0,1,131125029
1770789612.18027401,131224989,0,245,129,-509,5,13,-18,0,0,0,1,131224989
1770789612.18027401,131224989,1,245,129,-509,5,13,-18,0,0,0,1,131224989
1770789612.18027401,131224989,2,245,129,-509,5,13,-18,0,0,0,1,131224989
1770789612.28023410,131324949,0,245,129,-509,5,13,-18,0,0,0,1,131324949
1770789612.28023410,131324949,1,245,129,-509,5,13,-18,0,0,0,1,131324949
1770789612.28023410,131324949,2,245,129,-509,5,13,-18,0,0,0,1,131324949
1770789612.38019419,131424909,0,245,129,-509,5,13,-18,0,0,0,1,131424909
1770789612.38019419,131424909,1,245,129,-509,5,13,-18,0,0,0,1,131424909
1770789612.38019419,131424909,2,245,129,-509,5,13,-18,0,0,0,1,131424909
1770789612.48015404,131524869,0,246,129,-508,5,13,-18,0,0,0,1,131524869
1770789612.48015404,131524869,1,246,129,-508,5,13,-18,0,0,0,1,131524869
1770789612.48015404,131524869,2,246,129,-508,5,13,-18,0,0,0,1,131524869
1770789612.58011413,131624829,0,246,129,-508,5,13,-18,0,0,0,1,131624829
1770789612.58011413,131624829,1,246,129,-508,5,13,-18,0,0,0,1,131624829
1770789612.58011413,131624829,2,246,129,-508,5,13,-18,0,0,0,1,131624829
1770789612.68007398,131724789,0,245,130,-509,5,13,-18,0,0,0,1,131724789
1770789612.68007398,131724789,1,245,130,-509,5,13,-18,0,0,0,1,131724789
1770789612.68007398,131724789,2,245,130,-509,5,13,-18,0,0,0,1,131724789
1770789612.78003407,131824749,0,245,129,-509,5,13,-18,0,0,0,1,131824749
1770789612.78003407,131824749,1,245,129,-509,5,13,-18,0,0,0,1,131824749
1770789612.78003407,131824749,2,245,129,-509,5,13,-18,0,0,0,1,131824749
1770789612.87999415,131924709,0,245,129,-509,5,13,-18,0,0,0,1,131924709
1770789612.87999415,131924709,1,245,129,-509,5,13,-18,0,0,0,1,131924709
1770789612.87999415,131924709,2,245,129,-509,5,13,-18,0,0,0,1,131924709
1770789612.97995400,132024669,0,245,129,-509,5,13,-18,0,0,0,1,132024669
1770789612.97995400,132024669,1,245,129,-509,5,13,-18,0,0,0,1,132024669
1770789612.97995400,132024669,2,245,129,-509,5,13,-18,0,0,0,1,132024669
1770789613.07991409,132124629,0,245,129,-509,5,13,-18,0,0,0,1,132124629
1770789613.07991409,132124629,1,245,129,-509,5,13,-18,0,0,0,1,132124629
1770789613.07991409,132124629,2,245,129,-509,5,13,-18,0,0,0,1,132124629
1770789613.17987418,132224589,0,246,128,-509,5,13,-18,0,0,0,1,132224589
1770789613.17987418,132224589,1,246,128,-509,5,13,-18,0,0,0,1,132224589
1770789613.17987418,132224589,2,246,128,-509,5,13,-18,0,0,0,1,132224589
1770789613.27983403,132324549,0,246,128,-508,5,13,-18,0,0,0,1,132324549
1770789613.27983403,132324549,1,246,128,-508,5,13,-18,0,0,0,1,132324549
1770789613.27983403,132324549,2,246,128,-508,5,13,-18,0,0,0,1,132324549
1770789613.37979412,132424509,0,247,129,-508,5,13,-18,0,0,0,1,132424509
1770789613.37979412,132424509,1,247,129,-508,5,13,-18,0,0,0,1,132424509
1770789613.37979412,132424509,2,247,129,-508,5,13,-18,0,0,0,1,132424509
1770789613.47975397,132524469,0,247,129,-508,5,13,-18,0,0,0,1,132524469
1770789613.47975397,132524469,1,247,129,-508,5,13,-18,0,0,0,1,132524469
1770789613.47975397,132524469,2,247,129,-508,5,13,-18,0,0,0,1,132524469
1770789613.57971406,132624429,0,246,129,-508,5,13,-18,0,0,0,1,132624429
1770789613.57971406,132624429,1,246,129,-508,5,13,-18,0,0,0,1,132624429
1770789613.57971406,132624429,2,246,129,-508,5,13,-18,0,0,0,1,132624429
1770789613.67967415,132724389,0,245,129,-508,5,13,-18,0,0,0,1,132724389
1770789613.67967415,132724389,1,245,129,-508,5,13,-18,0,0,0,1,132724389
1770789613.67967415,132724389,2,245,129,-508,5,13,-18,0,0,0,1,132724389
1770789613.77963400,132824349,0,245,129,-509,5,13,-18,0,0,0,1,132824349
1770789613.77963400,132824349,1,245,129,-509,5,13,-18,0,0,0,1,132824349
1770789613.77963400,132824349,2,245,129,-509,5,13,-18,0,0,0,1,132824349
1770789613.88042712,132925142,0,245,129,-509,5,13,-18,0,0,0,1,132925142
1770789613.88042712,132925142,1,245,129,-509,5,13,-18,0,0,0,1,132925142
1770789613.88042712,132925142,2,245,129,-509,5,13,-18,0,0,0,1,132925142
1770789613.98038697,133025102,0,245,129,-509,5,13,-18,0,0,0,1,133025102
1770789613.98038697,133025102,1,245,129,-509,5,13,-18,0,0,0,1,133025102
1770789613.98038697,133025102,2,245,129,-509,5,13,-18,0,0,0,1,133025102
1770789614.08034706,133125062,0,245,129,-509,5,13,-18,0,0,0,1,133125062
1770789614.08034706,133125062,1,245,129,-509,5,13,-18,0,0,0,1,133125062
1770789614.08034706,133125062,2,245,129,-509,5,13,-18,0,0,0,1,133125062
1770789614.18030715,133225022,0,245,129,-509,5,13,-18,0,0,0,1,133225022
1770789614.18030715,133225022,1,245,129,-509,5,13,-18,0,0,0,1,133225022
1770789614.18030715,133225022,2,245,129,-509,5,13,-18,0,0,0,1,133225022
1770789614.28026700,133324982,0,244,130,-509,5,13,-18,0,0,0,1,133324982
1770789614.28026700,133324982,1,244,130,-509,5,13,-18,0,0,0,1,133324982
1770789614.28026700,133324982,2,244,130,-509,5,13,-18,0,0,0,1,133324982
1770789614.38022709,133424942,0,244,130,-509,5,13,-18,0,0,0,1,133424942
1770789614.38022709,133424942,1,244,130,-509,5,13,-18,0,0,0,1,133424942
1770789614.38022709,133424942,2,244,130,-509,5,13,-18,0,0,0,1,133424942
1770789614.48018718,133524902,0,245,130,-508,5,13,-18,0,0,0,1,133524902
1770789614.48018718,133524902,1,245,130,-508,5,13,-18,0,0,0,1,133524902
1770789614.48018718,133524902,2,245,130,-508,5,13,-18,0,0,0,1,133524902
1770789614.58014703,133624862,0,246,129,-508,5,13,-18,0,0,0,1,133624862
1770789614.58014703,133624862,1,246,129,-508,5,13,-18,0,0,0,1,133624862
1770789614.58014703,133624862,2,246,129,-508,5,13,-18,0,0,0,1,133624862
1770789614.68010712,133724822,0,246,129,-508,5,13,-18,0,0,0,1,133724822
1770789614.68010712,133724822,1,246,129,-508,5,13,-18,0,0,0,1,133724822
1770789614.68010712,133724822,2,246,129,-508,5,13,-18,0,0,0,1,133724822
1770789614.78006697,133824782,0,246,129,-508,5,13,-18,0,0,0,1,133824782
1770789614.78006697,133824782,1,246,129,-508,5,13,-18,0,0,0,1,133824782
1770789614.78006697,133824782,2,246,129,-508,5,13,-18,0,0,0,1,133824782
1770789614.88002706,133924742,0,247,128,-508,5,13,-18,0,0,0,1,133924742
1770789614.88002706,133924742,1,247,128,-508,5,13,-18,0,0,0,1,133924742
1770789614.88002706,133924742,2,247,128,-508,5,13,-18,0,0,0,1,133924742
1770789614.97998714,134024702,0,247,128,-508,5,13,-18,0,0,0,1,134024702
1770789614.97998714,134024702,1,247,128,-508,5,13,-18,0,0,0,1,134024702
1770789614.97998714,134024702,2,247,128,-508,5,13,-18,0,0,0,1,134024702
1770789615.07994699,134124662,0,246,129,-508,5,13,-18,0,0,0,1,134124662
1770789615.07994699,134124662,1,246,129,-508,5,13,-18,0,0,0,1,134124662
1770789615.07994699,134124662,2,246,129,-508,5,13,-18,0,0,0,1,134124662
1770789615.17990708,134224622,0,246,129,-508,5,13,-18,0,0,0,1,134224622
1770789615.17990708,134224622,1,246,129,-508,5,13,-18,0,0,0,1,134224622
1770789615.17990708,134224622,2,246,129,-508,5,13,-18,0,0,0,1,134224622
1770789615.27986717,134324582,0,245,129,-509,5,13,-18,0,0,0,1,134324582
1770789615.27986717,134324582,1,245,129,-509,5,13,-18,0,0,0,1,134324582
1770789615.27986717,134324582,2,245,129,-509,5,13,-18,0,0,0,1,134324582
1770789615.37982702,134424542,0,244,129,-509,5,13,-18,0,0,0,1,134424542
1770789615.37982702,134424542,1,244,129,-509,5,13,-18,0,0,0,1,134424542
1770789615.37982702,134424542,2,244,129,-509,5,13,-18,0,0,0,1,134424542
1770789615.47978711,134524502,0,244,130,-509,5,13,-18,0,0,0,1,134524502
1770789615.47978711,134524502,1,244,130,-509,5,13,-18,0,0,0,1,134524502
1770789615.47978711,134524502,2,244,130,-509,5,13,-18,0,0,0,1,134524502
1770789615.57974696,134624462,0,244,130,-509,5,13,-18,0,0,0,1,134624462
1770789615.57974696,134624462,1,244,130,-509,5,13,-18,0,0,0,1,134624462
1770789615.57974696,134624462,2,244,130,-509,5,13,-18,0,0,0,1,134624462
1770789615.67970705,134724422,0,244,129,-509,5,13,-18,0,0,0,1,134724422
1770789615.67970705,134724422,1,244,129,-509,5,13,-18,0,0,0,1,134724422
1770789615.67970705,134724422,2,244,129,-509,5,13,-18,0,0,0,1,134724422
1770789615.77966714,134824382,0,245,128,-509,5,13,-18,0,0,0,1,134824382
1770789615.77966714,134824382,1,245,128,-509,5,13,-18,0,0,0,1,134824382
1770789615.77966714,134824382,2,245,128,-509,5,13,-18,0,0,0,1,134824382
1770789615.87962699,134924342,0,246,128,-509,5,13,-18,0,0,0,1,134924342
1770789615.87962699,134924342,1,246,128,-509,5,13,-18,0,0,0,1,134924342
1770789615.87962699,134924342,2,246,128,-509,5,13,-18,0,0,0,1,134924342
1770789615.98042011,135025135,0,246,128,-509,5,13,-18,0,0,0,1,135025135
1770789615.98042011,135025135,1,246,128,-509,5,13,-18,0,0,0,1,135025135
1770789615.98042011,135025135,2,246,128,-509,5,13,-18,0,0,0,1,135025135
1770789616.08037996,135125095,0,245,128,-509,5,13,-18,0,0,0,1,135125095
1770789616.08037996,135125095,1,245,128,-509,5,13,-18,0,0,0,1,135125095
1770789616.08037996,135125095,2,245,128,-509,5,13,-18,0,0,0,1,135125095
1770789616.18034005,135225055,0,245,129,-509,5,13,-18,0,0,0,1,135225055
1770789616.18034005,135225055,1,245,129,-509,5,13,-18,0,0,0,1,135225055
1770789616.18034005,135225055,2,245,129,-509,5,13,-18,0,0,0,1,135225055
1770789616.28030014,135325015,0,245,130,-509,5,13,-18,0,0,0,1,135325015
1770789616.28030014,135325015,1,245,130,-509,5,13,-18,0,0,0,1,135325015
1770789616.28030014,135325015,2,245,130,-509,5,13,-18,0,0,0,1,135325015
1770789616.38025999,135424975,0,244,130,-509,5,13,-18,0,0,0,1,135424975
1770789616.38025999,135424975,1,244,130,-509,5,13,-18,0,0,0,1,135424975
1770789616.38025999,135424975,2,244,130,-509,5,13,-18,0,0,0,1,135424975
1770789616.48022008,135524935,0,245,130,-509,5,13,-18,0,0,0,1,135524935
1770789616.48022008,135524935,1,245,130,-509,5,13,-18,0,0,0,1,135524935
1770789616.48022008,135524935,2,245,130,-509,5,13,-18,0,0,0,1,135524935
1770789616.58018017,135624895,0,245,130,-508,5,13,-18,0,0,0,1,135624895
1770789616.58018017,135624895,1,245,130,-508,5,13,-18,0,0,0,1,135624895
1770789616.58018017,135624895,2,245,130,-508,5,13,-18,0,0,0,1,135624895
1770789616.68014002,135724855,0,245,130,-508,5,13,-18,0,0,0,1,135724855
1770789616.68014002,135724855,1,245,130,-508,5,13,-18,0,0,0,1,135724855
1770789616.68014002,135724855,2,245,130,-508,5,13,-18,0,0,0,1,135724855
1770789616.78010011,135824815,0,245,129,-508,5,13,-18,0,0,0,1,135824815
1770789616.78010011,135824815,1,245,129,-508,5,13,-18,0,0,0,1,135824815
1770789616.78010011,135824815,2,245,129,-508,5,13,-18,0,0,0,1,135824815
1770789616.88005996,135924775,0,245,129,-508,5,13,-18,0,0,0,1,135924775
1770789616.88005996,135924775,1,245,129,-508,5,13,-18,0,0,0,1,135924775
1770789616.88005996,135924775,2,245,129,-508,5,13,-18,0,0,0,1,135924775
1770789616.98002005,136024735,0,245,129,-509,5,13,-18,0,0,0,1,136024735
1770789616.98002005,136024735,1,245,129,-509,5,13,-18,0,0,0,1,136024735
1770789616.98002005,136024735,2,245,129,-509,5,13,-18,0,0,0,1,136024735
1770789617.07998013,136124695,0,245,129,-509,5,13,-18,0,0,0,1,136124695
1770789617.07998013,136124695,1,245,129,-509,5,13,-18,0,0,0,1,136124695
1770789617.07998013,136124695,2,245,129,-509,5,13,-18,0,0,0,1,136124695
1770789617.17993999,136224655,0,246,129,-508,5,13,-18,0,0,0,1,136224655
1770789617.17993999,136224655,1,246,129,-508,5,13,-18,0,0,0,1,136224655
1770789617.17993999,136224655,2,246,129,-508,5,13,-18,0,0,0,1,136224655
1770789617.27990007,136324615,0,247,129,-508,5,13,-18,0,0,0,1,136324615
1770789617.27990007,136324615,1,247,129,-508,5,13,-18,0,0,0,1,136324615
1770789617.27990007,136324615,2,247,129,-508,5,13,-18,0,0,0,1,136324615
1770789617.37986016,136424575,0,251,126,-507,5,13,-18,0,0,0,1,136424575
1770789617.37986016,136424575,1,251,126,-507,5,13,-18,0,0,0,1,136424575
1770789617.37986016,136424575,2,251,126,-507,5,13,-18,0,0,0,1,136424575
1770789617.47982001,136524535,0,256,119,-506,5,13,-18,0,0,0,1,136524535
1770789617.47982001,136524535,1,256,119,-506,5,13,-18,0,0,0,1,136524535
1770789617.47982001,136524535,2,256,119,-506,5,13,-18,0,0,0,1,136524535
1770789617.57978010,136624495,0,260,109,-506,5,13,-18,0,0,0,1,136624495
1770789617.57978010,136624495,1,260,109,-506,5,13,-18,0,0,0,1,136624495
1770789617.57978010,136624495,2,260,109,-506,5,13,-18,0,0,0,1,136624495
1770789617.67974019,136724455,0,263,98,-507,5,13,-18,0,0,0,1,136724455
1770789617.67974019,136724455,1,263,98,-507,5,13,-18,0,0,0,1,136724455
1770789617.67974019,136724455,2,263,98,-507,5,13,-18,0,0,0,1,136724455
1770789617.77970004,136824415,0,265,87,-508,5,13,-18,0,0,0,1,136824415
1770789617.77970004,136824415,1,265,87,-508,5,13,-18,0,0,0,1,136824415
1770789617.77970004,136824415,2,265,87,-508,5,13,-18,0,0,0,1,136824415
1770789617.87966013,136924375,0,267,77,-508,5,13,-18,0,0,0,1,136924375
1770789617.87966013,136924375,1,267,77,-508,5,13,-18,0,0,0,1,136924375
1770789617.87966013,136924375,2,267,77,-508,5,13,-18,0,0,0,1,136924375
1770789617.97961998,137024335,0,269,69,-509,5,13,-18,0,0,0,1,137024335
1770789617.97961998,137024335,1,269,69,-509,5,13,-18,0,0,0,1,137024335
1770789617.97961998,137024335,2,269,69,-509,5,13,-18,0,0,0,1,137024335
1770789618.08041310,137125128,0,270,63,-508,5,13,-18,0,0,0,1,137125128
1770789618.08041310,137125128,1,270,63,-508,5,13,-18,0,0,0,1,137125128
1770789618.08041310,137125128,2,270,63,-508,5,13,-18,0,0,0,1,137125128
1770789618.18037295,137225088,0,272,58,-508,5,13,-18,0,0,0,1,137225088
1770789618.18037295,137225088,1,272,58,-508,5,13,-18,0,0,0,1,137225088
1770789618.18037295,137225088,2,272,58,-508,5,13,-18,0,0,0,1,137225088
1770789618.28033304,137325048,0,274,54,-508,5,13,-18,0,0,0,1,137325048
1770789618.28033304,137325048,1,274,54,-508,5,13,-18,0,0,0,1,137325048
1770789618.28033304,137325048,2,274,54,-508,5,13,-18,0,0,0,1,137325048
1770789618.38029313,137425008,0,275,50,-507,5,13,-18,0,0,0,1,137425008
1770789618.38029313,137425008,1,275,50,-507,5,13,-18,0,0,0,1,137425008
1770789618.38029313,137425008,2,275,50,-507,5,13,-18,0,0,0,1,137425008
1770789618.48025298,137524968,0,276,47,-507,5,13,-18,0,0,0,1,137524968
1770789618.48025298,137524968,1,276,47,-507,5,13,-18,0,0,0,1,137524968
1770789618.48025298,137524968,2,276,47,-507,5,13,-18,0,0,0,1,137524968
1770789618.58021307,137624928,0,276,44,-507,5,13,-18,0,0,0,1,137624928
1770789618.58021307,137624928,1,276,44,-507,5,13,-18,0,0,0,1,137624928
1770789618.58021307,137624928,2,276,44,-507,5,13,-18,0,0,0,1,137624928
1770789618.68017316,137724888,0,277,41,-507,5,13,-18,0,0,0,1,137724888
1770789618.68017316,137724888,1,277,41,-507,5,13,-18,0,0,0,1,137724888
1770789618.68017316,137724888,2,277,41,-507,5,13,-18,0,0,0,1,137724888
1770789618.78013301,137824848,0,277,38,-507,5,13,-18,0,0,0,1,137824848
1770789618.78013301,137824848,1,277,38,-507,5,13,-18,0,0,0,1,137824848
1770789618.78013301,137824848,2,277,38,-507,5,13,-18,0,0,0,1,137824848
1770789618.88009310,137924808,0,277,36,-507,5,13,-18,0,0,0,1,137924808
1770789618.88009310,137924808,1,277,36,-507,5,13,-18,0,0,0,1,137924808
1770789618.88009310,137924808,2,277,36,-507,5,13,-18,0,0,0,1,137924808
1770789618.98005319,138024768,0,278,34,-507,5,13,-18,0,0,0,1,138024768
1770789618.98005319,138024768,1,278,34,-507,5,13,-18,0,0,0,1,138024768
1770789618.98005319,138024768,2,278,34,-507,5,13,-18,0,0,0,1,138024768
1770789619.08001304,138124728,0,279,33,-507,5,13,-18,0,0,0,1,138124728
1770789619.08001304,138124728,1,279,33,-507,5,13,-18,0,0,0,1,138124728
1770789619.08001304,138124728,2,279,33,-507,5,13,-18,0,0,0,1,138124728
1770789619.17997313,138224688,0,280,31,-506,5,13,-18,0,0,0,1,138224688
1770789619.17997313,138224688,1,280,31,-506,5,13,-18,0,0,0,1,138224688
1770789619.17997313,138224688,2,280,31,-506,5,13,-18,0,0,0,1,138224688
1770789619.27993298,138324648,0,281,30,-506,5,13,-18,0,0,0,1,138324648
1770789619.27993298,138324648,1,281,30,-506,5,13,-18,0,0,0,1,138324648
1770789619.27993298,138324648,2,281,30,-506,5,13,-18,0,0,0,1,138324648
1770789619.37989306,138424608,0,281,29,-506,5,13,-18,0,0,0,1,138424608
1770789619.37989306,138424608,1,281,29,-506,5,13,-18,0,0,0,1,138424608
1770789619.37989306,138424608,2,281,29,-506,5,13,-18,0,0,0,1,138424608
1770789619.47985315,138524568,0,281,28,-506,5,13,-18,0,0,0,1,138524568
1770789619.47985315,138524568,1,281,28,-506,5,13,-18,0,0,0,1,138524568
1770789619.47985315,138524568,2,281,28,-506,5,13,-18,0,0,0,1,138524568
1770789619.57981300,138624528,0,281,26,-506,5,13,-18,0,0,0,1,138624528
1770789619.57981300,138624528,1,281,26,-506,5,13,-18,0,0,0,1,138624528
1770789619.57981300,138624528,2,281,26,-506,5,13,-18,0,0,0,1,138624528
1770789619.67977309,138724488,0,280,25,-506,5,13,-18,0,0,0,1,138724488
1770789619.67977309,138724488,1,280,25,-506,5,13,-18,0,0,0,1,138724488
1770789619.67977309,138724488,2,280,25,-506,5,13,-18,0,0,0,1,138724488
1770789619.77973318,138824448,0,279,24,-507,5,13,-18,0,0,0,1,138824448
1770789619.77973318,138824448,1,279,24,-507,5,13,-18,0,0,0,1,138824448
1770789619.77973318,138824448,2,279,24,-507,5,13,-18,0,0,0,1,138824448
1770789619.87969303,138924408,0,279,24,-507,5,13,-18,0,0,0,1,138924408
1770789619.87969303,138924408,1,279,24,-507,5,13,-18,0,0,0,1,138924408
1770789619.87969303,138924408,2,279,24,-507,5,13,-18,0,0,0,1,138924408
1770789619.97965312,139024368,0,280,24,-507,5,13,-18,0,0,0,1,139024368
1770789619.97965312,139024368,1,280,24,-507,5,13,-18,0,0,0,1,139024368
1770789619.97965312,139024368,2,280,24,-507,5,13,-18,0,0,0,1,139024368
1770789620.07961297,139124328,0,281,24,-506,5,13,-18,0,0,0,1,139124328
1770789620.07961297,139124328,1,281,24,-506,5,13,-18,0,0,0,1,139124328
1770789620.07961297,139124328,2,281,24,-506,5,13,-18,0,0,0,1,139124328
1770789620.18040609,139225121,0,282,24,-506,5,13,-18,0,0,0,1,139225121
1770789620.18040609,139225121,1,282,24,-506,5,13,-18,0,0,0,1,139225121
1770789620.18040609,139225121,2,282,24,-506,5,13,-18,0,0,0,1,139225121
1770789620.28036618,139325081,0,282,23,-506,5,13,-18,0,0,0,1,139325081
1770789620.28036618,139325081,1,282,23,-506,5,13,-18,0,0,0,1,139325081
1770789620.28036618,139325081,2,282,23,-506,5,13,-18,0,0,0,1,139325081
1770789620.38032603,139425041,0,281,23,-506,5,13,-18,0,0,0,1,139425041
1770789620.38032603,139425041,1,281,23,-506,5,13,-18,0,0,0,1,139425041
1770789620.38032603,139425041,2,281,23,-506,5,13,-18,0,0,0,1,139425041
1770789620.48028612,139525001,0,281,22,-506,5,13,-18,0,0,0,1,139525001
1770789620.48028612,139525001,1,281,22,-506,5,13,-18,0,0,0,1,139525001
1770789620.48028612,139525001,2,281,22,-506,5,13,-18,0,0,0,1,139525001
1770789620.58024597,139624961,0,281,22,-506,5,13,-18,0,0,0,1,139624961
1770789620.58024597,139624961,1,281,22,-506,5,13,-18,0,0,0,1,139624961
1770789620.58024597,139624961,2,281,22,-506,5,13,-18,0,0,0,1,139624961
1770789620.68020606,139724921,0,280,22,-507,5,13,-18,0,0,0,1,139724921
1770789620.68020606,139724921,1,280,22,-507,5,13,-18,0,0,0,1,139724921
1770789620.68020606,139724921,2,280,22,-507,5,13,-18,0,0,0,1,139724921
1770789620.78016615,139824881,0,280,23,-507,5,13,-18,0,0,0,1,139824881
1770789620.78016615,139824881,1,280,23,-507,5,13,-18,0,0,0,1,139824881
1770789620.78016615,139824881,2,280,23,-507,5,13,-18,0,0,0,1,139824881
1770789620.88012600,139924841,0,280,23,-506,5,13,-18,0,0,0,1,139924841
1770789620.88012600,139924841,1,280,23,-506,5,13,-18,0,0,0,1,139924841
1770789620.88012600,139924841,2,280,23,-506,5,13,-18,0,0,0,1,139924841
1770789620.98008609,140024801,0,281,23,-506,5,13,-18,0,0,0,1,140024801
1770789620.98008609,140024801,1,281,23,-506,5,13,-18,0,0,0,1,140024801
1770789620.98008609,140024801,2,281,23,-506,5,13,-18,0,0,0,1,140024801
1770789621.08004618,140124761,0,281,23,-506,5,13,-18,0,0,0,1,140124761
1770789621.08004618,140124761,1,281,23,-506,5,13,-18,0,0,0,1,140124761
1770789621.08004618,140124761,2,281,23,-506,5,13,-18,0,0,0,1,140124761
1770789621.18000603,140224721,0,282,22,-506,5,13,-18,0,0,0,1,140224721
1770789621.18000603,140224721,1,282,22,-506,5,13,-18,0,0,0,1,140224721
1770789621.18000603,140224721,2,282,22,-506,5,13,-18,0,0,0,1,140224721
1770789621.27996612,140324681,0,282,22,-505,5,13,-18,0,0,0,1,140324681
1770789621.27996612,140324681,1,282,22,-505,5,13,-18,0,0,0,1,140324681
1770789621.27996612,140324681,2,282,22,-505,5,13,-18,0,0,0,1,140324681
1770789621.37992597,140424641,0,282,22,-505,5,13,-18,0,0,0,1,140424641
1770789621.37992597,140424641,1,282,22,-505,5,13,-18,0,0,0,1,140424641
1770789621.37992597,140424641,2,282,22,-505,5,13,-18,0,0,0,1,140424641
1770789621.47988605,140524601,0,282,22,-506,5,13,-18,0,0,0,1,140524601
1770789621.47988605,140524601,1,282,22,-506,5,13,-18,0,0,0,1,140524601
1770789621.47988605,140524601,2,282,22,-506,5,13,-18,0,0,0,1,140524601
1770789621.57984614,140624561,0,281,22,-506,5,13,-18,0,0,0,1,140624561
1770789621.57984614,140624561,1,281,22,-506,5,13,-18,0,0,0,1,140624561
1770789621.57984614,140624561,2,281,22,-506,5,13,-18,0,0,0,1,140624561
1770789621.67980599,140724521,0,280,22,-507,5,13,-18,0,0,0,1,140724521
1770789621.67980599,140724521,1,280,22,-507,5,13,-18,0,0,0,1,140724521
1770789621.67980599,140724521,2,280,22,-507,5,13,-18,0,0,0,1,140724521
1770789621.77976608,140824481,0,280,22,-507,5,13,-18,0,0,0,1,140824481
1770789621.77976608,140824481,1,280,22,-507,5,13,-18,0,0,0,1,140824481
1770789621.77976608,140824481,2,280,22,-507,5,13,-18,0,0,0,1,140824481
1770789621.87972617,140924441,0,281,22,-506,5,13,-18,0,0,0,1,140924441
1770789621.87972617,140924441,1,281,22,-506,5,13,-18,0,0,0,1,140924441
1770789621.87972617,140924441,2,281,22,-506,5,13,-18,0,0,0,1,140924441
1770789621.97968602,141024401,0,281,23,-506,5,13,-18,0,0,0,1,141024401
1770789621.97968602,141024401,1,281,23,-506,5,13,-18,0,0,0,1,141024401
1770789621.97968602,141024401,2,281,23,-506,5,13,-18,0,0,0,1,141024401
1770789622.07964611,141124361,0,281,22,-506,5,13,-18,0,0,0,1,141124361
1770789622.07964611,141124361,1,281,22,-506,5,13,-18,0,0,0,1,141124361
1770789622.07964611,141124361,2,281,22,-506,5,13,-18,0,0,0,1,141124361
1770789622.17960596,141224321,0,281,22,-506,5,13,-18,0,0,0,1,141224321
1770789622.17960596,141224321,1,281,22,-506,5,13,-18,0,0,0,1,141224321
1770789622.17960596,141224321,2,281,22,-506,5,13,-18,0,0,0,1,141224321
1770789622.28039908,141325114,0,281,21,-506,5,13,-18,0,0,0,1,141325114
1770789622.28039908,141325114,1,281,21,-506,5,13,-18,0,0,0,1,141325114
1770789622.28039908,141325114,2,281,21,-506,5,13,-18,0,0,0,1,141325114
1770789622.38035917,141425074,0,281,21,-506,5,13,-18,0,0,0,1,141425074
1770789622.38035917,141425074,1,281,21,-506,5,13,-18,0,0,0,1,141425074
1770789622.38035917,141425074,2,281,21,-506,5,13,-18,0,0,0,1,141425074
1770789622.48031902,141525034,0,281,21,-506,5,13,-18,0,0,0,1,141525034
1770789622.48031902,141525034,1,281,21,-506,5,13,-18,0,0,0,1,141525034
1770789622.48031902,141525034,2,281,21,-506,5,13,-18,0,0,0,1,141525034
1770789622.58027911,141624994,0,281,22,-506,5,13,-18,0,0,0,1,141624994
1770789622.58027911,141624994,1,281,22,-506,5,13,-18,0,0,0,1,141624994
1770789622.58027911,141624994,2,281,22,-506,5,13,-18,0,0,0,1,141624994
1770789622.68023896,141724954,0,280,22,-507,5,13,-18,0,0,0,1,141724954
1770789622.68023896,141724954,1,280,22,-507,5,13,-18,0,0,0,1,141724954
1770789622.68023896,141724954,2,280,22,-507,5,13,-18,0,0,0,1,141724954
1770789622.78019905,141824914,0,280,23,-507,5,13,-18,0,0,0,1,141824914
1770789622.78019905,141824914,1,280,23,-507,5,13,-18,0,0,0,1,141824914
1770789622.78019905,141824914,2,280,23,-507,5,13,-18,0,0,0,1,141824914
1770789622.88015914,141924874,0,280,23,-507,5,13,-18,0,0,0,1,141924874
1770789622.88015914,141924874,1,280,23,-507,5,13,-18,0,0,0,1,141924874
1770789622.88015914,141924874,2,280,23,-507,5,13,-18,0,0,0,1,141924874
1770789622.98011899,142024834,0,280,23,-506,5,13,-18,0,0,0,1,142024834
1770789622.98011899,142024834,1,280,23,-506,5,13,-18,0,0,0,1,142024834
1770789622.98011899,142024834,2,280,23,-506,5,13,-18,0,0,0,1,142024834
1770789623.08007908,142124794,0,281,23,-506,5,13,-18,0,0,0,1,142124794
1770789623.08007908,142124794,1,281,23,-506,5,13,-18,0,0,0,1,142124794
1770789623.08007908,142124794,2,281,23,-506,5,13,-18,0,0,0,1,142124794
1770789623.18003917,142224754,0,282,24,-505,5,13,-18,0,0,0,1,142224754
1770789623.18003917,142224754,1,282,24,-505,5,13,-18,0,0,0,1,142224754
1770789623.18003917,142224754,2,282,24,-505,5,13,-18,0,0,0,1,142224754
1770789623.27999902,142324714,0,282,23,-506,5,13,-18,0,0,0,1,142324714
1770789623.27999902,142324714,1,282,23,-506,5,13,-18,0,0,0,1,142324714
1770789623.27999902,142324714,2,282,23,-506,5,13,-18,0,0,0,1,142324714
1770789623.37995911,142424674,0,281,23,-506,5,13,-18,0,0,0,1,142424674
1770789623.37995911,142424674,1,281,23,-506,5,13,-18,0,0,0,1,142424674
1770789623.37995911,142424674,2,281,23,-506,5,13,-18,0,0,0,1,142424674
1770789623.47991896,142524634,0,281,23,-506,5,13,-18,0,0,0,1,142524634
1770789623.47991896,142524634,1,281,23,-506,5,13,-18,0,0,0,1,142524634
1770789623.47991896,142524634,2,281,23,-506,5,13,-18,0,0,0,1,142524634
1770789623.57987905,142624594,0,281,23,-506,5,13,-18,0,0,0,1,142624594
1770789623.57987905,142624594,1,281,23,-506,5,13,-18,0,0,0,1,142624594
1770789623.57987905,142624594,2,281,23,-506,5,13,-18,0,0,0,1,142624594
1770789623.67983913,142724554,0,280,23,-506,5,13,-18,0,0,0,1,142724554
1770789623.67983913,142724554,1,280,23,-506,5,13,-18,0,0,0,1,142724554
1770789623.67983913,142724554,2,280,23,-506,5,13,-18,0,0,0,1,142724554
1770789623.77979898,142824514,0,281,24,-506,5,13,-18,0,0,0,1,142824514
1770789623.77979898,142824514,1,281,24,-506,5,13,-18,0,0,0,1,142824514
1770789623.77979898,142824514,2,281,24,-506,5,13,-18,0,0,0,1,142824514
1770789623.87975907,142924474,0,281,24,-506,5,13,-18,0,0,0,1,142924474
1770789623.87975907,142924474,1,281,24,-506,5,13,-18,0,0,0,1,142924474
1770789623.87975907,142924474,2,281,24,-506,5,13,-18,0,0,0,1,142924474
1770789623.97971916,143024434,0,282,25,-505,5,13,-18,0,0,0,1,143024434
1770789623.97971916,143024434,1,282,25,-505,5,13,-18,0,0,0,1,143024434
1770789623.97971916,143024434,2,282,25,-505,5,13,-18,0,0,0,1,143024434
1770789624.07967901,143124394,0,282,24,-506,5,13,-18,0,0,0,1,143124394
1770789624.07967901,143124394,1,282,24,-506,5,13,-18,0,0,0,1,143124394
1770789624.07967901,143124394,2,282,24,-506,5,13,-18,0,0,0,1,143124394
1770789624.17963910,143224354,0,282,23,-506,5,13,-18,0,0,0,1,143224354
1770789624.17963910,143224354,1,282,23,-506,5,13,-18,0,0,0,1,143224354
1770789624.17963910,143224354,2,282,23,-506,5,13,-18,0,0,0,1,143224354
1770789624.27959919,143324314,0,281,24,-506,5,13,-18,0,0,0,1,143324314
1770789624.27959919,143324314,1,281,24,-506,5,13,-18,0,0,0,1,143324314
1770789624.27959919,143324314,2,281,24,-506,5,13,-18,0,0,0,1,143324314
1770789624.38039207,143425107,0,281,24,-506,5,13,-18,0,0,0,1,143425107
1770789624.38039207,143425107,1,281,24,-506,5,13,-18,0,0,0,1,143425107
1770789624.38039207,143425107,2,281,24,-506,5,13,-18,0,0,0,1,143425107
1770789624.48035216,143525067,0,281,24,-506,5,13,-18,0,0,0,1,143525067
1770789624.48035216,143525067,1,281,24,-506,5,13,-18,0,0,0,1,143525067
1770789624.48035216,143525067,2,281,24,-506,5,13,-18,0,0,0,1,143525067
1770789624.58031201,143625027,0,282,24,-506,5,13,-18,0,0,0,1,143625027
1770789624.58031201,143625027,1,282,24,-506,5,13,-18,0,0,0,1,143625027
1770789624.58031201,143625027,2,282,24,-506,5,13,-18,0,0,0,1,143625027
1770789624.68027210,143724987,0,281,23,-506,5,13,-18,0,0,0,1,143724987
1770789624.68027210,143724987,1,281,23,-506,5,13,-18,0,0,0,1,143724987
1770789624.68027210,143724987,2,281,23,-506,5,13,-18,0,0,0,1,143724987
1770789624.78023219,143824947,0,281,23,-506,5,13,-18,0,0,0,1,143824947
1770789624.78023219,143824947,1,281,23,-506,5,13,-18,0,0,0,1,143824947
1770789624.78023219,143824947,2,281,23,-506,5,13,-18,0,0,0,1,143824947
1770789624.88019204,143924907,0,281,23,-506,5,13,-18,0,0,0,1,143924907
1770789624.88019204,143924907,1,281,23,-506,5,13,-18,0,0,0,1,143924907
1770789624.88019204,143924907,2,281,23,-506,5,13,-18,0,0,0,1,143924907
1770789624.98015213,144024867,0,281,23,-506,5,13,-18,0,0,0,1,144024867
1770789624.98015213,144024867,1,281,23,-506,5,13,-18,0,0,0,1,144024867
1770789624.98015213,144024867,2,281,23,-506,5,13,-18,0,0,0,1,144024867
1770789625.08011198,144124827,0,281,23,-506,5,13,-18,0,0,0,1,144124827
1770789625.08011198,144124827,1,281,23,-506,5,13,-18,0,0,0,1,144124827
1770789625.08011198,144124827,2,281,23,-506,5,13,-18,0,0,0,1,144124827
1770789625.18007207,144224787,0,281,23,-506,5,13,-18,0,0,0,1,144224787
1770789625.18007207,144224787,1,281,23,-506,5,13,-18,0,0,0,1,144224787
1770789625.18007207,144224787,2,281,23,-506,5,13,-18,0,0,0,1,144224787
1770789625.28003216,144324747,0,282,24,-505,5,13,-18,0,0,0,1,144324747
1770789625.28003216,144324747,1,282,24,-505,5,13,-18,0,0,0,1,144324747
1770789625.28003216,144324747,2,282,24,-505,5,13,-18,0,0,0,1,144324747
1770789625.37999201,144424707,0,282,24,-505,5,13,-18,0,0,0,1,144424707
1770789625.37999201,144424707,1,282,24,-505,5,13,-18,0,0,0,1,144424707
1770789625.37999201,144424707,2,282,24,-505,5,13,-18,0,0,0,1,144424707
1770789625.47995210,144524667,0,282,24,-505,5,13,-18,0,0,0,1,144524667
1770789625.47995210,144524667,1,282,24,-505,5,13,-18,0,0,0,1,144524667
1770789625.47995210,144524667,2,282,24,-505,5,13,-18,0,0,0,1,144524667
1770789625.57991219,144624627,0,283,24,-505,5,13,-18,0,0,0,1,144624627
1770789625.57991219,144624627,1,283,24,-505,5,13,-18,0,0,0,1,144624627
1770789625.57991219,144624627,2,283,24,-505,5,13,-18,0,0,0,1,144624627
1770789625.67987204,144724587,0,283,25,-505,5,13,-18,0,0,0,1,144724587
1770789625.67987204,144724587,1,283,25,-505,5,13,-18,0,0,0,1,144724587
1770789625.67987204,144724587,2,283,25,-505,5,13,-18,0,0,0,1,144724587
1770789625.77983212,144824547,0,282,25,-505,5,13,-18,0,0,0,1,144824547
1770789625.77983212,144824547,1,282,25,-505,5,13,-18,0,0,0,1,144824547
1770789625.77983212,144824547,2,282,25,-505,5,13,-18,0,0,0,1,144824547
1770789625.87979198,144924507,0,282,25,-506,5,13,-18,0,0,0,1,144924507
1770789625.87979198,144924507,1,282,25,-506,5,13,-18,0,0,0,1,144924507
1770789625.87979198,144924507,2,282,25,-506,5,13,-18,0,0,0,1,144924507
1770789625.97975206,145024467,0,281,24,-506,5,13,-18,0,0,0,1,145024467
1770789625.97975206,145024467,1,281,24,-506,5,13,-18,0,0,0,1,145024467
1770789625.97975206,145024467,2,281,24,-506,5,13,-18,0,0,0,1,145024467
1770789626.07971215,145124427,0,280,24,-506,5,13,-18,0,0,0,1,145124427
1770789626.07971215,145124427,1,280,24,-506,5,13,-18,0,0,0,1,145124427
1770789626.07971215,145124427,2,280,24,-506,5,13,-18,0,0,0,1,145124427
1770789626.17967200,145224387,0,280,24,-507,5,13,-18,0,0,0,1,145224387
1770789626.17967200,145224387,1,280,24,-507,5,13,-18,0,0,0,1,145224387
1770789626.17967200,145224387,2,280,24,-507,5,13,-18,0,0,0,1,145224387
1770789626.27963209,145324347,0,280,24,-506,5,13,-18,0,0,0,1,145324347
1770789626.27963209,145324347,1,280,24,-506,5,13,-18,0,0,0,1,145324347
1770789626.27963209,145324347,2,280,24,-506,5,13,-18,0,0,0,1,145324347
1770789626.38042498,145425140,0,281,24,-506,5,13,-18,0,0,0,1,145425140
1770789626.38042498,145425140,1,281,24,-506,5,13,-18,0,0,0,1,145425140
1770789626.38042498,145425140,2,281,24,-506,5,13,-18,0,0,0,1,145425140
1770789626.48038507,145525100,0,281,25,-506,5,13,-18,0,0,0,1,145525100
1770789626.48038507,145525100,1,281,25,-506,5,13,-18,0,0,0,1,145525100
1770789626.48038507,145525100,2,281,25,-506,5,13,-18,0,0,0,1,145525100
1770789626.58034515,145625060,0,281,26,-506,5,13,-18,0,0,0,1,145625060
1770789626.58034515,145625060,1,281,26,-506,5,13,-18,0,0,0,1,145625060
1770789626.58034515,145625060,2,281,26,-506,5,13,-18,0,0,0,1,145625060
1770789626.68030500,145725020,0,281,26,-506,5,13,-18,0,0,0,1,145725020
1770789626.68030500,145725020,1,281,26,-506,5,13,-18,0,0,0,1,145725020
1770789626.68030500,145725020,2,281,26,-506,5,13,-18,0,0,0,1,145725020
1770789626.78026509,145824980,0,281,25,-506,5,13,-18,0,0,0,1,145824980
1770789626.78026509,145824980,1,281,25,-506,5,13,-18,0,0,0,1,145824980
1770789626.78026509,145824980,2,281,25,-506,5,13,-18,0,0,0,1,145824980
1770789626.88022518,145924940,0,281,24,-506,5,13,-18,0,0,0,1,145924940
1770789626.88022518,145924940,1,281,24,-506,5,13,-18,0,0,0,1,145924940
1770789626.88022518,145924940,2,281,24,-506,5,13,-18,0,0,0,1,145924940
1770789626.98018503,146024900,0,281,24,-506,5,13,-18,0,0,0,1,146024900
1770789626.98018503,146024900,1,281,24,-506,5,13,-18,0,0,0,1,146024900
1770789626.98018503,146024900,2,281,24,-506,5,13,-18,0,0,0,1,146024900
1770789627.08014512,146124860,0,282,23,-506,5,13,-18,0,0,0,1,146124860
1770789627.08014512,146124860,1,282,23,-506,5,13,-18,0,0,0,1,146124860
1770789627.08014512,146124860,2,282,23,-506,5,13,-18,0,0,0,1,146124860
1770789627.18010497,146224820,0,281,23,-506,5,13,-18,0,0,0,1,146224820
1770789627.18010497,146224820,1,281,23,-506,5,13,-18,0,0,0,1,146224820
1770789627.18010497,146224820,2,281,23,-506,5,13,-18,0,0,0,1,146224820
1770789627.28006506,146324780,0,281,23,-506,5,13,-18,0,0,0,1,146324780
1770789627.28006506,146324780,1,281,23,-506,5,13,-18,0,0,0,1,146324780
1770789627.28006506,146324780,2,281,23,-506,5,13,-18,0,0,0,1,146324780
1770789627.38002515,146424740,0,280,27,-506,5,13,-18,0,0,0,1,146424740
1770789627.38002515,146424740,1,280,27,-506,5,13,-18,0,0,0,1,146424740
1770789627.38002515,146424740,2,280,27,-506,5,13,-18,0,0,0,1,146424740
1770789627.47998500,146524700,0,279,35,-507,5,13,-18,0,0,0,1,146524700
1770789627.47998500,146524700,1,279,35,-507,5,13,-18,0,0,0,1,146524700
1770789627.47998500,146524700,2,279,35,-507,5,13,-18,0,0,0,1,146524700
1770789627.57994509,146624660,0,276,46,-507,5,13,-18,0,0,0,1,146624660
1770789627.57994509,146624660,1,276,46,-507,5,13,-18,0,0,0,1,146624660
1770789627.57994509,146624660,2,276,46,-507,5,13,-18,0,0,0,1,146624660
1770789627.67990518,146724620,0,274,58,-507,5,13,-18,0,0,0,1,146724620
1770789627.67990518,146724620,1,274,58,-507,5,13,-18,0,0,0,1,146724620
1770789627.67990518,146724620,2,274,58,-507,5,13,-18,0,0,0,1,146724620
1770789627.77986503,146824580,0,271,69,-507,5,13,-18,0,0,0,1,146824580
1770789627.77986503,146824580,1,271,69,-507,5,13,-18,0,0,0,1,146824580
1770789627.77986503,146824580,2,271,69,-507,5,13,-18,0,0,0,1,146824580
1770789627.87982512,146924540,0,269,78,-507,5,13,-18,0,0,0,1,146924540
1770789627.87982512,146924540,1,269,78,-507,5,13,-18,0,0,0,1,146924540
1770789627.87982512,146924540,2,269,78,-507,5,13,-18,0,0,0,1,146924540
1770789627.97978497,147024500,0,267,86,-507,5,13,-18,0,0,0,1,147024500
1770789627.97978497,147024500,1,267,86,-507,5,13,-18,0,0,0,1,147024500
1770789627.97978497,147024500,2,267,86,-507,5,13,-18,0,0,0,1,147024500
1770789628.07974505,147124460,0,265,91,-507,5,13,-18,0,0,0,1,147124460
1770789628.07974505,147124460,1,265,91,-507,5,13,-18,0,0,0,1,147124460
1770789628.07974505,147124460,2,265,91,-507,5,13,-18,0,0,0,1,147124460
1770789628.17970514,147224420,0,264,96,-507,5,13,-18,0,0,0,1,147224420
1770789628.17970514,147224420,1,264,96,-507,5,13,-18,0,0,0,1,147224420
1770789628.17970514,147224420,2,264,96,-507,5,13,-18,0,0,0,1,147224420
1770789628.27966499,147324380,0,262,100,-507,5,13,-18,0,0,0,1,147324380
1770789628.27966499,147324380,1,262,100,-507,5,13,-18,0,0,0,1,147324380
1770789628.27966499,147324380,2,262,100,-507,5,13,-18,0,0,0,1,147324380
1770789628.37962508,147424340,0,261,103,-507,5,13,-18,0,0,0,1,147424340
1770789628.37962508,147424340,1,261,103,-507,5,13,-18,0,0,0,1,147424340
1770789628.37962508,147424340,2,261,103,-507,5,13,-18,0,0,0,1,147424340
1770789628.48041797,147525133,0,259,106,-507,5,13,-18,0,0,0,1,147525133
1770789628.48041797,147525133,1,259,106,-507,5,13,-18,0,0,0,1,147525133
1770789628.48041797,147525133,2,259,106,-507,5,13,-18,0,0,0,1,147525133
1770789628.58037806,147625093,0,258,109,-507,5,13,-18,0,0,0,1,147625093
1770789628.58037806,147625093,1,258,109,-507,5,13,-18,0,0,0,1,147625093
1770789628.58037806,147625093,2,258,109,-507,5,13,-18,0,0,0,1,147625093
1770789628.68033814,147725053,0,257,112,-507,5,13,-18,0,0,0,1,147725053
1770789628.68033814,147725053,1,257,112,-507,5,13,-18,0,0,0,1,147725053
1770789628.68033814,147725053,2,257,112,-507,5,13,-18,0,0,0,1,147725053
1770789628.78029799,147825013,0,256,114,-507,5,13,-18,0,0,0,1,147825013
1770789628.78029799,147825013,1,256,114,-507,5,13,-18,0,0,0,1,147825013
1770789628.78029799,147825013,2,256,114,-507,5,13,-18,0,0,0,1,147825013
1770789628.88025808,147924973,0,255,116,-507,5,13,-18,0,0,0,1,147924973
1770789628.88025808,147924973,1,255,116,-507,5,13,-18,0,0,0,1,147924973
1770789628.88025808,147924973,2,255,116,-507,5,13,-18,0,0,0,1,147924973
1770789628.98021817,148024933,0,254,117,-507,5,13,-18,0,0,0,1,148024933
1770789628.98021817,148024933,1,254,117,-507,5,13,-18,0,0,0,1,148024933
1770789628.98021817,148024933,2,254,117,-507,5,13,-18,0,0,0,1,148024933
1770789629.08017802,148124893,0,253,119,-507,5,13,-18,0,0,0,1,148124893
1770789629.08017802,148124893,1,253,119,-507,5,13,-18,0,0,0,1,148124893
1770789629.08017802,148124893,2,253,119,-507,5,13,-18,0,0,0,1,148124893
1770789629.18013811,148224853,0,253,120,-507,5,13,-18,0,0,0,1,148224853
1770789629.18013811,148224853,1,253,120,-507,5,13,-18,0,0,0,1,148224853
1770789629.18013811,148224853,2,253,120,-507,5,13,-18,0,0,0,1,148224853
1770789629.28009796,148324813,0,254,121,-507,5,13,-18,0,0,0,1,148324813
1770789629.28009796,148324813,1,254,121,-507,5,13,-18,0,0,0,1,148324813
1770789629.28009796,148324813,2,254,121,-507,5,13,-18,0,0,0,1,148324813
1770789629.38005805,148424773,0,253,122,-507,5,13,-18,0,0,0,1,148424773
1770789629.38005805,148424773,1,253,122,-507,5,13,-18,0,0,0,1,148424773
1770789629.38005805,148424773,2,253,122,-507,5,13,-18,0,0,0,1,148424773
1770789629.48001814,148524733,0,252,122,-507,5,13,-18,0,0,0,1,148524733
1770789629.48001814,148524733,1,252,122,-507,5,13,-18,0,0,0,1,148524733
1770789629.48001814,148524733,2,252,122,-507,5,13,-18,0,0,0,1,148524733
1770789629.57997799,148624693,0,251,122,-507,5,13,-18,0,0,0,1,148624693
1770789629.57997799,148624693,1,251,122,-507,5,13,-18,0,0,0,1,148624693
1770789629.57997799,148624693,2,251,122,-507,5,13,-18,0,0,0,1,148624693
1770789629.67993808,148724653,0,250,123,-508,5,13,-18,0,0,0,1,148724653
1770789629.67993808,148724653,1,250,123,-508,5,13,-18,0,0,0,1,148724653
1770789629.67993808,148724653,2,250,123,-508,5,13,-18,0,0,0,1,148724653
1770789629.77989817,148824613,0,249,123,-508,5,13,-18,0,0,0,1,148824613
1770789629.77989817,148824613,1,249,123,-508,5,13,-18,0,0,0,1,148824613
1770789629.77989817,148824613,2,249,123,-508,5,13,-18,0,0,0,1,148824613
1770789629.87985802,148924573,0,249,124,-508,5,13,-18,0,0,0,1,148924573
1770789629.87985802,148924573,1,249,124,-508,5,13,-18,0,0,0,1,148924573
1770789629.87985802,148924573,2,249,124,-508,5,13,-18,0,0,0,1,148924573
1770789629.97981811,149024533,0,250,125,-507,5,13,-18,0,0,0,1,149024533
1770789629.97981811,149024533,1,250,125,-507,5,13,-18,0,0,0,1,149024533
1770789629.97981811,149024533,2,250,125,-507,5,13,-18,0,0,0,1,149024533
1770789630.07977796,149124493,0,251,126,-507,5,13,-18,0,0,0,1,149124493
1770789630.07977796,149124493,1,251,126,-507,5,13,-18,0,0,0,1,149124493
1770789630.07977796,149124493,2,251,126,-507,5,13,-18,0,0,0,1,149124493
1770789630.17973804,149224453,0,251,126,-507,5,13,-18,0,0,0,1,149224453
1770789630.17973804,149224453,1,251,126,-507,5,13,-18,0,0,0,1,149224453
1770789630.17973804,149224453,2,251,126,-507,5,13,-18,0,0,0,1,149224453
1770789630.27969813,149324413,0,250,127,-507,5,13,-18,0,0,0,1,149324413
1770789630.27969813,149324413,1,250,127,-507,5,13,-18,0,0,0,1,149324413
1770789630.27969813,149324413,2,250,127,-507,5,13,-18,0,0,0,1,149324413
1770789630.37965798,149424373,0,249,127,-507,5,13,-18,0,0,0,1,149424373
1770789630.37965798,149424373,1,249,127,-507,5,13,-18,0,0,0,1,149424373
1770789630.37965798,149424373,2,249,127,-507,5,13,-18,0,0,0,1,149424373
1770789630.47961807,149524333,0,248,128,-508,5,13,-18,0,0,0,1,149524333
1770789630.47961807,149524333,1,248,128,-508,5,13,-18,0,0,0,1,149524333
1770789630.47961807,149524333,2,248,128,-508,5,13,-18,0,0,0,1,149524333
1770789630.58041096,149625126,0,247,128,-508,5,13,-18,0,0,0,1,149625126
1770789630.58041096,149625126,1,247,128,-508,5,13,-18,0,0,0,1,149625126
1770789630.58041096,149625126,2,247,128,-508,5,13,-18,0,0,0,1,149625126
1770789630.68037105,149725086,0,247,128,-508,5,13,-18,0,0,0,1,149725086
1770789630.68037105,149725086,1,247,128,-508,5,13,-18,0,0,0,1,149725086
1770789630.68037105,149725086,2,247,128,-508,5,13,-18,0,0,0,1,149725086
1770789630.78033113,149825046,0,247,128,-508,5,13,-18,0,0,0,1,149825046
1770789630.78033113,149825046,1,247,128,-508,5,13,-18,0,0,0,1,149825046
1770789630.78033113,149825046,2,247,128,-508,5,13,-18,0,0,0,1,149825046
1770789630.88029099,149925006,0,247,127,-508,5,13,-18,0,0,0,1,149925006
1770789630.88029099,149925006,1,247,127,-508,5,13,-18,0,0,0,1,149925006
1770789630.88029099,149925006,2,247,127,-508,5,13,-18,0,0,0,1,149925006
1770789630.98025107,150024966,0,247,127,-508,5,13,-18,0,0,0,1,150024966
1770789630.98025107,150024966,1,247,127,-508,5,13,-18,0,0,0,1,150024966
1770789630.98025107,150024966,2,247,127,-508,5,13,-18,0,0,0,1,150024966
1770789631.08021116,150124926,0,247,127,-508,5,13,-18,0,0,0,1,150124926
1770789631.08021116,150124926,1,247,127,-508,5,13,-18,0,0,0,1,150124926
1770789631.08021116,150124926,2,247,127,-508,5,13,-18,0,0,0,1,150124926
1770789631.18017101,150224886,0,248,127,-508,5,13,-18,0,0,0,1,150224886
1770789631.18017101,150224886,1,248,127,-508,5,13,-18,0,0,0,1,150224886
1770789631.18017101,150224886,2,248,127,-508,5,13,-18,0,0,0,1,150224886
1770789631.28013110,150324846,0,249,127,-507,5,13,-18,0,0,0,1,150324846
1770789631.28013110,150324846,1,249,127,-507,5,13,-18,0,0,0,1,150324846
1770789631.28013110,150324846,2,249,127,-507,5,13,-18,0,0,0,1,150324846
1770789631.38009119,150424806,0,250,128,-507,5,13,-18,0,0,0,1,150424806
1770789631.38009119,150424806,1,250,128,-507,5,13,-18,0,0,0,1,150424806
1770789631.38009119,150424806,2,250,128,-507,5,13,-18,0,0,0,1,150424806
1770789631.48005104,150524766,0,250,128,-507,5,13,-18,0,0,0,1,150524766
1770789631.48005104,150524766,1,250,128,-507,5,13,-18,0,0,0,1,150524766
1770789631.48005104,150524766,2,250,128,-507,5,13,-18,0,0,0,1,150524766
1770789631.58001113,150624726,0,249,128,-507,5,13,-18,0,0,0,1,150624726
1770789631.58001113,150624726,1,249,128,-507,5,13,-18,0,0,0,1,150624726
1770789631.58001113,150624726,2,249,128,-507,5,13,-18,0,0,0,1,150624726
1770789631.67997098,150724686,0,247,128,-508,5,13,-18,0,0,0,1,150724686
1770789631.67997098,150724686,1,247,128,-508,5,13,-18,0,0,0,1,150724686
1770789631.67997098,150724686,2,247,128,-508,5,13,-18,0,0,0,1,150724686
1770789631.77993107,150824646,0,245,127,-509,5,13,-18,0,0,0,1,150824646
1770789631.77993107,150824646,1,245,127,-509,5,13,-18,0,0,0,1,150824646
1770789631.77993107,150824646,2,245,127,-509,5,13,-18,0,0,0,1,150824646
1770789631.87989116,150924606,0,245,127,-509,5,13,-18,0,0,0,1,150924606
1770789631.87989116,150924606,1,245,127,-509,5,13,-18,0,0,0,1,150924606
1770789631.87989116,150924606,2,245,127,-509,5,13,-18,0,0,0,1,150924606
1770789631.97985101,151024566,0,244,126,-510,5,13,-18,0,0,0,1,151024566
1770789631.97985101,151024566,1,244,126,-510,5,13,-18,0,0,0,1,151024566
1770789631.97985101,151024566,2,244,126,-510,5,13,-18,0,0,0,1,151024566
1770789632.07981110,151124526,0,245,126,-509,5,13,-18,0,0,0,1,151124526
1770789632.07981110,151124526,1,245,126,-509,5,13,-18,0,0,0,1,151124526
1770789632.07981110,151124526,2,245,126,-509,5,13,-18,0,0,0,1,151124526
1770789632.17977118,151224486,0,246,125,-509,5,13,-18,0,0,0,1,151224486
1770789632.17977118,151224486,1,246,125,-509,5,13,-18,0,0,0,1,151224486
1770789632.17977118,151224486,2,246,125,-509,5,13,-18,0,0,0,1,151224486
1770789632.27973104,151324446,0,246,126,-509,5,13,-18,0,0,0,1,151324446
1770789632.27973104,151324446,1,246,126,-509,5,13,-18,0,0,0,1,151324446
1770789632.27973104,151324446,2,246,126,-509,5,13,-18,0,0,0,1,151324446
1770789632.37969112,151424406,0,246,126,-509,5,13,-18,0,0,0,1,151424406
1770789632.37969112,151424406,1,246,126,-509,5,13,-18,0,0,0,1,151424406
1770789632.37969112,151424406,2,246,126,-509,5,13,-18,0,0,0,1,151424406
1770789632.47965097,151524366,0,246,127,-509,5,13,-18,0,0,0,1,151524366
1770789632.47965097,151524366,1,246,127,-509,5,13,-18,0,0,0,1,151524366
1770789632.47965097,151524366,2,246,127,-509,5,13,-18,0,0,0,1,151524366
1770789632.57961106,151624326,0,246,128,-509,5,13,-18,0,0,0,1,151624326
1770789632.57961106,151624326,1,246,128,-509,5,13,-18,0,0,0,1,151624326
1770789632.57961106,151624326,2,246,128,-509,5,13,-18,0,0,0,1,151624326
1770789632.68040419,151725119,0,245,128,-509,5,13,-18,0,0,0,1,151725119
1770789632.68040419,151725119,1,245,128,-509,5,13,-18,0,0,0,1,151725119
1770789632.68040419,151725119,2,245,128,-509,5,13,-18,0,0,0,1,151725119
1770789632.78036404,151825079,0,246,128,-509,5,13,-18,0,0,0,1,151825079
1770789632.78036404,151825079,1,246,128,-509,5,13,-18,0,0,0,1,151825079
1770789632.78036404,151825079,2,246,128,-509,5,13,-18,0,0,0,1,151825079
1770789632.88032413,151925039,0,246,127,-509,5,13,-18,0,0,0,1,151925039
1770789632.88032413,151925039,1,246,127,-509,5,13,-18,0,0,0,1,151925039
1770789632.88032413,151925039,2,246,127,-509,5,13,-18,0,0,0,1,151925039
1770789632.98028398,152024999,0,246,127,-509,5,13,-18,0,0,0,1,152024999
1770789632.98028398,152024999,1,246,127,-509,5,13,-18,0,0,0,1,152024999
1770789632.98028398,152024999,2,246,127,-509,5,13,-18,0,0,0,1,152024999
1770789633.08024406,152124959,0,247,127,-508,5,13,-18,0,0,0,1,152124959
1770789633.08024406,152124959,1,247,127,-508,5,13,-18,0,0,0,1,152124959
1770789633.08024406,152124959,2,247,127,-508,5,13,-18,0,0,0,1,152124959
1770789633.18020415,152224919,0,247,127,-508,5,13,-18,0,0,0,1,152224919
1770789633.18020415,152224919,1,247,127,-508,5,13,-18,0,0,0,1,152224919
1770789633.18020415,152224919,2,247,127,-508,5,13,-18,0,0,0,1,152224919
1770789633.28016400,152324879,0,246,127,-509,5,13,-18,0,0,0,1,152324879
1770789633.28016400,152324879,1,246,127,-509,5,13,-18,0,0,0,1,152324879
1770789633.28016400,152324879,2,246,127,-509,5,13,-18,0,0,0,1,152324879
1770789633.38012409,152424839,0,246,127,-509,5,13,-18,0,0,0,1,152424839
1770789633.38012409,152424839,1,246,127,-509,5,13,-18,0,0,0,1,152424839
1770789633.38012409,152424839,2,246,127,-509,5,13,-18,0,0,0,1,152424839
1770789633.48008418,152524799,0,246,127,-509,5,13,-18,0,0,0,1,152524799
1770789633.48008418,152524799,1,246,127,-509,5,13,-18,0,0,0,1,152524799
1770789633.48008418,152524799,2,246,127,-509,5,13,-18,0,0,0,1,152524799
1770789633.58004403,152624759,0,246,127,-509,5,13,-18,0,0,0,1,152624759
1770789633.58004403,152624759,1,246,127,-509,5,13,-18,0,0,0,1,152624759
1770789633.58004403,152624759,2,246,127,-509,5,13,-18,0,0,0,1,152624759
1770789633.68000412,152724719,0,246,127,-509,5,13,-18,0,0,0,1,152724719
1770789633.68000412,152724719,1,246,127,-509,5,13,-18,0,0,0,1,152724719
1770789633.68000412,152724719,2,246,127,-509,5,13,-18,0,0,0,1,152724719
1770789633.77996397,152824679,0,246,127,-509,5,13,-18,0,0,0,1,152824679
1770789633.77996397,152824679,1,246,127,-509,5,13,-18,0,0,0,1,152824679
1770789633.77996397,152824679,2,246,127,-509,5,13,-18,0,0,0,1,152824679
1770789633.87992406,152924639,0,246,127,-509,5,13,-18,0,0,0,1,152924639
1770789633.87992406,152924639,1,246,127,-509,5,13,-18,0,0,0,1,152924639
1770789633.87992406,152924639,2,246,127,-509,5,13,-18,0,0,0,1,152924639
1770789633.97988415,153024599,0,246,128,-508,5,13,-18,0,0,0,1,153024599
1770789633.97988415,153024599,1,246,128,-508,5,13,-18,0,0,0,1,153024599
1770789633.97988415,153024599,2,246,128,-508,5,13,-18,0,0,0,1,153024599
1770789634.07984400,153124559,0,246,128,-508,5,13,-18,0,0,0,1,153124559
1770789634.07984400,153124559,1,246,128,-508,5,13,-18,0,0,0,1,153124559
1770789634.07984400,153124559,2,246,128,-508,5,13,-18,0,0,0,1,153124559
1770789634.17980409,153224519,0,247,128,-508,5,13,-18,0,0,0,1,153224519
1770789634.17980409,153224519,1,247,128,-508,5,13,-18,0,0,0,1,153224519
1770789634.17980409,153224519,2,247,128,-508,5,13,-18,0,0,0,1,153224519
1770789634.27976418,153324479,0,246,127,-509,5,13,-18,0,0,0,1,153324479
1770789634.27976418,153324479,1,246,127,-509,5,13,-18,0,0,0,1,153324479
1770789634.27976418,153324479,2,246,127,-509,5,13,-18,0,0,0,1,153324479
1770789634.37972403,153424439,0,247,126,-509,5,13,-18,0,0,0,1,153424439
1770789634.37972403,153424439,1,247,126,-509,5,13,-18,0,0,0,1,153424439
1770789634.37972403,153424439,2,247,126,-509,5,13,-18,0,0,0,1,153424439
1770789634.47968411,153524399,0,247,126,-509,5,13,-18,0,0,0,1,153524399
1770789634.47968411,153524399,1,247,126,-509,5,13,-18,0,0,0,1,153524399
1770789634.47968411,153524399,2,247,126,-509,5,13,-18,0,0,0,1,153524399
1770789634.57964396,153624359,0,246,126,-509,5,13,-18,0,0,0,1,153624359
1770789634.57964396,153624359,1,246,126,-509,5,13,-18,0,0,0,1,153624359
1770789634.57964396,153624359,2,246,126,-509,5,13,-18,0,0,0,1,153624359
1770789634.67960405,153724319,0,246,127,-509,5,13,-18,0,0,0,1,153724319
1770789634.67960405,153724319,1,246,127,-509,5,13,-18,0,0,0,1,153724319
1770789634.67960405,153724319,2,246,127,-509,5,13,-18,0,0,0,1,153724319
1770789634.78039718,153825112,0,246,126,-509,5,13,-18,0,0,0,1,153825112
1770789634.78039718,153825112,1,246,126,-509,5,13,-18,0,0,0,1,153825112
1770789634.78039718,153825112,2,246,126,-509,5,13,-18,0,0,0,1,153825112
1770789634.88035703,153925072,0,246,126,-509,5,13,-18,0,0,0,1,153925072
1770789634.88035703,153925072,1,246,126,-509,5,13,-18,0,0,0,1,153925072
1770789634.88035703,153925072,2,246,126,-509,5,13,-18,0,0,0,1,153925072
1770789634.98031712,154025032,0,246,126,-509,5,13,-18,0,0,0,1,154025032
1770789634.98031712,154025032,1,246,126,-509,5,13,-18,0,0,0,1,154025032
1770789634.98031712,154025032,2,246,126,-509,5,13,-18,0,0,0,1,154025032
1770789635.08027697,154124992,0,246,127,-509,5,13,-18,0,0,0,1,154124992
1770789635.08027697,154124992,1,246,127,-509,5,13,-18,0,0,0,1,154124992
1770789635.08027697,154124992,2,246,127,-509,5,13,-18,0,0,0,1,154124992
1770789635.18023705,154224952,0,246,127,-508,5,13,-18,0,0,0,1,154224952
1770789635.18023705,154224952,1,246,127,-508,5,13,-18,0,0,0,1,154224952
1770789635.18023705,154224952,2,246,127,-508,5,13,-18,0,0,0,1,154224952
1770789635.28019714,154324912,0,247,127,-508,5,13,-18,0,0,0,1,154324912
1770789635.28019714,154324912,1,247,127,-508,5,13,-18,0,0,0,1,154324912
1770789635.28019714,154324912,2,247,127,-508,5,13,-18,0,0,0,1,154324912
1770789635.38015699,154424872,0,247,126,-508,5,13,-18,0,0,0,1,154424872
1770789635.38015699,154424872,1,247,126,-508,5,13,-18,0,0,0,1,154424872
1770789635.38015699,154424872,2,247,126,-508,5,13,-18,0,0,0,1,154424872
1770789635.48011708,154524832,0,247,127,-508,5,13,-18,0,0,0,1,154524832
1770789635.48011708,154524832,1,247,127,-508,5,13,-18,0,0,0,1,154524832
1770789635.48011708,154524832,2,247,127,-508,5,13,-18,0,0,0,1,154524832
1770789635.58007717,154624792,0,247,127,-508,5,13,-18,0,0,0,1,154624792
1770789635.58007717,154624792,1,247,127,-508,5,13,-18,0,0,0,1,154624792
1770789635.58007717,154624792,2,247,127,-508,5,13,-18,0,0,0,1,154624792
1770789635.68003702,154724752,0,247,127,-509,5,13,-18,0,0,0,1,154724752
1770789635.68003702,154724752,1,247,127,-509,5,13,-18,0,0,0,1,154724752
1770789635.68003702,154724752,2,247,127,-509,5,13,-18,0,0,0,1,154724752
1770789635.77999711,154824712,0,247,126,-509,5,13,-18,0,0,0,1,154824712
1770789635.77999711,154824712,1,247,126,-509,5,13,-18,0,0,0,1,154824712
1770789635.77999711,154824712,2,247,126,-509,5,13,-18,0,0,0,1,154824712
1770789635.87995696,154924672,0,247,127,-508,5,13,-18,0,0,0,1,154924672
1770789635.87995696,154924672,1,247,127,-508,5,13,-18,0,0,0,1,154924672
1770789635.87995696,154924672,2,247,127,-508,5,13,-18,0,0,0,1,154924672
1770789635.97991705,155024632,0,247,126,-508,5,13,-18,0,0,0,1,155024632
1770789635.97991705,155024632,1,247,126,-508,5,13,-18,0,0,0,1,155024632
1770789635.97991705,155024632,2,247,126,-508,5,13,-18,0,0,0,1,155024632
1770789636.07987714,155124592,0,247,126,-508,5,13,-18,0,0,0,1,155124592
1770789636.07987714,155124592,1,247,126,-508,5,13,-18,0,0,0,1,155124592
1770789636.07987714,155124592,2,247,126,-508,5,13,-18,0,0,0,1,155124592
1770789636.17983699,155224552,0,247,126,-509,5,13,-18,0,0,0,1,155224552
1770789636.17983699,155224552,1,247,126,-509,5,13,-18,0,0,0,1,155224552
1770789636.17983699,155224552,2,247,126,-509,5,13,-18,0,0,0,1,155224552
1770789636.27979708,155324512,0,247,127,-509,5,13,-18,0,0,0,1,155324512
1770789636.27979708,155324512,1,247,127,-509,5,13,-18,0,0,0,1,155324512
1770789636.27979708,155324512,2,247,127,-509,5,13,-18,0,0,0,1,155324512
1770789636.37975717,155424472,0,246,128,-509,5,13,-18,0,0,0,1,155424472
1770789636.37975717,155424472,1,246,128,-509,5,13,-18,0,0,0,1,155424472
1770789636.37975717,155424472,2,246,128,-509,5,13,-18,0,0,0,1,155424472
1770789636.47971702,155524432,0,245,128,-509,5,13,-18,0,0,0,1,155524432
1770789636.47971702,155524432,1,245,128,-509,5,13,-18,0,0,0,1,155524432
1770789636.47971702,155524432,2,245,128,-509,5,13,-18,0,0,0,1,155524432
1770789636.57967710,155624392,0,246,129,-508,5,13,-18,0,0,0,1,155624392
1770789636.57967710,155624392,1,246,129,-508,5,13,-18,0,0,0,1,155624392
1770789636.57967710,155624392,2,246,129,-508,5,13,-18,0,0,0,1,155624392
1770789636.67963696,155724352,0,246,129,-508,5,13,-18,0,0,0,1,155724352
1770789636.67963696,155724352,1,246,129,-508,5,13,-18,0,0,0,1,155724352
1770789636.67963696,155724352,2,246,129,-508,5,13,-18,0,0,0,1,155724352
1770789636.77959704,155824312,0,247,128,-508,5,13,-18,0,0,0,1,155824312
1770789636.77959704,155824312,1,247,128,-508,5,13,-18,0,0,0,1,155824312
1770789636.77959704,155824312,2,247,128,-508,5,13,-18,0,0,0,1,155824312
1770789636.88039017,155925105,0,246,127,-509,5,13,-18,0,0,0,1,155925105
1770789636.88039017,155925105,1,246,127,-509,5,13,-18,0,0,0,1,155925105
1770789636.88039017,155925105,2,246,127,-509,5,13,-18,0,0,0,1,155925105
1770789636.98035002,156025065,0,246,126,-509,5,13,-18,0,0,0,1,156025065
1770789636.98035002,156025065,1,246,126,-509,5,13,-18,0,0,0,1,156025065
1770789636.98035002,156025065,2,246,126,-509,5,13,-18,0,0,0,1,156025065
1770789637.08031011,156125025,0,245,126,-509,5,13,-18,0,0,0,1,156125025
1770789637.08031011,156125025,1,245,126,-509,5,13,-18,0,0,0,1,156125025
1770789637.08031011,156125025,2,245,126,-509,5,13,-18,0,0,0,1,156125025
1770789637.18026996,156224985,0,245,125,-510,5,13,-18,0,0,0,1,156224985
1770789637.18026996,156224985,1,245,125,-510,5,13,-18,0,0,0,1,156224985
1770789637.18026996,156224985,2,245,125,-510,5,13,-18,0,0,0,1,156224985
1770789637.28023005,156324945,0,245,125,-510,5,13,-18,0,0,0,1,156324945
1770789637.28023005,156324945,1,245,125,-510,5,13,-18,0,0,0,1,156324945
1770789637.28023005,156324945,2,245,125,-510,5,13,-18,0,0,0,1,156324945
1770789637.38019013,156424905,0,247,125,-509,5,13,-18,0,0,0,1,156424905
1770789637.38019013,156424905,1,247,125,-509,5,13,-18,0,0,0,1,156424905
1770789637.38019013,156424905,2,247,125,-509,5,13,-18,0,0,0,1,156424905
1770789637.48014998,156524865,0,252,121,-507,5,13,-18,0,0,0,1,156524865
1770789637.48014998,156524865,1,252,121,-507,5,13,-18,0,0,0,1,156524865
1770789637.48014998,156524865,2,252,121,-507,5,13,-18,0,0,0,1,156524865
1770789637.58011007,156624825,0,258,113,-506,5,13,-18,0,0,0,1,156624825
1770789637.58011007,156624825,1,258,113,-506,5,13,-18,0,0,0,1,156624825
1770789637.58011007,156624825,2,258,113,-506,5,13,-18,0,0,0,1,156624825
1770789637.68007016,156724785,0,262,103,-506,5,13,-18,0,0,0,1,156724785
1770789637.68007016,156724785,1,262,103,-506,5,13,-18,0,0,0,1,156724785
1770789637.68007016,156724785,2,262,103,-506,5,13,-18,0,0,0,1,156724785
1770789637.78003001,156824745,0,264,91,-507,5,13,-18,0,0,0,1,156824745
1770789637.78003001,156824745,1,264,91,-507,5,13,-18,0,0,0,1,156824745
1770789637.78003001,156824745,2,264,91,-507,5,13,-18,0,0,0,1,156824745
1770789637.87999010,156924705,0,266,81,-508,5,13,-18,0,0,0,1,156924705
1770789637.87999010,156924705,1,266,81,-508,5,13,-18,0,0,0,1,156924705
1770789637.87999010,156924705,2,266,81,-508,5,13,-18,0,0,0,1,156924705
1770789637.97995019,157024665,0,268,72,-508,5,13,-18,0,0,0,1,157024665
1770789637.97995019,157024665,1,268,72,-508,5,13,-18,0,0,0,1,157024665
1770789637.97995019,157024665,2,268,72,-508,5,13,-18,0,0,0,1,157024665
1770789638.07991004,157124625,0,269,65,-509,5,13,-18,0,0,0,1,157124625
1770789638.07991004,157124625,1,269,65,-509,5,13,-18,0,0,0,1,157124625
1770789638.07991004,157124625,2,269,65,-509,5,13,-18,0,0,0,1,157124625
1770789638.17987013,157224585,0,270,60,-509,5,13,-18,0,0,0,1,157224585
1770789638.17987013,157224585,1,270,60,-509,5,13,-18,0,0,0,1,157224585
1770789638.17987013,157224585,2,270,60,-509,5,13,-18,0,0,0,1,157224585
1770789638.27982998,157324545,0,272,55,-509,5,13,-18,0,0,0,1,157324545
1770789638.27982998,157324545,1,272,55,-509,5,13,-18,0,0,0,1,157324545
1770789638.27982998,157324545,2,272,55,-509,5,13,-18,0,0,0,1,157324545
1770789638.37979007,157424505,0,273,51,-508,5,13,-18,0,0,0,1,157424505
1770789638.37979007,157424505,1,273,51,-508,5,13,-18,0,0,0,1,157424505
1770789638.37979007,157424505,2,273,51,-508,5,13,-18,0,0,0,1,157424505
1770789638.47975016,157524465,0,274,47,-508,5,13,-18,0,0,0,1,157524465
1770789638.47975016,157524465,1,274,47,-508,5,13,-18,0,0,0,1,157524465
1770789638.47975016,157524465,2,274,47,-508,5,13,-18,0,0,0,1,157524465
1770789638.57971001,157624425,0,276,43,-507,5,13,-18,0,0,0,1,157624425
1770789638.57971001,157624425,1,276,43,-507,5,13,-18,0,0,0,1,157624425
1770789638.57971001,157624425,2,276,43,-507,5,13,-18,0,0,0,1,157624425
1770789638.67967010,157724385,0,277,40,-507,5,13,-18,0,0,0,1,157724385
1770789638.67967010,157724385,1,277,40,-507,5,13,-18,0,0,0,1,157724385
1770789638.67967010,157724385,2,277,40,-507,5,13,-18,0,0,0,1,157724385
1770789638.77963018,157824345,0,277,38,-507,5,13,-18,0,0,0,1,157824345
1770789638.77963018,157824345,1,277,38,-507,5,13,-18,0,0,0,1,157824345
1770789638.77963018,157824345,2,277,38,-507,5,13,-18,0,0,0,1,157824345
1770789638.88042307,157925138,0,278,35,-507,5,13,-18,0,0,0,1,157925138
1770789638.88042307,157925138,1,278,35,-507,5,13,-18,0,0,0,1,157925138
1770789638.88042307,157925138,2,278,35,-507,5,13,-18,0,0,0,1,157925138
1770789638.98038316,158025098,0,278,33,-507,5,13,-18,0,0,0,1,158025098
1770789638.98038316,158025098,1,278,33,-507,5,13,-18,0,0,0,1,158025098
1770789638.98038316,158025098,2,278,33,-507,5,13,-18,0,0,0,1,158025098
1770789639.08034301,158125058,0,278,31,-507,5,13,-18,0,0,0,1,158125058
1770789639.08034301,158125058,1,278,31,-507,5,13,-18,0,0,0,1,158125058
1770789639.08034301,158125058,2,278,31,-507,5,13,-18,0,0,0,1,158125058
1770789639.18030310,158225018,0,279,30,-507,5,13,-18,0,0,0,1,158225018
1770789639.18030310,158225018,1,279,30,-507,5,13,-18,0,0,0,1,158225018
1770789639.18030310,158225018,2,279,30,-507,5,13,-18,0,0,0,1,158225018
1770789639.28026319,158324978,0,279,28,-507,5,13,-18,0,0,0,1,158324978
1770789639.28026319,158324978,1,279,28,-507,5,13,-18,0,0,0,1,158324978
1770789639.28026319,158324978,2,279,28,-507,5,13,-18,0,0,0,1,158324978
1770789639.38022304,158424938,0,280,27,-506,5,13,-18,0,0,0,1,158424938
1770789639.38022304,158424938,1,280,27,-506,5,13,-18,0,0,0,1,158424938
1770789639.38022304,158424938,2,280,27,-506,5,13,-18,0,0,0,1,158424938
1770789639.48018312,158524898,0,280,27,-506,5,13,-18,0,0,0,1,158524898
1770789639.48018312,158524898,1,280,27,-506,5,13,-18,0,0,0,1,158524898
1770789639.48018312,158524898,2,280,27,-506,5,13,-18,0,0,0,1,158524898
1770789639.58014297,158624858,0,280,27,-506,5,13,-18,0,0,0,1,158624858
1770789639.58014297,158624858,1,280,27,-506,5,13,-18,0,0,0,1,158624858
1770789639.58014297,158624858,2,280,27,-506,5,13,-18,0,0,0,1,158624858
1770789639.68010306,158724818,0,281,26,-506,5,13,-18,0,0,0,1,158724818
1770789639.68010306,158724818,1,281,26,-506,5,13,-18,0,0,0,1,158724818
1770789639.68010306,158724818,2,281,26,-506,5,13,-18,0,0,0,1,158724818
1770789639.78006315,158824778,0,281,25,-506,5,13,-18,0,0,0,1,158824778
1770789639.78006315,158824778,1,281,25,-506,5,13,-18,0,0,0,1,158824778
1770789639.78006315,158824778,2,281,25,-506,5,13,-18,0,0,0,1,158824778
1770789639.88002300,158924738,0,281,24,-506,5,13,-18,0,0,0,1,158924738
1770789639.88002300,158924738,1,281,24,-506,5,13,-18,0,0,0,1,158924738
1770789639.88002300,158924738,2,281,24,-506,5,13,-18,0,0,0,1,158924738
1770789639.97998309,159024698,0,281,22,-506,5,13,-18,0,0,0,1,159024698
1770789639.97998309,159024698,1,281,22,-506,5,13,-18,0,0,0,1,159024698
1770789639.97998309,159024698,2,281,22,-506,5,13,-18,0,0,0,1,159024698
1770789640.07994318,159124658,0,281,22,-506,5,13,-18,0,0,0,1,159124658
1770789640.07994318,159124658,1,281,22,-506,5,13,-18,0,0,0,1,159124658
1770789640.07994318,159124658,2,281,22,-506,5,13,-18,0,0,0,1,159124658
1770789640.17990303,159224618,0,281,22,-506,5,13,-18,0,0,0,1,159224618
1770789640.17990303,159224618,1,281,22,-506,5,13,-18,0,0,0,1,159224618
1770789640.17990303,159224618,2,281,22,-506,5,13,-18,0,0,0,1,159224618
1770789640.27986312,159324578,0,281,21,-506,5,13,-18,0,0,0,1,159324578
1770789640.27986312,159324578,1,281,21,-506,5,13,-18,0,0,0,1,159324578
1770789640.27986312,159324578,2,281,21,-506,5,13,-18,0,0,0,1,159324578
1770789640.37982297,159424538,0,280,20,-506,5,13,-18,0,0,0,1,159424538
1770789640.37982297,159424538,1,280,20,-506,5,13,-18,0,0,0,1,159424538
1770789640.37982297,159424538,2,280,20,-506,5,13,-18,0,0,0,1,159424538
1770789640.47978306,159524498,0,281,20,-506,5,13,-18,0,0,0,1,159524498
1770789640.47978306,159524498,1,281,20,-506,5,13,-18,0,0,0,1,159524498
1770789640.47978306,159524498,2,281,20,-506,5,13,-18,0,0,0,1,159524498
1770789640.57974315,159624458,0,281,20,-506,5,13,-18,0,0,0,1,159624458
1770789640.57974315,159624458,1,281,20,-506,5,13,-18,0,0,0,1,159624458
1770789640.57974315,159624458,2,281,20,-506,5,13,-18,0,0,0,1,159624458
1770789640.67970300,159724418,0,281,20,-506,5,13,-18,0,0,0,1,159724418
1770789640.67970300,159724418,1,281,20,-506,5,13,-18,0,0,0,1,159724418
1770789640.67970300,159724418,2,281,20,-506,5,13,-18,0,0,0,1,159724418
1770789640.77966309,159824378,0,281,19,-506,5,13,-18,0,0,0,1,159824378
1770789640.77966309,159824378,1,281,19,-506,5,13,-18,0,0,0,1,159824378
1770789640.77966309,159824378,2,281,19,-506,5,13,-18,0,0,0,1,159824378
1770789640.87962317,159924338,0,281,20,-506,5,13,-18,0,0,0,1,159924338
1770789640.87962317,159924338,1,281,20,-506,5,13,-18,0,0,0,1,159924338
1770789640.87962317,159924338,2,281,20,-506,5,13,-18,0,0,0,1,159924338
1770789640.98041606,160025131,0,282,19,-506,5,13,-18,0,0,0,1,160025131
1770789640.98041606,160025131,1,282,19,-506,5,13,-18,0,0,0,1,160025131
1770789640.98041606,160025131,2,282,19,-506,5,13,-18,0,0,0,1,160025131
1770789641.08037615,160125091,0,282,20,-506,5,13,-18,0,0,0,1,160125091
1770789641.08037615,160125091,1,282,20,-506,5,13,-18,0,0,0,1,160125091
1770789641.08037615,160125091,2,282,20,-506,5,13,-18,0,0,0,1,160125091
1770789641.18033600,160225051,0,282,21,-506,5,13,-18,0,0,0,1,160225051
1770789641.18033600,160225051,1,282,21,-506,5,13,-18,0,0,0,1,160225051
1770789641.18033600,160225051,2,282,21,-506,5,13,-18,0,0,0,1,160225051
1770789641.28029609,160325011,0,282,21,-506,5,13,-18,0,0,0,1,160325011
1770789641.28029609,160325011,1,282,21,-506,5,13,-18,0,0,0,1,160325011
1770789641.28029609,160325011,2,282,21,-506,5,13,-18,0,0,0,1,160325011
1770789641.38025618,160424971,0,282,20,-506,5,13,-18,0,0,0,1,160424971
1770789641.38025618,160424971,1,282,20,-506,5,13,-18,0,0,0,1,160424971
1770789641.38025618,160424971,2,282,20,-506,5,13,-18,0,0,0,1,160424971
1770789641.48021603,160524931,0,281,20,-506,5,13,-18,0,0,0,1,160524931
1770789641.48021603,160524931,1,281,20,-506,5,13,-18,0,0,0,1,160524931
1770789641.48021603,160524931,2,281,20,-506,5,13,-18,0,0,0,1,160524931
1770789641.58017612,160624891,0,281,20,-506,5,13,-18,0,0,0,1,160624891
1770789641.58017612,160624891,1,281,20,-506,5,13,-18,0,0,0,1,160624891
1770789641.58017612,160624891,2,281,20,-506,5,13,-18,0,0,0,1,160624891
1770789641.68013597,160724851,0,281,21,-506,5,13,-18,0,0,0,1,160724851
1770789641.68013597,160724851,1,281,21,-506,5,13,-18,0,0,0,1,160724851
1770789641.68013597,160724851,2,281,21,-506,5,13,-18,0,0,0,1,160724851
1770789641.78009605,160824811,0,282,20,-506,5,13,-18,0,0,0,1,160824811
1770789641.78009605,160824811,1,282,20,-506,5,13,-18,0,0,0,1,160824811
1770789641.78009605,160824811,2,282,20,-506,5,13,-18,0,0,0,1,160824811
1770789641.88005614,160924771,0,282,20,-506,5,13,-18,0,0,0,1,160924771
1770789641.88005614,160924771,1,282,20,-506,5,13,-18,0,0,0,1,160924771
1770789641.88005614,160924771,2,282,20,-506,5,13,-18,0,0,0,1,160924771
1770789641.98001599,161024731,0,282,19,-506,5,13,-18,0,0,0,1,161024731
1770789641.98001599,161024731,1,282,19,-506,5,13,-18,0,0,0,1,161024731
1770789641.98001599,161024731,2,282,19,-506,5,13,-18,0,0,0,1,161024731
1770789642.07997608,161124691,0,282,20,-505,5,13,-18,0,0,0,1,161124691
1770789642.07997608,161124691,1,282,20,-505,5,13,-18,0,0,0,1,161124691
1770789642.07997608,161124691,2,282,20,-505,5,13,-18,0,0,0,1,161124691
1770789642.17993617,161224651,0,283,20,-505,5,13,-18,0,0,0,1,161224651
1770789642.17993617,161224651,1,283,20,-505,5,13,-18,0,0,0,1,161224651
1770789642.17993617,161224651,2,283,20,-505,5,13,-18,0,0,0,1,161224651
1770789642.27989602,161324611,0,283,20,-505,5,13,-18,0,0,0,1,161324611
1770789642.27989602,161324611,1,283,20,-505,5,13,-18,0,0,0,1,161324611
1770789642.27989602,161324611,2,283,20,-505,5,13,-18,0,0,0,1,161324611
1770789642.37985611,161424571,0,283,20,-505,5,13,-18,0,0,0,1,161424571
1770789642.37985611,161424571,1,283,20,-505,5,13,-18,0,0,0,1,161424571
1770789642.37985611,161424571,2,283,20,-505,5,13,-18,0,0,0,1,161424571
1770789642.47981596,161524531,0,282,20,-505,5,13,-18,0,0,0,1,161524531
1770789642.47981596,161524531,1,282,20,-505,5,13,-18,0,0,0,1,161524531
1770789642.47981596,161524531,2,282,20,-505,5,13,-18,0,0,0,1,161524531
1770789642.57977605,161624491,0,281,19,-506,5,13,-18,0,0,0,1,161624491
1770789642.57977605,161624491,1,281,19,-506,5,13,-18,0,0,0,1,161624491
1770789642.57977605,161624491,2,281,19,-506,5,13,-18,0,0,0,1,161624491
1770789642.67973614,161724451,0,281,19,-506,5,13,-18,0,0,0,1,161724451
1770789642.67973614,161724451,1,281,19,-506,5,13,-18,0,0,0,1,161724451
1770789642.67973614,161724451,2,281,19,-506,5,13,-18,0,0,0,1,161724451
1770789642.77969599,161824411,0,280,20,-507,5,13,-18,0,0,0,1,161824411
1770789642.77969599,161824411,1,280,20,-507,5,13,-18,0,0,0,1,161824411
1770789642.77969599,161824411,2,280,20,-507,5,13,-18,0,0,0,1,161824411
1770789642.87965608,161924371,0,280,20,-507,5,13,-18,0,0,0,1,161924371
1770789642.87965608,161924371,1,280,20,-507,5,13,-18,0,0,0,1,161924371
1770789642.87965608,161924371,2,280,20,-507,5,13,-18,0,0,0,1,161924371
1770789642.97961617,162024331,0,280,20,-507,5,13,-18,0,0,0,1,162024331
1770789642.97961617,162024331,1,280,20,-507,5,13,-18,0,0,0,1,162024331
1770789642.97961617,162024331,2,280,20,-507,5,13,-18,0,0,0,1,162024331
1770789643.08040905,162125124,0,280,20,-507,5,13,-18,0,0,0,1,162125124
1770789643.08040905,162125124,1,280,20,-507,5,13,-18,0,0,0,1,162125124
1770789643.08040905,162125124,2,280,20,-507,5,13,-18,0,0,0,1,162125124
1770789643.18036914,162225084,0,280,20,-507,5,13,-18,0,0,0,1,162225084
1770789643.18036914,162225084,1,280,20,-507,5,13,-18,0,0,0,1,162225084
1770789643.18036914,162225084,2,280,20,-507,5,13,-18,0,0,0,1,162225084
1770789643.28032899,162325044,0,280,19,-506,5,13,-18,0,0,0,1,162325044
1770789643.28032899,162325044,1,280,19,-506,5,13,-18,0,0,0,1,162325044
1770789643.28032899,162325044,2,280,19,-506,5,13,-18,0,0,0,1,162325044
1770789643.38028908,162425004,0,280,19,-506,5,13,-18,0,0,0,1,162425004
1770789643.38028908,162425004,1,280,19,-506,5,13,-18,0,0,0,1,162425004
1770789643.38028908,162425004,2,280,19,-506,5,13,-18,0,0,0,1,162425004
1770789643.48024917,162524964,0,281,18,-506,5,13,-18,0,0,0,1,162524964
1770789643.48024917,162524964,1,281,18,-506,5,13,-18,0,0,0,1,162524964
1770789643.48024917,162524964,2,281,18,-506,5,13,-18,0,0,0,1,162524964
1770789643.58020902,162624924,0,282,18,-506,5,13,-18,0,0,0,1,162624924
1770789643.58020902,162624924,1,282,18,-506,5,13,-18,0,0,0,1,162624924
1770789643.58020902,162624924,2,282,18,-506,5,13,-18,0,0,0,1,162624924
1770789643.68016911,162724884,0,282,18,-506,5,13,-18,0,0,0,1,162724884
1770789643.68016911,162724884,1,282,18,-506,5,13,-18,0,0,0,1,162724884
1770789643.68016911,162724884,2,282,18,-506,5,13,-18,0,0,0,1,162724884
1770789643.78012896,162824844,0,282,18,-506,5,13,-18,0,0,0,1,162824844
1770789643.78012896,162824844,1,282,18,-506,5,13,-18,0,0,0,1,162824844
1770789643.78012896,162824844,2,282,18,-506,5,13,-18,0,0,0,1,162824844
1770789643.88008904,162924804,0,283,18,-505,5,13,-18,0,0,0,1,162924804
1770789643.88008904,162924804,1,283,18,-505,5,13,-18,0,0,0,1,162924804
1770789643.88008904,162924804,2,283,18,-505,5,13,-18,0,0,0,1,162924804
1770789643.98004913,163024764,0,283,19,-505,5,13,-18,0,0,0,1,163024764
1770789643.98004913,163024764,1,283,19,-505,5,13,-18,0,0,0,1,163024764
1770789643.98004913,163024764,2,283,19,-505,5,13,-18,0,0,0,1,163024764
1770789644.08000898,163124724,0,282,19,-505,5,13,-18,0,0,0,1,163124724
1770789644.08000898,163124724,1,282,19,-505,5,13,-18,0,0,0,1,163124724
1770789644.08000898,163124724,2,282,19,-505,5,13,-18,0,0,0,1,163124724
1770789644.17996907,163224684,0,282,19,-506,5,13,-18,0,0,0,1,163224684
1770789644.17996907,163224684,1,282,19,-506,5,13,-18,0,0,0,1,163224684
1770789644.17996907,163224684,2,282,19,-506,5,13,-18,0,0,0,1,163224684
1770789644.27992916,163324644,0,281,19,-506,5,13,-18,0,0,0,1,163324644
1770789644.27992916,163324644,1,281,19,-506,5,13,-18,0,0,0,1,163324644
1770789644.27992916,163324644,2,281,19,-506,5,13,-18,0,0,0,1,163324644
1770789644.37988901,163424604,0,281,19,-506,5,13,-18,0,0,0,1,163424604
1770789644.37988901,163424604,1,281,19,-506,5,13,-18,0,0,0,1,163424604
1770789644.37988901,163424604,2,281,19,-506,5,13,-18,0,0,0,1,163424604
1770789644.47984910,163524564,0,281,20,-506,5,13,-18,0,0,0,1,163524564
1770789644.47984910,163524564,1,281,20,-506,5,13,-18,0,0,0,1,163524564
1770789644.47984910,163524564,2,281,20,-506,5,13,-18,0,0,0,1,163524564
1770789644.57980919,163624524,0,281,19,-506,5,13,-18,0,0,0,1,163624524
1770789644.57980919,163624524,1,281,19,-506,5,13,-18,0,0,0,1,163624524
1770789644.57980919,163624524,2,281,19,-506,5,13,-18,0,0,0,1,163624524
1770789644.67976904,163724484,0,281,19,-506,5,13,-18,0,0,0,1,163724484
1770789644.67976904,163724484,1,281,19,-506,5,13,-18,0,0,0,1,163724484
1770789644.67976904,163724484,2,281,19,-506,5,13,-18,0,0,0,1,163724484
1770789644.77972913,163824444,0,281,19,-506,5,13,-18,0,0,0,1,163824444
1770789644.77972913,163824444,1,281,19,-506,5,13,-18,0,0,0,1,163824444
1770789644.77972913,163824444,2,281,19,-506,5,13,-18,0,0,0,1,163824444
1770789644.87968898,163924404,0,282,18,-506,5,13,-18,0,0,0,1,163924404
1770789644.87968898,163924404,1,282,18,-506,5,13,-18,0,0,0,1,163924404
1770789644.87968898,163924404,2,282,18,-506,5,13,-18,0,0,0,1,163924404
1770789644.97964907,164024364,0,282,18,-506,5,13,-18,0,0,0,1,164024364
1770789644.97964907,164024364,1,282,18,-506,5,13,-18,0,0,0,1,164024364
1770789644.97964907,164024364,2,282,18,-506,5,13,-18,0,0,0,1,164024364
1770789645.07960916,164124324,0,282,18,-506,5,13,-18,0,0,0,1,164124324
1770789645.07960916,164124324,1,282,18,-506,5,13,-18,0,0,0,1,164124324
1770789645.07960916,164124324,2,282,18,-506,5,13,-18,0,0,0,1,164124324
1770789645.18040204,164225117,0,282,18,-506,5,13,-18,0,0,0,1,164225117
1770789645.18040204,164225117,1,282,18,-506,5,13,-18,0,0,0,1,164225117
1770789645.18040204,164225117,2,282,18,-506,5,13,-18,0,0,0,1,164225117
1770789645.28036213,164325077,0,282,19,-506,5,13,-18,0,0,0,1,164325077
1770789645.28036213,164325077,1,282,19,-506,5,13,-18,0,0,0,1,164325077
1770789645.28036213,164325077,2,282,19,-506,5,13,-18,0,0,0,1,164325077
1770789645.38032198,164425037,0,281,19,-506,5,13,-18,0,0,0,1,164425037
1770789645.38032198,164425037,1,281,19,-506,5,13,-18,0,0,0,1,164425037
1770789645.38032198,164425037,2,281,19,-506,5,13,-18,0,0,0,1,164425037
1770789645.48028207,164524997,0,281,19,-506,5,13,-18,0,0,0,1,164524997
1770789645.48028207,164524997,1,281,19,-506,5,13,-18,0,0,0,1,164524997
1770789645.48028207,164524997,2,281,19,-506,5,13,-18,0,0,0,1,164524997
1770789645.58024216,164624957,0,281,20,-506,5,13,-18,0,0,0,1,164624957
1770789645.58024216,164624957,1,281,20,-506,5,13,-18,0,0,0,1,164624957
1770789645.58024216,164624957,2,281,20,-506,5,13,-18,0,0,0,1,164624957
1770789645.68020201,164724917,0,281,20,-506,5,13,-18,0,0,0,1,164724917
1770789645.68020201,164724917,1,281,20,-506,5,13,-18,0,0,0,1,164724917
1770789645.68020201,164724917,2,281,20,-506,5,13,-18,0,0,0,1,164724917
1770789645.78016210,164824877,0,280,20,-506,5,13,-18,0,0,0,1,164824877
1770789645.78016210,164824877,1,280,20,-506,5,13,-18,0,0,0,1,164824877
1770789645.78016210,164824877,2,280,20,-506,5,13,-18,0,0,0,1,164824877
1770789645.88012218,164924837,0,280,21,-507,5,13,-18,0,0,0,1,164924837
1770789645.88012218,164924837,1,280,21,-507,5,13,-18,0,0,0,1,164924837
1770789645.88012218,164924837,2,280,21,-507,5,13,-18,0,0,0,1,164924837
1770789645.98008204,165024797,0,281,21,-506,5,13,-18,0,0,0,1,165024797
1770789645.98008204,165024797,1,281,21,-506,5,13,-18,0,0,0,1,165024797
1770789645.98008204,165024797,2,281,21,-506,5,13,-18,0,0,0,1,165024797
1770789646.08004212,165124757,0,281,21,-506,5,13,-18,0,0,0,1,165124757
1770789646.08004212,165124757,1,281,21,-506,5,13,-18,0,0,0,1,165124757
1770789646.08004212,165124757,2,281,21,-506,5,13,-18,0,0,0,1,165124757
1770789646.18000197,165224717,0,282,21,-506,5,13,-18,0,0,0,1,165224717
1770789646.18000197,165224717,1,282,21,-506,5,13,-18,0,0,0,1,165224717
1770789646.18000197,165224717,2,282,21,-506,5,13,-18,0,0,0,1,165224717
1770789646.27996206,165324677,0,282,22,-506,5,13,-18,0,0,0,1,165324677
1770789646.27996206,165324677,1,282,22,-506,5,13,-18,0,0,0,1,165324677
1770789646.27996206,165324677,2,282,22,-506,5,13,-18,0,0,0,1,165324677
1770789646.37992215,165424637,0,281,22,-506,5,13,-18,0,0,0,1,165424637
1770789646.37992215,165424637,1,281,22,-506,5,13,-18,0,0,0,1,165424637
1770789646.37992215,165424637,2,281,22,-506,5,13,-18,0,0,0,1,165424637
1770789646.47988200,165524597,0,281,21,-506,5,13,-18,0,0,0,1,165524597
1770789646.47988200,165524597,1,281,21,-506,5,13,-18,0,0,0,1,165524597
1770789646.47988200,165524597,2,281,21,-506,5,13,-18,0,0,0,1,165524597
1770789646.57984209,165624557,0,282,21,-506,5,13,-18,0,0,0,1,165624557
1770789646.57984209,165624557,1,282,21,-506,5,13,-18,0,0,0,1,165624557
1770789646.57984209,165624557,2,282,21,-506,5,13,-18,0,0,0,1,165624557
1770789646.67980218,165724517,0,282,20,-505,5,13,-18,0,0,0,1,165724517
1770789646.67980218,165724517,1,282,20,-505,5,13,-18,0,0,0,1,165724517
1770789646.67980218,165724517,2,282,20,-505,5,13,-18,0,0,0,1,165724517
1770789646.77976203,165824477,0,283,20,-505,5,13,-18,0,0,0,1,165824477
1770789646.77976203,165824477,1,283,20,-505,5,13,-18,0,0,0,1,165824477
1770789646.77976203,165824477,2,283,20,-505,5,13,-18,0,0,0,1,165824477
1770789646.87972212,165924437,0,282,20,-506,5,13,-18,0,0,0,1,165924437
1770789646.87972212,165924437,1,282,20,-506,5,13,-18,0,0,0,1,165924437
1770789646.87972212,165924437,2,282,20,-506,5,13,-18,0,0,0,1,165924437
1770789646.97968197,166024397,0,282,20,-506,5,13,-18,0,0,0,1,166024397
1770789646.97968197,166024397,1,282,20,-506,5,13,-18,0,0,0,1,166024397
1770789646.97968197,166024397,2,282,20,-506,5,13,-18,0,0,0,1,166024397
1770789647.07964206,166124357,0,282,20,-506,5,13,-18,0,0,0,1,166124357
1770789647.07964206,166124357,1,282,20,-506,5,13,-18,0,0,0,1,166124357
1770789647.07964206,166124357,2,282,20,-506,5,13,-18,0,0,0,1,166124357
1770789647.17960215,166224317,0,281,21,-506,5,13,-18,0,0,0,1,166224317
1770789647.17960215,166224317,1,281,21,-506,5,13,-18,0,0,0,1,166224317
1770789647.17960215,166224317,2,281,21,-506,5,13,-18,0,0,0,1,166224317
1770789647.28039503,166325110,0,281,21,-506,5,13,-18,0,0,0,1,166325110
1770789647.28039503,166325110,1,281,21,-506,5,13,-18,0,0,0,1,166325110
1770789647.28039503,166325110,2,281,21,-506,5,13,-18,0,0,0,1,166325110
1770789647.38035512,166425070,0,280,23,-506,5,13,-18,0,0,0,1,166425070
1770789647.38035512,166425070,1,280,23,-506,5,13,-18,0,0,0,1,166425070
1770789647.38035512,166425070,2,280,23,-506,5,13,-18,0,0,0,1,166425070
1770789647.48031497,166525030,0,280,28,-506,5,13,-18,0,0,0,1,166525030
1770789647.48031497,166525030,1,280,28,-506,5,13,-18,0,0,0,1,166525030
1770789647.48031497,166525030,2,280,28,-506,5,13,-18,0,0,0,1,166525030
1770789647.58027506,166624990,0,277,37,-507,5,13,-18,0,0,0,1,166624990
1770789647.58027506,166624990,1,277,37,-507,5,13,-18,0,0,0,1,166624990
1770789647.58027506,166624990,2,277,37,-507,5,13,-18,0,0,0,1,166624990
1770789647.68023515,166724950,0,275,48,-508,5,13,-18,0,0,0,1,166724950
1770789647.68023515,166724950,1,275,48,-508,5,13,-18,0,0,0,1,166724950
1770789647.68023515,166724950,2,275,48,-508,5,13,-18,0,0,0,1,166724950
1770789647.78019500,166824910,0,272,59,-508,5,13,-18,0,0,0,1,166824910
1770789647.78019500,166824910,1,272,59,-508,5,13,-18,0,0,0,1,166824910
1770789647.78019500,166824910,2,272,59,-508,5,13,-18,0,0,0,1,166824910
1770789647.88015509,166924870,0,270,68,-508,5,13,-18,0,0,0,1,166924870
1770789647.88015509,166924870,1,270,68,-508,5,13,-18,0,0,0,1,166924870
1770789647.88015509,166924870,2,270,68,-508,5,13,-18,0,0,0,1,166924870
1770789647.98011518,167024830,0,268,76,-508,5,13,-18,0,0,0,1,167024830
1770789647.98011518,167024830,1,268,76,-508,5,13,-18,0,0,0,1,167024830
1770789647.98011518,167024830,2,268,76,-508,5,13,-18,0,0,0,1,167024830
1770789648.08007503,167124790,0,267,83,-507,5,13,-18,0,0,0,1,167124790
1770789648.08007503,167124790,1,267,83,-507,5,13,-18,0,0,0,1,167124790
1770789648.08007503,167124790,2,267,83,-507,5,13,-18,0,0,0,1,167124790
1770789648.18003511,167224750,0,266,89,-507,5,13,-18,0,0,0,1,167224750
1770789648.18003511,167224750,1,266,89,-507,5,13,-18,0,0,0,1,167224750
1770789648.18003511,167224750,2,266,89,-507,5,13,-18,0,0,0,1,167224750
1770789648.27999496,167324710,0,265,94,-506,5,13,-18,0,0,0,1,167324710
1770789648.27999496,167324710,1,265,94,-506,5,13,-18,0,0,0,1,167324710
1770789648.27999496,167324710,2,265,94,-506,5,13,-18,0,0,0,1,167324710
1770789648.37995505,167424670,0,263,99,-506,5,13,-18,0,0,0,1,167424670
1770789648.37995505,167424670,1,263,99,-506,5,13,-18,0,0,0,1,167424670
1770789648.37995505,167424670,2,263,99,-506,5,13,-18,0,0,0,1,167424670
1770789648.47991514,167524630,0,262,102,-506,5,13,-18,0,0,0,1,167524630
1770789648.47991514,167524630,1,262,102,-506,5,13,-18,0,0,0,1,167524630
1770789648.47991514,167524630,2,262,102,-506,5,13,-18,0,0,0,1,167524630
1770789648.57987499,167624590,0,261,104,-507,5,13,-18,0,0,0,1,167624590
1770789648.57987499,167624590,1,261,104,-507,5,13,-18,0,0,0,1,167624590
1770789648.57987499,167624590,2,261,104,-507,5,13,-18,0,0,0,1,167624590
1770789648.67983508,167724550,0,260,107,-507,5,13,-18,0,0,0,1,167724550
1770789648.67983508,167724550,1,260,107,-507,5,13,-18,0,0,0,1,167724550
1770789648.67983508,167724550,2,260,107,-507,5,13,-18,0,0,0,1,167724550
1770789648.77979517,167824510,0,258,109,-507,5,13,-18,0,0,0,1,167824510
1770789648.77979517,167824510,1,258,109,-507,5,13,-18,0,0,0,1,167824510
1770789648.77979517,167824510,2,258,109,-507,5,13,-18,0,0,0,1,167824510
1770789648.87975502,167924470,0,257,110,-507,5,13,-18,0,0,0,1,167924470
1770789648.87975502,167924470,1,257,110,-507,5,13,-18,0,0,0,1,167924470
1770789648.87975502,167924470,2,257,110,-507,5,13,-18,0,0,0,1,167924470
1770789648.97971511,168024430,0,256,112,-507,5,13,-18,0,0,0,1,168024430
1770789648.97971511,168024430,1,256,112,-507,5,13,-18,0,0,0,1,168024430
1770789648.97971511,168024430,2,256,112,-507,5,13,-18,0,0,0,1,168024430
1770789649.07967496,168124390,0,256,113,-507,5,13,-18,0,0,0,1,168124390
1770789649.07967496,168124390,1,256,113,-507,5,13,-18,0,0,0,1,168124390
1770789649.07967496,168124390,2,256,113,-507,5,13,-18,0,0,0,1,168124390
1770789649.17963505,168224350,0,256,114,-507,5,13,-18,0,0,0,1,168224350
1770789649.17963505,168224350,1,256,114,-507,5,13,-18,0,0,0,1,168224350
1770789649.17963505,168224350,2,256,114,-507,5,13,-18,0,0,0,1,168224350
1770789649.27959514,168324310,0,255,116,-507,5,13,-18,0,0,0,1,168324310
1770789649.27959514,168324310,1,255,116,-507,5,13,-18,0,0,0,1,168324310
1770789649.27959514,168324310,2,255,116,-507,5,13,-18,0,0,0,1,168324310
1770789649.38038802,168425103,0,254,117,-507,5,13,-18,0,0,0,1,168425103
1770789649.38038802,168425103,1,254,117,-507,5,13,-18,0,0,0,1,168425103
1770789649.38038802,168425103,2,254,117,-507,5,13,-18,0,0,0,1,168425103
1770789649.48034811,168525063,0,253,117,-507,5,13,-18,0,0,0,1,168525063
1770789649.48034811,168525063,1,253,117,-507,5,13,-18,0,0,0,1,168525063
1770789649.48034811,168525063,2,253,117,-507,5,13,-18,0,0,0,1,168525063
1770789649.58030796,168625023,0,253,118,-508,5,13,-18,0,0,0,1,168625023
1770789649.58030796,168625023,1,253,118,-508,5,13,-18,0,0,0,1,168625023
1770789649.58030796,168625023,2,253,118,-508,5,13,-18,0,0,0,1,168625023
1770789649.68026805,168724983,0,252,119,-508,5,13,-18,0,0,0,1,168724983
1770789649.68026805,168724983,1,252,119,-508,5,13,-18,0,0,0,1,168724983
1770789649.68026805,168724983,2,252,119,-508,5,13,-18,0,0,0,1,168724983
1770789649.78022814,168824943,0,251,120,-508,5,13,-18,0,0,0,1,168824943
1770789649.78022814,168824943,1,251,120,-508,5,13,-18,0,0,0,1,168824943
1770789649.78022814,168824943,2,251,120,-508,5,13,-18,0,0,0,1,168824943
1770789649.88018799,168924903,0,251,121,-508,5,13,-18,0,0,0,1,168924903
1770789649.88018799,168924903,1,251,121,-508,5,13,-18,0,0,0,1,168924903
1770789649.88018799,168924903,2,251,121,-508,5,13,-18,0,0,0,1,168924903
1770789649.98014808,169024863,0,252,121,-507,5,13,-18,0,0,0,1,169024863
1770789649.98014808,169024863,1,252,121,-507,5,13,-18,0,0,0,1,169024863
1770789649.98014808,169024863,2,252,121,-507,5,13,-18,0,0,0,1,169024863
1770789650.08010817,169124823,0,252,121,-507,5,13,-18,0,0,0,1,169124823
1770789650.08010817,169124823,1,252,121,-507,5,13,-18,0,0,0,1,169124823
1770789650.08010817,169124823,2,252,121,-507,5,13,-18,0,0,0,1,169124823
1770789650.18006802,169224783,0,252,122,-507,5,13,-18,0,0,0,1,169224783
1770789650.18006802,169224783,1,252,122,-507,5,13,-18,0,0,0,1,169224783
1770789650.18006802,169224783,2,252,122,-507,5,13,-18,0,0,0,1,169224783
1770789650.28002810,169324743,0,252,122,-507,5,13,-18,0,0,0,1,169324743
1770789650.28002810,169324743,1,252,122,-507,5,13,-18,0,0,0,1,169324743
1770789650.28002810,169324743,2,252,122,-507,5,13,-18,0,0,0,1,169324743
1770789650.37998796,169424703,0,251,123,-507,5,13,-18,0,0,0,1,169424703
1770789650.37998796,169424703,1,251,123,-507,5,13,-18,0,0,0,1,169424703
1770789650.37998796,169424703,2,251,123,-507,5,13,-18,0,0,0,1,169424703
1770789650.47994804,169524663,0,251,124,-507,5,13,-18,0,0,0,1,169524663
1770789650.47994804,169524663,1,251,124,-507,5,13,-18,0,0,0,1,169524663
1770789650.47994804,169524663,2,251,124,-507,5,13,-18,0,0,0,1,169524663
1770789650.57990813,169624623,0,251,123,-507,5,13,-18,0,0,0,1,169624623
1770789650.57990813,169624623,1,251,123,-507,5,13,-18,0,0,0,1,169624623
1770789650.57990813,169624623,2,251,123,-507,5,13,-18,0,0,0,1,169624623
1770789650.67986798,169724583,0,251,124,-507,5,13,-18,0,0,0,1,169724583
1770789650.67986798,169724583,1,251,124,-507,5,13,-18,0,0,0,1,169724583
1770789650.67986798,169724583,2,251,124,-507,5,13,-18,0,0,0,1,169724583
1770789650.77982807,169824543,0,250,124,-507,5,13,-18,0,0,0,1,169824543
1770789650.77982807,169824543,1,250,124,-507,5,13,-18,0,0,0,1,169824543
1770789650.77982807,169824543,2,250,124,-507,5,13,-18,0,0,0,1,169824543
1770789650.87978816,169924503,0,250,124,-508,5,13,-18,0,0,0,1,169924503
1770789650.87978816,169924503,1,250,124,-508,5,13,-18,0,0,0,1,169924503
1770789650.87978816,169924503,2,250,124,-508,5,13,-18,0,0,0,1,169924503
1770789650.97974801,170024463,0,249,124,-508,5,13,-18,0,0,0,1,170024463
1770789650.97974801,170024463,1,249,124,-508,5,13,-18,0,0,0,1,170024463
1770789650.97974801,170024463,2,249,124,-508,5,13,-18,0,0,0,1,170024463
1770789651.07970810,170124423,0,249,124,-508,5,13,-18,0,0,0,1,170124423
1770789651.07970810,170124423,1,249,124,-508,5,13,-18,0,0,0,1,170124423
1770789651.07970810,170124423,2,249,124,-508,5,13,-18,0,0,0,1,170124423
1770789651.17966819,170224383,0,249,124,-508,5,13,-18,0,0,0,1,170224383
1770789651.17966819,170224383,1,249,124,-508,5,13,-18,0,0,0,1,170224383
1770789651.17966819,170224383,2,249,124,-508,5,13,-18,0,0,0,1,170224383
1770789651.27962804,170324343,0,249,124,-508,5,13,-18,0,0,0,1,170324343
1770789651.27962804,170324343,1,249,124,-508,5,13,-18,0,0,0,1,170324343
1770789651.27962804,170324343,2,249,124,-508,5,13,-18,0,0,0,1,170324343
1770789651.38042116,170425136,0,249,124,-508,5,13,-18,0,0,0,1,170425136
1770789651.38042116,170425136,1,249,124,-508,5,13,-18,0,0,0,1,170425136
1770789651.38042116,170425136,2,249,124,-508,5,13,-18,0,0,0,1,170425136
1770789651.48038101,170525096,0,249,124,-508,5,13,-18,0,0,0,1,170525096
1770789651.48038101,170525096,1,249,124,-508,5,13,-18,0,0,0,1,170525096
1770789651.48038101,170525096,2,249,124,-508,5,13,-18,0,0,0,1,170525096
1770789651.58034110,170625056,0,249,123,-508,5,13,-18,0,0,0,1,170625056
1770789651.58034110,170625056,1,249,123,-508,5,13,-18,0,0,0,1,170625056
1770789651.58034110,170625056,2,249,123,-508,5,13,-18,0,0,0,1,170625056
1770789651.68030119,170725016,0,249,123,-508,5,13,-18,0,0,0,1,170725016
1770789651.68030119,170725016,1,249,123,-508,5,13,-18,0,0,0,1,170725016
1770789651.68030119,170725016,2,249,123,-508,5,13,-18,0,0,0,1,170725016
1770789651.78026104,170824976,0,249,123,-508,5,13,-18,0,0,0,1,170824976
1770789651.78026104,170824976,1,249,123,-508,5,13,-18,0,0,0,1,170824976
1770789651.78026104,170824976,2,249,123,-508,5,13,-18,0,0,0,1,170824976
1770789651.88022113,170924936,0,248,123,-509,5,13,-18,0,0,0,1,170924936
1770789651.88022113,170924936,1,248,123,-509,5,13,-18,0,0,0,1,170924936
1770789651.88022113,170924936,2,248,123,-509,5,13,-18,0,0,0,1,170924936
1770789651.98018098,171024896,0,249,123,-508,5,13,-18,0,0,0,1,171024896
1770789651.98018098,171024896,1,249,123,-508,5,13,-18,0,0,0,1,171024896
1770789651.98018098,171024896,2,249,123,-508,5,13,-18,0,0,0,1,171024896
1770789652.08014107,171124856,0,249,123,-508,5,13,-18,0,0,0,1,171124856
1770789652.08014107,171124856,1,249,123,-508,5,13,-18,0,0,0,1,171124856
1770789652.08014107,171124856,2,249,123,-508,5,13,-18,0,0,0,1,171124856
1770789652.18010116,171224816,0,249,123,-508,5,13,-18,0,0,0,1,171224816
1770789652.18010116,171224816,1,249,123,-508,5,13,-18,0,0,0,1,171224816
1770789652.18010116,171224816,2,249,123,-508,5,13,-18,0,0,0,1,171224816
1770789652.28006101,171324776,0,249,124,-508,5,13,-18,0,0,0,1,171324776
1770789652.28006101,171324776,1,249,124,-508,5,13,-18,0,0,0,1,171324776
1770789652.28006101,171324776,2,249,124,-508,5,13,-18,0,0,0,1,171324776
1770789652.38002110,171424736,0,249,124,-508,5,13,-18,0,0,0,1,171424736
1770789652.38002110,171424736,1,249,124,-508,5,13,-18,0,0,0,1,171424736
1770789652.38002110,171424736,2,249,124,-508,5,13,-18,0,0,0,1,171424736
1770789652.47998118,171524696,0,249,124,-508,5,13,-18,0,0,0,1,171524696
1770789652.47998118,171524696,1,249,124,-508,5,13,-18,0,0,0,1,171524696
1770789652.47998118,171524696,2,249,124,-508,5,13,-18,0,0,0,1,171524696
1770789652.57994103,171624656,0,248,124,-508,5,13,-18,0,0,0,1,171624656
1770789652.57994103,171624656,1,248,124,-508,5,13,-18,0,0,0,1,171624656
1770789652.57994103,171624656,2,248,124,-508,5,13,-18,0,0,0,1,171624656
1770789652.67990112,171724616,0,249,124,-508,5,13,-18,0,0,0,1,171724616
1770789652.67990112,171724616,1,249,124,-508,5,13,-18,0,0,0,1,171724616
1770789652.67990112,171724616,2,249,124,-508,5,13,-18,0,0,0,1,171724616
1770789652.77986097,171824576,0,248,124,-508,5,13,-18,0,0,0,1,171824576
1770789652.77986097,171824576,1,248,124,-508,5,13,-18,0,0,0,1,171824576
1770789652.77986097,171824576,2,248,124,-508,5,13,-18,0,0,0,1,171824576
1770789652.87982106,171924536,0,248,124,-509,5,13,-18,0,0,0,1,171924536
1770789652.87982106,171924536,1,248,124,-509,5,13,-18,0,0,0,1,171924536
1770789652.87982106,171924536,2,248,124,-509,5,13,-18,0,0,0,1,171924536
1770789652.97978115,172024496,0,248,123,-509,5,13,-18,0,0,0,1,172024496
1770789652.97978115,172024496,1,248,123,-509,5,13,-18,0,0,0,1,172024496
1770789652.97978115,172024496,2,248,123,-509,5,13,-18,0,0,0,1,172024496
1770789653.07974100,172124456,0,248,123,-509,5,13,-18,0,0,0,1,172124456
1770789653.07974100,172124456,1,248,123,-509,5,13,-18,0,0,0,1,172124456
1770789653.07974100,172124456,2,248,123,-509,5,13,-18,0,0,0,1,172124456
1770789653.17970109,172224416,0,247,123,-509,5,13,-18,0,0,0,1,172224416
1770789653.17970109,172224416,1,247,123,-509,5,13,-18,0,0,0,1,172224416
1770789653.17970109,172224416,2,247,123,-509,5,13,-18,0,0,0,1,172224416
1770789653.27966118,172324376,0,247,123,-509,5,13,-18,0,0,0,1,172324376
1770789653.27966118,172324376,1,247,123,-509,5,13,-18,0,0,0,1,172324376
1770789653.27966118,172324376,2,247,123,-509,5,13,-18,0,0,0,1,172324376
1770789653.37962103,172424336,0,248,123,-509,5,13,-18,0,0,0,1,172424336
1770789653.37962103,172424336,1,248,123,-509,5,13,-18,0,0,0,1,172424336
1770789653.37962103,172424336,2,248,123,-509,5,13,-18,0,0,0,1,172424336
1770789653.48041415,172525129,0,248,123,-509,5,13,-18,0,0,0,1,172525129
1770789653.48041415,172525129,1,248,123,-509,5,13,-18,0,0,0,1,172525129
1770789653.48041415,172525129,2,248,123,-509,5,13,-18,0,0,0,1,172525129
1770789653.58037400,172625089,0,247,123,-509,5,13,-18,0,0,0,1,172625089
1770789653.58037400,172625089,1,247,123,-509,5,13,-18,0,0,0,1,172625089
1770789653.58037400,172625089,2,247,123,-509,5,13,-18,0,0,0,1,172625089
1770789653.68033409,172725049,0,248,124,-509,5,13,-18,0,0,0,1,172725049
1770789653.68033409,172725049,1,248,124,-509,5,13,-18,0,0,0,1,172725049
1770789653.68033409,172725049,2,248,124,-509,5,13,-18,0,0,0,1,172725049
1770789653.78029418,172825009,0,248,124,-508,5,13,-18,0,0,0,1,172825009
1770789653.78029418,172825009,1,248,124,-508,5,13,-18,0,0,0,1,172825009
1770789653.78029418,172825009,2,248,124,-508,5,13,-18,0,0,0,1,172825009
1770789653.88025403,172924969,0,248,124,-508,5,13,-18,0,0,0,1,172924969
1770789653.88025403,172924969,1,248,124,-508,5,13,-18,0,0,0,1,172924969
1770789653.88025403,172924969,2,248,124,-508,5,13,-18,0,0,0,1,172924969
1770789653.98021412,173024929,0,248,124,-508,5,13,-18,0,0,0,1,173024929
1770789653.98021412,173024929,1,248,124,-508,5,13,-18,0,0,0,1,173024929
1770789653.98021412,173024929,2,248,124,-508,5,13,-18,0,0,0,1,173024929
1770789654.08017397,173124889,0,248,124,-508,5,13,-18,0,0,0,1,173124889
1770789654.08017397,173124889,1,248,124,-508,5,13,-18,0,0,0,1,173124889
1770789654.08017397,173124889,2,248,124,-508,5,13,-18,0,0,0,1,173124889
1770789654.18013406,173224849,0,248,123,-509,5,13,-18,0,0,0,1,173224849
1770789654.18013406,173224849,1,248,123,-509,5,13,-18,0,0,0,1,173224849
1770789654.18013406,173224849,2,248,123,-509,5,13,-18,0,0,0,1,173224849
1770789654.28009415,173324809,0,248,123,-509,5,13,-18,0,0,0,1,173324809
1770789654.28009415,173324809,1,248,123,-509,5,13,-18,0,0,0,1,173324809
1770789654.28009415,173324809,2,248,123,-509,5,13,-18,0,0,0,1,173324809
1770789654.38005400,173424769,0,248,123,-509,5,13,-18,0,0,0,1,173424769
1770789654.38005400,173424769,1,248,123,-509,5,13,-18,0,0,0,1,173424769
1770789654.38005400,173424769,2,248,123,-509,5,13,-18,0,0,0,1,173424769
1770789654.48001409,173524729,0,248,123,-509,5,13,-18,0,0,0,1,173524729
1770789654.48001409,173524729,1,248,123,-509,5,13,-18,0,0,0,1,173524729
1770789654.48001409,173524729,2,248,123,-509,5,13,-18,0,0,0,1,173524729
1770789654.57997417,173624689,0,248,124,-509,5,13,-18,0,0,0,1,173624689
1770789654.57997417,173624689,1,248,124,-509,5,13,-18,0,0,0,1,173624689
1770789654.57997417,173624689,2,248,124,-509,5,13,-18,0,0,0,1,173624689
1770789654.67993402,173724649,0,248,124,-508,5,13,-18,0,0,0,1,173724649
1770789654.67993402,173724649,1,248,124,-508,5,13,-18,0,0,0,1,173724649
1770789654.67993402,173724649,2,248,124,-508,5,13,-18,0,0,0,1,173724649
1770789654.77989411,173824609,0,249,123,-508,5,13,-18,0,0,0,1,173824609
1770789654.77989411,173824609,1,249,123,-508,5,13,-18,0,0,0,1,173824609
1770789654.77989411,173824609,2,249,123,-508,5,13,-18,0,0,0,1,173824609
1770789654.87985396,173924569,0,249,123,-508,5,13,-18,0,0,0,1,173924569
1770789654.87985396,173924569,1,249,123,-508,5,13,-18,0,0,0,1,173924569
1770789654.87985396,173924569,2,249,123,-508,5,13,-18,0,0,0,1,173924569
1770789654.97981405,174024529,0,248,122,-509,5,13,-18,0,0,0,1,174024529
1770789654.97981405,174024529,1,248,122,-509,5,13,-18,0,0,0,1,174024529
1770789654.97981405,174024529,2,248,122,-509,5,13,-18,0,0,0,1,174024529
1770789655.07977414,174124489,0,249,122,-509,5,13,-18,0,0,0,1,174124489
1770789655.07977414,174124489,1,249,122,-509,5,13,-18,0,0,0,1,174124489
1770789655.07977414,174124489,2,249,122,-509,5,13,-18,0,0,0,1,174124489
1770789655.17973399,174224449,0,248,122,-509,5,13,-18,0,0,0,1,174224449
1770789655.17973399,174224449,1,248,122,-509,5,13,-18,0,0,0,1,174224449
1770789655.17973399,174224449,2,248,122,-509,5,13,-18,0,0,0,1,174224449
1770789655.27969408,174324409,0,248,123,-509,5,13,-18,0,0,0,1,174324409
1770789655.27969408,174324409,1,248,123,-509,5,13,-18,0,0,0,1,174324409
1770789655.27969408,174324409,2,248,123,-509,5,13,-18,0,0,0,1,174324409
1770789655.37965417,174424369,0,247,123,-509,5,13,-18,0,0,0,1,174424369
1770789655.37965417,174424369,1,247,123,-509,5,13,-18,0,0,0,1,174424369
1770789655.37965417,174424369,2,247,123,-509,5,13,-18,0,0,0,1,174424369
1770789655.47961402,174524329,0,247,123,-509,5,13,-18,0,0,0,1,174524329
1770789655.47961402,174524329,1,247,123,-509,5,13,-18,0,0,0,1,174524329
1770789655.47961402,174524329,2,247,123,-509,5,13,-18,0,0,0,1,174524329
1770789655.58040714,174625122,0,247,123,-509,5,13,-18,0,0,0,1,174625122
1770789655.58040714,174625122,1,247,123,-509,5,13,-18,0,0,0,1,174625122
1770789655.58040714,174625122,2,247,123,-509,5,13,-18,0,0,0,1,174625122
1770789655.68036699,174725082,0,247,124,-509,5,13,-18,0,0,0,1,174725082
1770789655.68036699,174725082,1,247,124,-509,5,13,-18,0,0,0,1,174725082
1770789655.68036699,174725082,2,247,124,-509,5,13,-18,0,0,0,1,174725082
1770789655.78032708,174825042,0,247,124,-509,5,13,-18,0,0,0,1,174825042
1770789655.78032708,174825042,1,247,124,-509,5,13,-18,0,0,0,1,174825042
1770789655.78032708,174825042,2,247,124,-509,5,13,-18,0,0,0,1,174825042
1770789655.88028717,174925002,0,248,124,-509,5,13,-18,0,0,0,1,174925002
1770789655.88028717,174925002,1,248,124,-509,5,13,-18,0,0,0,1,174925002
1770789655.88028717,174925002,2,248,124,-509,5,13,-18,0,0,0,1,174925002
1770789655.98024702,175024962,0,249,123,-508,5,13,-18,0,0,0,1,175024962
1770789655.98024702,175024962,1,249,123,-508,5,13,-18,0,0,0,1,175024962
1770789655.98024702,175024962,2,249,123,-508,5,13,-18,0,0,0,1,175024962
1770789656.08020711,175124922,0,249,123,-508,5,13,-18,0,0,0,1,175124922
1770789656.08020711,175124922,1,249,123,-508,5,13,-18,0,0,0,1,175124922
1770789656.08020711,175124922,2,249,123,-508,5,13,-18,0,0,0,1,175124922
1770789656.18016696,175224882,0,249,122,-508,5,13,-18,0,0,0,1,175224882
1770789656.18016696,175224882,1,249,122,-508,5,13,-18,0,0,0,1,175224882
1770789656.18016696,175224882,2,249,122,-508,5,13,-18,0,0,0,1,175224882
1770789656.28012705,175324842,0,249,122,-508,5,13,-18,0,0,0,1,175324842
1770789656.28012705,175324842,1,249,122,-508,5,13,-18,0,0,0,1,175324842
1770789656.28012705,175324842,2,249,122,-508,5,13,-18,0,0,0,1,175324842
1770789656.38008714,175424802,0,249,122,-509,5,13,-18,0,0,0,1,175424802
1770789656.38008714,175424802,1,249,122,-509,5,13,-18,0,0,0,1,175424802
1770789656.38008714,175424802,2,249,122,-509,5,13,-18,0,0,0,1,175424802
1770789656.48004699,175524762,0,248,122,-509,5,13,-18,0,0,0,1,175524762
1770789656.48004699,175524762,1,248,122,-509,5,13,-18,0,0,0,1,175524762
1770789656.48004699,175524762,2,248,122,-509,5,13,-18,0,0,0,1,175524762
1770789656.58000708,175624722,0,248,123,-509,5,13,-18,0,0,0,1,175624722
1770789656.58000708,175624722,1,248,123,-509,5,13,-18,0,0,0,1,175624722
1770789656.58000708,175624722,2,248,123,-509,5,13,-18,0,0,0,1,175624722
1770789656.67996716,175724682,0,248,123,-509,5,13,-18,0,0,0,1,175724682
1770789656.67996716,175724682,1,248,123,-509,5,13,-18,0,0,0,1,175724682
1770789656.67996716,175724682,2,248,123,-509,5,13,-18,0,0,0,1,175724682
1770789656.77992702,175824642,0,248,123,-509,5,13,-18,0,0,0,1,175824642
1770789656.77992702,175824642,1,248,123,-509,5,13,-18,0,0,0,1,175824642
1770789656.77992702,175824642,2,248,123,-509,5,13,-18,0,0,0,1,175824642
1770789656.87988710,175924602,0,248,123,-509,5,13,-18,0,0,0,1,175924602
1770789656.87988710,175924602,1,248,123,-509,5,13,-18,0,0,0,1,175924602
1770789656.87988710,175924602,2,248,123,-509,5,13,-18,0,0,0,1,175924602
1770789656.97984695,176024562,0,248,124,-508,5,13,-18,0,0,0,1,176024562
1770789656.97984695,176024562,1,248,124,-508,5,13,-18,0,0,0,1,176024562
1770789656.97984695,176024562,2,248,124,-508,5,13,-18,0,0,0,1,176024562
1770789657.07980704,176124522,0,248,124,-509,5,13,-18,0,0,0,1,176124522
1770789657.07980704,176124522,1,248,124,-509,5,13,-18,0,0,0,1,176124522
1770789657.07980704,176124522,2,248,124,-509,5,13,-18,0,0,0,1,176124522
1770789657.17976713,176224482,0,247,124,-509,5,13,-18,0,0,0,1,176224482
1770789657.17976713,176224482,1,247,124,-509,5,13,-18,0,0,0,1,176224482
1770789657.17976713,176224482,2,247,124,-509,5,13,-18,0,0,0,1,176224482
1770789657.27972698,176324442,0,247,124,-509,5,13,-18,0,0,0,1,176324442
1770789657.27972698,176324442,1,247,124,-509,5,13,-18,0,0,0,1,176324442
1770789657.27972698,176324442,2,247,124,-509,5,13,-18,0,0,0,1,176324442
1770789657.37968707,176424402,0,249,123,-508,5,13,-18,0,0,0,1,176424402
1770789657.37968707,176424402,1,249,123,-508,5,13,-18,0,0,0,1,176424402
1770789657.37968707,176424402,2,249,123,-508,5,13,-18,0,0,0,1,176424402
1770789657.47964716,176524362,0,254,119,-507,5,13,-18,0,0,0,1,176524362
1770789657.47964716,176524362,1,254,119,-507,5,13,-18,0,0,0,1,176524362
1770789657.47964716,176524362,2,254,119,-507,5,13,-18,0,0,0,1,176524362
1770789657.57960701,176624322,0,259,111,-506,5,13,-18,0,0,0,1,176624322
1770789657.57960701,176624322,1,259,111,-506,5,13,-18,0,0,0,1,176624322
1770789657.57960701,176624322,2,259,111,-506,5,13,-18,0,0,0,1,176624322
1770789657.68040013,176725115,0,263,102,-506,5,13,-18,0,0,0,1,176725115
1770789657.68040013,176725115,1,263,102,-506,5,13,-18,0,0,0,1,176725115
1770789657.68040013,176725115,2,263,102,-506,5,13,-18,0,0,0,1,176725115
1770789657.78035998,176825075,0,265,91,-507,5,13,-18,0,0,0,1,176825075
1770789657.78035998,176825075,1,265,91,-507,5,13,-18,0,0,0,1,176825075
1770789657.78035998,176825075,2,265,91,-507,5,13,-18,0,0,0,1,176825075
1770789657.88032007,176925035,0,266,80,-508,5,13,-18,0,0,0,1,176925035
1770789657.88032007,176925035,1,266,80,-508,5,13,-18,0,0,0,1,176925035
1770789657.88032007,176925035,2,266,80,-508,5,13,-18,0,0,0,1,176925035
1770789657.98028016,177024995,0,267,71,-509,5,13,-18,0,0,0,1,177024995
1770789657.98028016,177024995,1,267,71,-509,5,13,-18,0,0,0,1,177024995
1770789657.98028016,177024995,2,267,71,-509,5,13,-18,0,0,0,1,177024995
1770789658.08024001,177124955,0,268,63,-509,5,13,-18,0,0,0,1,177124955
1770789658.08024001,177124955,1,268,63,-509,5,13,-18,0,0,0,1,177124955
1770789658.08024001,177124955,2,268,63,-509,5,13,-18,0,0,0,1,177124955
1770789658.18020010,177224915,0,270,56,-509,5,13,-18,0,0,0,1,177224915
1770789658.18020010,177224915,1,270,56,-509,5,13,-18,0,0,0,1,177224915
1770789658.18020010,177224915,2,270,56,-509,5,13,-18,0,0,0,1,177224915
1770789658.28016019,177324875,0,271,50,-509,5,13,-18,0,0,0,1,177324875
1770789658.28016019,177324875,1,271,50,-509,5,13,-18,0,0,0,1,177324875
1770789658.28016019,177324875,2,271,50,-509,5,13,-18,0,0,0,1,177324875
1770789658.38012004,177424835,0,273,46,-509,5,13,-18,0,0,0,1,177424835
1770789658.38012004,177424835,1,273,46,-509,5,13,-18,0,0,0,1,177424835
1770789658.38012004,177424835,2,273,46,-509,5,13,-18,0,0,0,1,177424835
1770789658.48008013,177524795,0,275,43,-508,5,13,-18,0,0,0,1,177524795
1770789658.48008013,177524795,1,275,43,-508,5,13,-18,0,0,0,1,177524795
1770789658.48008013,177524795,2,275,43,-508,5,13,-18,0,0,0,1,177524795
1770789658.58003998,177624755,0,277,40,-507,5,13,-18,0,0,0,1,177624755
1770789658.58003998,177624755,1,277,40,-507,5,13,-18,0,0,0,1,177624755
1770789658.58003998,177624755,2,277,40,-507,5,13,-18,0,0,0,1,177624755
1770789658.68000007,177724715,0,279,38,-506,5,13,-18,0,0,0,1,177724715
1770789658.68000007,177724715,1,279,38,-506,5,13,-18,0,0,0,1,177724715
1770789658.68000007,177724715,2,279,38,-506,5,13,-18,0,0,0,1,177724715
1770789658.77996016,177824675,0,279,36,-506,5,13,-18,0,0,0,1,177824675
1770789658.77996016,177824675,1,279,36,-506,5,13,-18,0,0,0,1,177824675
1770789658.77996016,177824675,2,279,36,-506,5,13,-18,0,0,0,1,177824675
1770789658.87992001,177924635,0,279,34,-507,5,13,-18,0,0,0,1,177924635
1770789658.87992001,177924635,1,279,34,-507,5,13,-18,0,0,0,1,177924635
1770789658.87992001,177924635,2,279,34,-507,5,13,-18,0,0,0,1,177924635
1770789658.97988009,178024595,0,279,31,-506,5,13,-18,0,0,0,1,178024595
1770789658.97988009,178024595,1,279,31,-506,5,13,-18,0,0,0,1,178024595
1770789658.97988009,178024595,2,279,31,-506,5,13,-18,0,0,0,1,178024595
1770789659.07984018,178124555,0,279,29,-507,5,13,-18,0,0,0,1,178124555
1770789659.07984018,178124555,1,279,29,-507,5,13,-18,0,0,0,1,178124555
1770789659.07984018,178124555,2,279,29,-507,5,13,-18,0,0,0,1,178124555
1770789659.17980003,178224515,0,279,27,-507,5,13,-18,0,0,0,1,178224515
1770789659.17980003,178224515,1,279,27,-507,5,13,-18,0,0,0,1,178224515
1770789659.17980003,178224515,2,279,27,-507,5,13,-18,0,0,0,1,178224515
1770789659.27976012,178324475,0,277,25,-508,5,13,-18,0,0,0,1,178324475
1770789659.27976012,178324475,1,277,25,-508,5,13,-18,0,0,0,1,178324475
1770789659.27976012,178324475,2,277,25,-508,5,13,-18,0,0,0,1,178324475
1770789659.37971997,178424435,0,276,24,-509,5,13,-18,0,0,0,1,178424435
1770789659.37971997,178424435,1,276,24,-509,5,13,-18,0,0,0,1,178424435
1770789659.37971997,178424435,2,276,24,-509,5,13,-18,0,0,0,1,178424435
1770789659.47968006,178524395,0,274,23,-510,5,13,-18,0,0,0,1,178524395
1770789659.47968006,178524395,1,274,23,-510,5,13,-18,0,0,0,1,178524395
1770789659.47968006,178524395,2,274,23,-510,5,13,-18,0,0,0,1,178524395
1770789659.57964015,178624355,0,271,22,-511,5,13,-18,0,0,0,1,178624355
1770789659.57964015,178624355,1,271,22,-511,5,13,-18,0,0,0,1,178624355
1770789659.57964015,178624355,2,271,22,-511,5,13,-18,0,0,0,1,178624355
1770789659.67960000,178724315,0,269,21,-513,5,13,-18,0,0,0,1,178724315
1770789659.67960000,178724315,1,269,21,-513,5,13,-18,0,0,0,1,178724315
1770789659.67960000,178724315,2,269,21,-513,5,13,-18,0,0,0,1,178724315
1770789659.78039312,178825108,0,266,20,-514,5,13,-18,0,0,0,1,178825108
1770789659.78039312,178825108,1,266,20,-514,5,13,-18,0,0,0,1,178825108
1770789659.78039312,178825108,2,266,20,-514,5,13,-18,0,0,0,1,178825108
1770789659.88035297,178925068,0,264,19,-515,5,13,-18,0,0,0,1,178925068
1770789659.88035297,178925068,1,264,19,-515,5,13,-18,0,0,0,1,178925068
1770789659.88035297,178925068,2,264,19,-515,5,13,-18,0,0,0,1,178925068
1770789659.98031306,179025028,0,262,18,-516,5,13,-18,0,0,0,1,179025028
1770789659.98031306,179025028,1,262,18,-516,5,13,-18,0,0,0,1,179025028
1770789659.98031306,179025028,2,262,18,-516,5,13,-18,0,0,0,1,179025028
1770789660.08027315,179124988,0,261,18,-517,5,13,-18,0,0,0,1,179124988
1770789660.08027315,179124988,1,261,18,-517,5,13,-18,0,0,0,1,179124988
1770789660.08027315,179124988,2,261,18,-517,5,13,-18,0,0,0,1,179124988
1770789660.18023300,179224948,0,259,17,-518,5,13,-18,0,0,0,1,179224948
1770789660.18023300,179224948,1,259,17,-518,5,13,-18,0,0,0,1,179224948
1770789660.18023300,179224948,2,259,17,-518,5,13,-18,0,0,0,1,179224948
1770789660.28019309,179324908,0,258,17,-518,5,13,-18,0,0,0,1,179324908
1770789660.28019309,179324908,1,258,17,-518,5,13,-18,0,0,0,1,179324908
1770789660.28019309,179324908,2,258,17,-518,5,13,-18,0,0,0,1,179324908
1770789660.38015318,179424868,0,257,16,-519,5,13,-18,0,0,0,1,179424868
1770789660.38015318,179424868,1,257,16,-519,5,13,-18,0,0,0,1,179424868
1770789660.38015318,179424868,2,257,16,-519,5,13,-18,0,0,0,1,179424868
1770789660.48011303,179524828,0,256,16,-520,5,13,-18,0,0,0,1,179524828
1770789660.48011303,179524828,1,256,16,-520,5,13,-18,0,0,0,1,179524828
1770789660.48011303,179524828,2,256,16,-520,5,13,-18,0,0,0,1,179524828
1770789660.58007312,179624788,0,255,16,-520,5,13,-18,0,0,0,1,179624788
1770789660.58007312,179624788,1,255,16,-520,5,13,-18,0,0,0,1,179624788
1770789660.58007312,179624788,2,255,16,-520,5,13,-18,0,0,0,1,179624788
1770789660.68003297,179724748,0,254,15,-521,5,13,-18,0,0,0,1,179724748
1770789660.68003297,179724748,1,254,15,-521,5,13,-18,0,0,0,1,179724748
1770789660.68003297,179724748,2,254,15,-521,5,13,-18,0,0,0,1,179724748
1770789660.77999306,179824708,0,253,15,-521,5,13,-18,0,0,0,1,179824708
1770789660.77999306,179824708,1,253,15,-521,5,13,-18,0,0,0,1,179824708
1770789660.77999306,179824708,2,253,15,-521,5,13,-18,0,0,0,1,179824708
1770789660.87995315,179924668,0,252,15,-521,5,13,-18,0,0,0,1,179924668
1770789660.87995315,179924668,1,252,15,-521,5,13,-18,0,0,0,1,179924668
1770789660.87995315,179924668,2,252,15,-521,5,13,-18,0,0,0,1,179924668
1770789660.97991300,180024628,0,251,15,-522,5,13,-18,0,0,0,1,180024628
1770789660.97991300,180024628,1,251,15,-522,5,13,-18,0,0,0,1,180024628
1770789660.97991300,180024628,2,251,15,-522,5,13,-18,0,0,0,1,180024628
1770789661.07987309,180124588,0,250,14,-522,5,13,-18,0,0,0,1,180124588
1770789661.07987309,180124588,1,250,14,-522,5,13,-18,0,0,0,1,180124588
1770789661.07987309,180124588,2,250,14,-522,5,13,-18,0,0,0,1,180124588
1770789661.17983317,180224548,0,249,14,-523,5,13,-18,0,0,0,1,180224548
1770789661.17983317,180224548,1,249,14,-523,5,13,-18,0,0,0,1,180224548
1770789661.17983317,180224548,2,249,14,-523,5,13,-18,0,0,0,1,180224548
1770789661.27979302,180324508,0,248,14,-523,5,13,-18,0,0,0,1,180324508
1770789661.27979302,180324508,1,248,14,-523,5,13,-18,0,0,0,1,180324508
1770789661.27979302,180324508,2,248,14,-523,5,13,-18,0,0,0,1,180324508
1770789661.37975311,180424468,0,247,14,-524,5,13,-18,0,0,0,1,180424468
1770789661.37975311,180424468,1,247,14,-524,5,13,-18,0,0,0,1,180424468
1770789661.37975311,180424468,2,247,14,-524,5,13,-18,0,0,0,1,180424468
1770789661.47971296,180524428,0,247,14,-524,5,13,-18,0,0,0,1,180524428
1770789661.47971296,180524428,1,247,14,-524,5,13,-18,0,0,0,1,180524428
1770789661.47971296,180524428,2,247,14,-524,5,13,-18,0,0,0,1,180524428
1770789661.57967305,180624388,0,246,14,-524,5,13,-18,0,0,0,1,180624388
1770789661.57967305,180624388,1,246,14,-524,5,13,-18,0,0,0,1,180624388
1770789661.57967305,180624388,2,246,14,-524,5,13,-18,0,0,0,1,180624388
1770789661.67963314,180724348,0,245,14,-524,5,13,-18,0,0,0,1,180724348
1770789661.67963314,180724348,1,245,14,-524,5,13,-18,0,0,0,1,180724348
1770789661.67963314,180724348,2,245,14,-524,5,13,-18,0,0,0,1,180724348
1770789661.78042603,180825141,0,245,13,-525,5,13,-18,0,0,0,1,180825141
1770789661.78042603,180825141,1,245,13,-525,5,13,-18,0,0,0,1,180825141
1770789661.78042603,180825141,2,245,13,-525,5,13,-18,0,0,0,1,180825141
1770789661.88038611,180925101,0,244,13,-525,5,13,-18,0,0,0,1,180925101
1770789661.88038611,180925101,1,244,13,-525,5,13,-18,0,0,0,1,180925101
1770789661.88038611,180925101,2,244,13,-525,5,13,-18,0,0,0,1,180925101
1770789661.98034596,181025061,0,244,13,-525,5,13,-18,0,0,0,1,181025061
1770789661.98034596,181025061,1,244,13,-525,5,13,-18,0,0,0,1,181025061
1770789661.98034596,181025061,2,244,13,-525,5,13,-18,0,0,0,1,181025061
1770789662.08030605,181125021,0,243,13,-525,5,13,-18,0,0,0,1,181125021
1770789662.08030605,181125021,1,243,13,-525,5,13,-18,0,0,0,1,181125021
1770789662.08030605,181125021,2,243,13,-525,5,13,-18,0,0,0,1,181125021
1770789662.18026614,181224981,0,243,13,-526,5,13,-18,0,0,0,1,181224981
1770789662.18026614,181224981,1,243,13,-526,5,13,-18,0,0,0,1,181224981
1770789662.18026614,181224981,2,243,13,-526,5,13,-18,0,0,0,1,181224981
1770789662.28022599,181324941,0,243,13,-526,5,13,-18,0,0,0,1,181324941
1770789662.28022599,181324941,1,243,13,-526,5,13,-18,0,0,0,1,181324941
1770789662.28022599,181324941,2,243,13,-526,5,13,-18,0,0,0,1,181324941
1770789662.38018608,181424901,0,243,13,-526,5,13,-18,0,0,0,1,181424901
1770789662.38018608,181424901,1,243,13,-526,5,13,-18,0,0,0,1,181424901
1770789662.38018608,181424901,2,243,13,-526,5,13,-18,0,0,0,1,181424901
1770789662.48014617,181524861,0,242,13,-526,5,13,-18,0,0,0,1,181524861
1770789662.48014617,181524861,1,242,13,-526,5,13,-18,0,0,0,1,181524861
1770789662.48014617,181524861,2,242,13,-526,5,13,-18,0,0,0,1,181524861
1770789662.58010602,181624821,0,242,13,-526,5,13,-18,0,0,0,1,181624821
1770789662.58010602,181624821,1,242,13,-526,5,13,-18,0,0,0,1,181624821
1770789662.58010602,181624821,2,242,13,-526,5,13,-18,0,0,0,1,181624821
1770789662.68006611,181724781,0,242,13,-526,5,13,-18,0,0,0,1,181724781
1770789662.68006611,181724781,1,242,13,-526,5,13,-18,0,0,0,1,181724781
1770789662.68006611,181724781,2,242,13,-526,5,13,-18,0,0,0,1,181724781
1770789662.78002596,181824741,0,242,13,-526,5,13,-18,0,0,0,1,181824741
1770789662.78002596,181824741,1,242,13,-526,5,13,-18,0,0,0,1,181824741
1770789662.78002596,181824741,2,242,13,-526,5,13,-18,0,0,0,1,181824741
1770789662.87998605,181924701,0,242,13,-526,5,13,-18,0,0,0,1,181924701
1770789662.87998605,181924701,1,242,13,-526,5,13,-18,0,0,0,1,181924701
1770789662.87998605,181924701,2,242,13,-526,5,13,-18,0,0,0,1,181924701
1770789662.97994614,182024661,0,242,13,-526,5,13,-18,0,0,0,1,182024661
1770789662.97994614,182024661,1,242,13,-526,5,13,-18,0,0,0,1,182024661
1770789662.97994614,182024661,2,242,13,-526,5,13,-18,0,0,0,1,182024661
1770789663.07990599,182124621,0,242,13,-526,5,13,-18,0,0,0,1,182124621
1770789663.07990599,182124621,1,242,13,-526,5,13,-18,0,0,0,1,182124621
1770789663.07990599,182124621,2,242,13,-526,5,13,-18,0,0,0,1,182124621
1770789663.17986608,182224581,0,242,13,-526,5,13,-18,0,0,0,1,182224581
1770789663.17986608,182224581,1,242,13,-526,5,13,-18,0,0,0,1,182224581
1770789663.17986608,182224581,2,242,13,-526,5,13,-18,0,0,0,1,182224581
1770789663.27982616,182324541,0,242,13,-526,5,13,-18,0,0,0,1,182324541
1770789663.27982616,182324541,1,242,13,-526,5,13,-18,0,0,0,1,182324541
1770789663.27982616,182324541,2,242,13,-526,5,13,-18,0,0,0,1,182324541
1770789663.37978601,182424501,0,242,13,-526,5,13,-18,0,0,0,1,182424501
1770789663.37978601,182424501,1,242,13,-526,5,13,-18,0,0,0,1,182424501
1770789663.37978601,182424501,2,242,13,-526,5,13,-18,0,0,0,1,182424501
1770789663.47974610,182524461,0,242,13,-526,5,13,-18,0,0,0,1,182524461
1770789663.47974610,182524461,1,242,13,-526,5,13,-18,0,0,0,1,182524461
1770789663.47974610,182524461,2,242,13,-526,5,13,-18,0,0,0,1,182524461
1770789663.57970595,182624421,0,242,13,-526,5,13,-18,0,0,0,1,182624421
1770789663.57970595,182624421,1,242,13,-526,5,13,-18,0,0,0,1,182624421
1770789663.57970595,182624421,2,242,13,-526,5,13,-18,0,0,0,1,182624421
1770789663.67966604,182724381,0,242,13,-526,5,13,-18,0,0,0,1,182724381
1770789663.67966604,182724381,1,242,13,-526,5,13,-18,0,0,0,1,182724381
1770789663.67966604,182724381,2,242,13,-526,5,13,-18,0,0,0,1,182724381
1770789663.77962613,182824341,0,242,13,-526,5,13,-18,0,0,0,1,182824341
1770789663.77962613,182824341,1,242,13,-526,5,13,-18,0,0,0,1,182824341
1770789663.77962613,182824341,2,242,13,-526,5,13,-18,0,0,0,1,182824341
1770789663.88041902,182925134,0,243,13,-526,5,13,-18,0,0,0,1,182925134
1770789663.88041902,182925134,1,243,13,-526,5,13,-18,0,0,0,1,182925134
1770789663.88041902,182925134,2,243,13,-526,5,13,-18,0,0,0,1,182925134
1770789663.98037910,183025094,0,243,13,-526,5,13,-18,0,0,0,1,183025094
1770789663.98037910,183025094,1,243,13,-526,5,13,-18,0,0,0,1,183025094
1770789663.98037910,183025094,2,243,13,-526,5,13,-18,0,0,0,1,183025094
1770789664.08033895,183125054,0,243,13,-526,5,13,-18,0,0,0,1,183125054
1770789664.08033895,183125054,1,243,13,-526,5,13,-18,0,0,0,1,183125054
1770789664.08033895,183125054,2,243,13,-526,5,13,-18,0,0,0,1,183125054
1770789664.18029904,183225014,0,243,13,-526,5,13,-18,0,0,0,1,183225014
1770789664.18029904,183225014,1,243,13,-526,5,13,-18,0,0,0,1,183225014
1770789664.18029904,183225014,2,243,13,-526,5,13,-18,0,0,0,1,183225014
1770789664.28025913,183324974,0,243,13,-525,5,13,-18,0,0,0,1,183324974
1770789664.28025913,183324974,1,243,13,-525,5,13,-18,0,0,0,1,183324974
1770789664.28025913,183324974,2,243,13,-525,5,13,-18,0,0,0,1,183324974
1770789664.38021898,183424934,0,244,13,-525,5,13,-18,0,0,0,1,183424934
1770789664.38021898,183424934,1,244,13,-525,5,13,-18,0,0,0,1,183424934
1770789664.38021898,183424934,2,244,13,-525,5,13,-18,0,0,0,1,183424934
1770789664.48017907,183524894,0,244,13,-525,5,13,-18,0,0,0,1,183524894
1770789664.48017907,183524894,1,244,13,-525,5,13,-18,0,0,0,1,183524894
1770789664.48017907,183524894,2,244,13,-525,5,13,-18,0,0,0,1,183524894
1770789664.58013916,183624854,0,244,13,-525,5,13,-18,0,0,0,1,183624854
1770789664.58013916,183624854,1,244,13,-525,5,13,-18,0,0,0,1,183624854
1770789664.58013916,183624854,2,244,13,-525,5,13,-18,0,0,0,1,183624854
1770789664.68009901,183724814,0,244,13,-525,5,13,-18,0,0,0,1,183724814
1770789664.68009901,183724814,1,244,13,-525,5,13,-18,0,0,0,1,183724814
1770789664.68009901,183724814,2,244,13,-525,5,13,-18,0,0,0,1,183724814
1770789664.78005910,183824774,0,245,13,-525,5,13,-18,0,0,0,1,183824774
1770789664.78005910,183824774,1,245,13,-525,5,13,-18,0,0,0,1,183824774
1770789664.78005910,183824774,2,245,13,-525,5,13,-18,0,0,0,1,183824774
1770789664.88001919,183924734,0,245,13,-525,5,13,-18,0,0,0,1,183924734
1770789664.88001919,183924734,1,245,13,-525,5,13,-18,0,0,0,1,183924734
1770789664.88001919,183924734,2,245,13,-525,5,13,-18,0,0,0,1,183924734
1770789664.97997904,184024694,0,246,13,-524,5,13,-18,0,0,0,1,184024694
1770789664.97997904,184024694,1,246,13,-524,5,13,-18,0,0,0,1,184024694
1770789664.97997904,184024694,2,246,13,-524,5,13,-18,0,0,0,1,184024694
1770789665.07993913,184124654,0,246,13,-524,5,13,-18,0,0,0,1,184124654
1770789665.07993913,184124654,1,246,13,-524,5,13,-18,0,0,0,1,184124654
1770789665.07993913,184124654,2,246,13,-524,5,13,-18,0,0,0,1,184124654
1770789665.17989898,184224614,0,247,13,-524,5,13,-18,0,0,0,1,184224614
1770789665.17989898,184224614,1,247,13,-524,5,13,-18,0,0,0,1,184224614
1770789665.17989898,184224614,2,247,13,-524,5,13,-18,0,0,0,1,184224614
1770789665.27985907,184324574,0,247,13,-524,5,13,-18,0,0,0,1,184324574
1770789665.27985907,184324574,1,247,13,-524,5,13,-18,0,0,0,1,184324574
1770789665.27985907,184324574,2,247,13,-524,5,13,-18,0,0,0,1,184324574
1770789665.37981915,184424534,0,247,13,-524,5,13,-18,0,0,0,1,184424534
1770789665.37981915,184424534,1,247,13,-524,5,13,-18,0,0,0,1,184424534
1770789665.37981915,184424534,2,247,13,-524,5,13,-18,0,0,0,1,184424534
1770789665.47977901,184524494,0,247,13,-524,5,13,-18,0,0,0,1,184524494
1770789665.47977901,184524494,1,247,13,-524,5,13,-18,0,0,0,1,184524494
1770789665.47977901,184524494,2,247,13,-524,5,13,-18,0,0,0,1,184524494
1770789665.57973909,184624454,0,247,13,-524,5,13,-18,0,0,0,1,184624454
1770789665.57973909,184624454,1,247,13,-524,5,13,-18,0,0,0,1,184624454
1770789665.57973909,184624454,2,247,13,-524,5,13,-18,0,0,0,1,184624454
1770789665.67969918,184724414,0,246,13,-524,5,13,-18,0,0,0,1,184724414
1770789665.67969918,184724414,1,246,13,-524,5,13,-18,0,0,0,1,184724414
1770789665.67969918,184724414,2,246,13,-524,5,13,-18,0,0,0,1,184724414
1770789665.77965903,184824374,0,244,13,-525,5,13,-18,0,0,0,1,184824374
1770789665.77965903,184824374,1,244,13,-525,5,13,-18,0,0,0,1,184824374
1770789665.77965903,184824374,2,244,13,-525,5,13,-18,0,0,0,1,184824374
1770789665.87961912,184924334,0,241,13,-526,5,13,-18,0,0,0,1,184924334
1770789665.87961912,184924334,1,241,13,-526,5,13,-18,0,0,0,1,184924334
1770789665.87961912,184924334,2,241,13,-526,5,13,-18,0,0,0,1,184924334
1770789665.98041201,185025127,0,238,13,-528,5,13,-18,0,0,0,1,185025127
1770789665.98041201,185025127,1,238,13,-528,5,13,-18,0,0,0,1,185025127
1770789665.98041201,185025127,2,238,13,-528,5,13,-18,0,0,0,1,185025127
1770789666.08037210,185125087,0,235,13,-529,5,13,-18,0,0,0,1,185125087
1770789666.08037210,185125087,1,235,13,-529,5,13,-18,0,0,0,1,185125087
1770789666.08037210,185125087,2,235,13,-529,5,13,-18,0,0,0,1,185125087
1770789666.18033218,185225047,0,231,13,-531,5,13,-18,0,0,0,1,185225047
1770789666.18033218,185225047,1,231,13,-531,5,13,-18,0,0,0,1,185225047
1770789666.18033218,185225047,2,231,13,-531,5,13,-18,0,0,0,1,185225047
1770789666.28029203,185325007,0,228,13,-532,5,13,-18,0,0,0,1,185325007
1770789666.28029203,185325007,1,228,13,-532,5,13,-18,0,0,0,1,185325007
1770789666.28029203,185325007,2,228,13,-532,5,13,-18,0,0,0,1,185325007
1770789666.38025212,185424967,0,224,13,-534,5,13,-18,0,0,0,1,185424967
1770789666.38025212,185424967,1,224,13,-534,5,13,-18,0,0,0,1,185424967
1770789666.38025212,185424967,2,224,13,-534,5,13,-18,0,0,0,1,185424967
1770789666.48021197,185524927,0,220,13,-536,5,13,-18,0,0,0,1,185524927
1770789666.48021197,185524927,1,220,13,-536,5,13,-18,0,0,0,1,185524927
1770789666.48021197,185524927,2,220,13,-536,5,13,-18,0,0,0,1,185524927
1770789666.58017206,185624887,0,216,13,-537,5,13,-18,0,0,0,1,185624887
1770789666.58017206,185624887,1,216,13,-537,5,13,-18,0,0,0,1,185624887
1770789666.58017206,185624887,2,216,13,-537,5,13,-18,0,0,0,1,185624887
1770789666.68013215,185724847,0,212,13,-539,5,13,-18,0,0,0,1,185724847
1770789666.68013215,185724847,1,212,13,-539,5,13,-18,0,0,0,1,185724847
1770789666.68013215,185724847,2,212,13,-539,5,13,-18,0,0,0,1,185724847
1770789666.78009200,185824807,0,208,13,-541,5,13,-18,0,0,0,1,185824807
1770789666.78009200,185824807,1,208,13,-541,5,13,-18,0,0,0,1,185824807
1770789666.78009200,185824807,2,208,13,-541,5,13,-18,0,0,0,1,185824807
1770789666.88005209,185924767,0,204,13,-542,5,13,-18,0,0,0,1,185924767
1770789666.88005209,185924767,1,204,13,-542,5,13,-18,0,0,0,1,185924767
1770789666.88005209,185924767,2,204,13,-542,5,13,-18,0,0,0,1,185924767
1770789666.98001218,186024727,0,200,13,-543,5,13,-18,0,0,0,1,186024727
1770789666.98001218,186024727,1,200,13,-543,5,13,-18,0,0,0,1,186024727
1770789666.98001218,186024727,2,200,13,-543,5,13,-18,0,0,0,1,186024727
1770789667.07997203,186124687,0,197,13,-545,5,13,-18,0,0,0,1,186124687
1770789667.07997203,186124687,1,197,13,-545,5,13,-18,0,0,0,1,186124687
1770789667.07997203,186124687,2,197,13,-545,5,13,-18,0,0,0,1,186124687
1770789667.17993212,186224647,0,194,13,-546,5,13,-18,0,0,0,1,186224647
1770789667.17993212,186224647,1,194,13,-546,5,13,-18,0,0,0,1,186224647
1770789667.17993212,186224647,2,194,13,-546,5,13,-18,0,0,0,1,186224647
1770789667.27989197,186324607,0,192,13,-547,5,13,-18,0,0,0,1,186324607
1770789667.27989197,186324607,1,192,13,-547,5,13,-18,0,0,0,1,186324607
1770789667.27989197,186324607,2,192,13,-547,5,13,-18,0,0,0,1,186324607
1770789667.37985206,186424567,0,189,13,-547,5,13,-18,0,0,0,1,186424567
1770789667.37985206,186424567,1,189,13,-547,5,13,-18,0,0,0,1,186424567
1770789667.37985206,186424567,2,189,13,-547,5,13,-18,0,0,0,1,186424567
1770789667.47981215,186524527,0,187,13,-548,5,13,-18,0,0,0,1,186524527
1770789667.47981215,186524527,1,187,13,-548,5,13,-18,0,0,0,1,186524527
1770789667.47981215,186524527,2,187,13,-548,5,13,-18,0,0,0,1,186524527
1770789667.57977200,186624487,0,184,12,-549,5,13,-18,0,0,0,1,186624487
1770789667.57977200,186624487,1,184,12,-549,5,13,-18,0,0,0,1,186624487
1770789667.57977200,186624487,2,184,12,-549,5,13,-18,0,0,0,1,186624487
1770789667.67973208,186724447,0,181,13,-550,5,13,-18,0,0,0,1,186724447
1770789667.67973208,186724447,1,181,13,-550,5,13,-18,0,0,0,1,186724447
1770789667.67973208,186724447,2,181,13,-550,5,13,-18,0,0,0,1,186724447
1770789667.77969217,186824407,0,178,19,-551,5,13,-18,0,0,0,1,186824407
1770789667.77969217,186824407,1,178,19,-551,5,13,-18,0,0,0,1,186824407
1770789667.77969217,186824407,2,178,19,-551,5,13,-18,0,0,0,1,186824407
1770789667.87965202,186924367,0,176,32,-551,5,13,-18,0,0,0,1,186924367
1770789667.87965202,186924367,1,176,32,-551,5,13,-18,0,0,0,1,186924367
1770789667.87965202,186924367,2,176,32,-551,5,13,-18,0,0,0,1,186924367
1770789667.97961211,187024327,0,174,54,-550,5,13,-18,0,0,0,1,187024327
1770789667.97961211,187024327,1,174,54,-550,5,13,-18,0,0,0,1,187024327
1770789667.97961211,187024327,2,174,54,-550,5,13,-18,0,0,0,1,187024327
1770789668.08040500,187125120,0,174,83,-546,5,13,-18,0,0,0,1,187125120
1770789668.08040500,187125120,1,174,83,-546,5,13,-18,0,0,0,1,187125120
1770789668.08040500,187125120,2,174,83,-546,5,13,-18,0,0,0,1,187125120
1770789668.18036509,187225080,0,176,116,-540,5,13,-18,0,0,0,1,187225080
1770789668.18036509,187225080,1,176,116,-540,5,13,-18,0,0,0,1,187225080
1770789668.18036509,187225080,2,176,116,-540,5,13,-18,0,0,0,1,187225080
1770789668.28032517,187325040,0,180,148,-530,5,13,-18,0,0,0,1,187325040
1770789668.28032517,187325040,1,180,148,-530,5,13,-18,0,0,0,1,187325040
1770789668.28032517,187325040,2,180,148,-530,5,13,-18,0,0,0,1,187325040
1770789668.38028502,187425000,0,188,176,-519,5,13,-18,0,0,0,1,187425000
1770789668.38028502,187425000,1,188,176,-519,5,13,-18,0,0,0,1,187425000
1770789668.38028502,187425000,2,188,176,-519,5,13,-18,0,0,0,1,187425000
1770789668.48024511,187524960,0,197,196,-508,5,13,-18,0,0,0,1,187524960
1770789668.48024511,187524960,1,197,196,-508,5,13,-18,0,0,0,1,187524960
1770789668.48024511,187524960,2,197,196,-508,5,13,-18,0,0,0,1,187524960
1770789668.58020496,187624920,0,205,207,-501,5,13,-18,0,0,0,1,187624920
1770789668.58020496,187624920,1,205,207,-501,5,13,-18,0,0,0,1,187624920
1770789668.58020496,187624920,2,205,207,-501,5,13,-18,0,0,0,1,187624920
1770789668.68016505,187724880,0,208,210,-498,5,13,-18,0,0,0,1,187724880
1770789668.68016505,187724880,1,208,210,-498,5,13,-18,0,0,0,1,187724880
1770789668.68016505,187724880,2,208,210,-498,5,13,-18,0,0,0,1,187724880
1770789668.78012514,187824840,0,205,208,-500,5,13,-18,0,0,0,1,187824840
1770789668.78012514,187824840,1,205,208,-500,5,13,-18,0,0,0,1,187824840
1770789668.78012514,187824840,2,205,208,-500,5,13,-18,0,0,0,1,187824840
1770789668.88008499,187924800,0,196,203,-506,5,13,-18,0,0,0,1,187924800
1770789668.88008499,187924800,1,196,203,-506,5,13,-18,0,0,0,1,187924800
1770789668.88008499,187924800,2,196,203,-506,5,13,-18,0,0,0,1,187924800
1770789668.98004508,188024760,0,182,197,-513,5,13,-18,0,0,0,1,188024760
1770789668.98004508,188024760,1,182,197,-513,5,13,-18,0,0,0,1,188024760
1770789668.98004508,188024760,2,182,197,-513,5,13,-18,0,0,0,1,188024760
1770789669.08000517,188124720,0,166,193,-520,5,13,-18,0,0,0,1,188124720
1770789669.08000517,188124720,1,166,193,-520,5,13,-18,0,0,0,1,188124720
1770789669.08000517,188124720,2,166,193,-520,5,13,-18,0,0,0,1,188124720
1770789669.17996502,188224680,0,150,192,-525,5,13,-18,0,0,0,1,188224680
1770789669.17996502,188224680,1,150,192,-525,5,13,-18,0,0,0,1,188224680
1770789669.17996502,188224680,2,150,192,-525,5,13,-18,0,0,0,1,188224680
1770789669.27992511,188324640,0,138,193,-528,5,13,-18,0,0,0,1,188324640
1770789669.27992511,188324640,1,138,193,-528,5,13,-18,0,0,0,1,188324640
1770789669.27992511,188324640,2,138,193,-528,5,13,-18,0,0,0,1,188324640
1770789669.37988496,188424600,0,131,196,-529,5,13,-18,0,0,0,1,188424600
1770789669.37988496,188424600,1,131,196,-529,5,13,-18,0,0,0,1,188424600
1770789669.37988496,188424600,2,131,196,-529,5,13,-18,0,0,0,1,188424600
1770789669.47984505,188524560,0,130,200,-527,5,13,-18,0,0,0,1,188524560
1770789669.47984505,188524560,1,130,200,-527,5,13,-18,0,0,0,1,188524560
1770789669.47984505,188524560,2,130,200,-527,5,13,-18,0,0,0,1,188524560
1770789669.57980514,188624520,0,134,205,-525,5,13,-18,0,0,0,1,188624520
1770789669.57980514,188624520,1,134,205,-525,5,13,-18,0,0,0,1,188624520
1770789669.57980514,188624520,2,134,205,-525,5,13,-18,0,0,0,1,188624520
1770789669.67976499,188724480,0,141,209,-522,5,13,-18,0,0,0,1,188724480
1770789669.67976499,188724480,1,141,209,-522,5,13,-18,0,0,0,1,188724480
1770789669.67976499,188724480,2,141,209,-522,5,13,-18,0,0,0,1,188724480
1770789669.77972507,188824440,0,149,211,-518,5,13,-18,0,0,0,1,188824440
1770789669.77972507,188824440,1,149,211,-518,5,13,-18,0,0,0,1,188824440
1770789669.77972507,188824440,2,149,211,-518,5,13,-18,0,0,0,1,188824440
1770789669.87968516,188924400,0,155,212,-516,5,13,-18,0,0,0,1,188924400
1770789669.87968516,188924400,1,155,212,-516,5,13,-18,0,0,0,1,188924400
1770789669.87968516,188924400,2,155,212,-516,5,13,-18,0,0,0,1,188924400
1770789669.97964501,189024360,0,159,212,-515,5,13,-18,0,0,0,1,189024360
1770789669.97964501,189024360,1,159,212,-515,5,13,-18,0,0,0,1,189024360
1770789669.97964501,189024360,2,159,212,-515,5,13,-18,0,0,0,1,189024360
1770789670.07960510,189124320,0,159,212,-515,5,13,-18,0,0,0,1,189124320
1770789670.07960510,189124320,1,159,212,-515,5,13,-18,0,0,0,1,189124320
1770789670.07960510,189124320,2,159,212,-515,5,13,-18,0,0,0,1,189124320
1770789670.18039799,189225113,0,155,210,-517,5,13,-18,0,0,0,1,189225113
1770789670.18039799,189225113,1,155,210,-517,5,13,-18,0,0,0,1,189225113
1770789670.18039799,189225113,2,155,210,-517,5,13,-18,0,0,0,1,189225113
1770789670.28035808,189325073,0,148,209,-519,5,13,-18,0,0,0,1,189325073
1770789670.28035808,189325073,1,148,209,-519,5,13,-18,0,0,0,1,189325073
1770789670.28035808,189325073,2,148,209,-519,5,13,-18,0,0,0,1,189325073
1770789670.38031816,189425033,0,140,209,-522,5,13,-18,0,0,0,1,189425033
1770789670.38031816,189425033,1,140,209,-522,5,13,-18,0,0,0,1,189425033
1770789670.38031816,189425033,2,140,209,-522,5,13,-18,0,0,0,1,189425033
1770789670.48027802,189524993,0,131,208,-524,5,13,-18,0,0,0,1,189524993
1770789670.48027802,189524993,1,131,208,-524,5,13,-18,0,0,0,1,189524993
1770789670.48027802,189524993,2,131,208,-524,5,13,-18,0,0,0,1,189524993
1770789670.58023810,189624953,0,124,208,-526,5,13,-18,0,0,0,1,189624953
1770789670.58023810,189624953,1,124,208,-526,5,13,-18,0,0,0,1,189624953
1770789670.58023810,189624953,2,124,208,-526,5,13,-18,0,0,0,1,189624953
1770789670.68019795,189724913,0,119,209,-527,5,13,-18,0,0,0,1,189724913
1770789670.68019795,189724913,1,119,209,-527,5,13,-18,0,0,0,1,189724913
1770789670.68019795,189724913,2,119,209,-527,5,13,-18,0,0,0,1,189724913
1770789670.78015804,189824873,0,117,210,-527,5,13,-18,0,0,0,1,189824873
1770789670.78015804,189824873,1,117,210,-527,5,13,-18,0,0,0,1,189824873
1770789670.78015804,189824873,2,117,210,-527,5,13,-18,0,0,0,1,189824873
1770789670.88011813,189924833,0,119,211,-526,5,13,-18,0,0,0,1,189924833
1770789670.88011813,189924833,1,119,211,-526,5,13,-18,0,0,0,1,189924833
1770789670.88011813,189924833,2,119,211,-526,5,13,-18,0,0,0,1,189924833
1770789670.98007798,190024793,0,123,212,-525,5,13,-18,0,0,0,1,190024793
1770789670.98007798,190024793,1,123,212,-525,5,13,-18,0,0,0,1,190024793
1770789670.98007798,190024793,2,123,212,-525,5,13,-18,0,0,0,1,190024793
1770789671.08003807,190124753,0,128,212,-523,5,13,-18,0,0,0,1,190124753
1770789671.08003807,190124753,1,128,212,-523,5,13,-18,0,0,0,1,190124753
1770789671.08003807,190124753,2,128,212,-523,5,13,-18,0,0,0,1,190124753
1770789671.17999816,190224713,0,132,213,-522,5,13,-18,0,0,0,1,190224713
1770789671.17999816,190224713,1,132,213,-522,5,13,-18,0,0,0,1,190224713
1770789671.17999816,190224713,2,132,213,-522,5,13,-18,0,0,0,1,190224713
1770789671.27995801,190324673,0,135,213,-521,5,13,-18,0,0,0,1,190324673
1770789671.27995801,190324673,1,135,213,-521,5,13,-18,0,0,0,1,190324673
1770789671.27995801,190324673,2,135,213,-521,5,13,-18,0,0,0,1,190324673
1770789671.37991810,190424633,0,136,213,-521,5,13,-18,0,0,0,1,190424633
1770789671.37991810,190424633,1,136,213,-521,5,13,-18,0,0,0,1,190424633
1770789671.37991810,190424633,2,136,213,-521,5,13,-18,0,0,0,1,190424633
1770789671.47987819,190524593,0,135,213,-522,5,13,-18,0,0,0,1,190524593
1770789671.47987819,190524593,1,135,213,-522,5,13,-18,0,0,0,1,190524593
1770789671.47987819,190524593,2,135,213,-522,5,13,-18,0,0,0,1,190524593
1770789671.57983804,190624553,0,132,213,-522,5,13,-18,0,0,0,1,190624553
1770789671.57983804,190624553,1,132,213,-522,5,13,-18,0,0,0,1,190624553
1770789671.57983804,190624553,2,132,213,-522,5,13,-18,0,0,0,1,190624553
1770789671.67979813,190724513,0,128,213,-523,5,13,-18,0,0,0,1,190724513
1770789671.67979813,190724513,1,128,213,-523,5,13,-18,0,0,0,1,190724513
1770789671.67979813,190724513,2,128,213,-523,5,13,-18,0,0,0,1,190724513
1770789671.77975798,190824473,0,125,213,-524,5,13,-18,0,0,0,1,190824473
1770789671.77975798,190824473,1,125,213,-524,5,13,-18,0,0,0,1,190824473
1770789671.77975798,190824473,2,125,213,-524,5,13,-18,0,0,0,1,190824473
1770789671.87971807,190924433,0,121,213,-525,5,13,-18,0,0,0,1,190924433
1770789671.87971807,190924433,1,121,213,-525,5,13,-18,0,0,0,1,190924433
1770789671.87971807,190924433,2,121,213,-525,5,13,-18,0,0,0,1,190924433
1770789671.97967815,191024393,0,118,212,-526,5,13,-18,0,0,0,1,191024393
1770789671.97967815,191024393,1,118,212,-526,5,13,-18,0,0,0,1,191024393
1770789671.97967815,191024393,2,118,212,-526,5,13,-18,0,0,0,1,191024393
1770789672.07963800,191124353,0,115,212,-526,5,13,-18,0,0,0,1,191124353
1770789672.07963800,191124353,1,115,212,-526,5,13,-18,0,0,0,1,191124353
1770789672.07963800,191124353,2,115,212,-526,5,13,-18,0,0,0,1,191124353
1770789672.17959809,191224313,0,112,212,-527,5,13,-18,0,0,0,1,191224313
1770789672.17959809,191224313,1,112,212,-527,5,13,-18,0,0,0,1,191224313
1770789672.17959809,191224313,2,112,212,-527,5,13,-18,0,0,0,1,191224313
1770789672.28039098,191325106,0,110,212,-527,5,13,-18,0,0,0,1,191325106
1770789672.28039098,191325106,1,110,212,-527,5,13,-18,0,0,0,1,191325106
1770789672.28039098,191325106,2,110,212,-527,5,13,-18,0,0,0,1,191325106
1770789672.38035107,191425066,0,107,212,-528,5,13,-18,0,0,0,1,191425066
1770789672.38035107,191425066,1,107,212,-528,5,13,-18,0,0,0,1,191425066
1770789672.38035107,191425066,2,107,212,-528,5,13,-18,0,0,0,1,191425066
1770789672.48031116,191525026,0,103,212,-529,5,13,-18,0,0,0,1,191525026
1770789672.48031116,191525026,1,103,212,-529,5,13,-18,0,0,0,1,191525026
1770789672.48031116,191525026,2,103,212,-529,5,13,-18,0,0,0,1,191525026
1770789672.58027101,191624986,0,100,212,-529,5,13,-18,0,0,0,1,191624986
1770789672.58027101,191624986,1,100,212,-529,5,13,-18,0,0,0,1,191624986
1770789672.58027101,191624986,2,100,212,-529,5,13,-18,0,0,0,1,191624986
1770789672.68023109,191724946,0,96,212,-530,5,13,-18,0,0,0,1,191724946
1770789672.68023109,191724946,1,96,212,-530,5,13,-18,0,0,0,1,191724946
1770789672.68023109,191724946,2,96,212,-530,5,13,-18,0,0,0,1,191724946
1770789672.78019118,191824906,0,91,212,-531,5,13,-18,0,0,0,1,191824906
1770789672.78019118,191824906,1,91,212,-531,5,13,-18,0,0,0,1,191824906
1770789672.78019118,191824906,2,91,212,-531,5,13,-18,0,0,0,1,191824906
1770789672.88015103,191924866,0,87,213,-532,5,13,-18,0,0,0,1,191924866
1770789672.88015103,191924866,1,87,213,-532,5,13,-18,0,0,0,1,191924866
1770789672.88015103,191924866,2,87,213,-532,5,13,-18,0,0,0,1,191924866
1770789672.98011112,192024826,0,83,213,-532,5,13,-18,0,0,0,1,192024826
1770789672.98011112,192024826,1,83,213,-532,5,13,-18,0,0,0,1,192024826
1770789672.98011112,192024826,2,83,213,-532,5,13,-18,0,0,0,1,192024826
1770789673.08007097,192124786,0,78,213,-533,5,13,-18,0,0,0,1,192124786
1770789673.08007097,192124786,1,78,213,-533,5,13,-18,0,0,0,1,192124786
1770789673.08007097,192124786,2,78,213,-533,5,13,-18,0,0,0,1,192124786
1770789673.18003106,192224746,0,74,213,-534,5,13,-18,0,0,0,1,192224746
1770789673.18003106,192224746,1,74,213,-534,5,13,-18,0,0,0,1,192224746
1770789673.18003106,192224746,2,74,213,-534,5,13,-18,0,0,0,1,192224746
1770789673.27999115,192324706,0,70,213,-534,5,13,-18,0,0,0,1,192324706
1770789673.27999115,192324706,1,70,213,-534,5,13,-18,0,0,0,1,192324706
1770789673.27999115,192324706,2,70,213,-534,5,13,-18,0,0,0,1,192324706
1770789673.37995100,192424666,0,66,213,-535,5,13,-18,0,0,0,1,192424666
1770789673.37995100,192424666,1,66,213,-535,5,13,-18,0,0,0,1,192424666
1770789673.37995100,192424666,2,66,213,-535,5,13,-18,0,0,0,1,192424666
